{
    "id": 0,
    "name": "Stanley Works",
    "record": [
        [
            17.694739600425702,
            17.602729163186993,
            17.40455057127994,
            17.14381625726712,
            17.102370248772143,
            16.905158010996388,
            16.81947669426654,
            17.036255088873787,
            17.028884278658573,
            17.00897039586602,
            17.112413050048275,
            17.39867193980082,
            17.62973837214938,
            17.328538805497075,
            17.49202101946044,
            17.917350587659133,
            17.608515676198785,
            17.914800134712323,
            18.03571855299046,
            17.835626791254583,
            17.769969058010798,
            17.456274228197252,
            17.78046988391012,
            17.4787067303327,
            17.820244139709658,
            17.813690479812582,
            17.79431730792064,
            18.125484335357793,
            17.998969407362285,
            17.879737474706225,
            17.735650846194307,
            18.009458424615573,
            17.792142351891947,
            17.95711235959911,
            18.282568030891834,
            18.398393172676624,
            18.73338144935185,
            18.99621714390093,
            18.986935260844483,
            19.315776263161798,
            19.34521364928128,
            19.550972210615335,
            19.702756523974976,
            19.81615142321983,
            20.06965727430897,
            19.8826895130269,
            20.260719883536318,
            20.346503521937002,
            20.364053566974903,
            20.208968776865817,
            20.675972655234578,
            20.807285487067848,
            20.666369926656813,
            20.695613697937347,
            20.83611058223139,
            20.996182643284346,
            21.40391397314527,
            21.25796125392794,
            20.787800613460714,
            20.766176976549453,
            21.276033644559103,
            21.6858508009723,
            21.63421227027067,
            21.90863400960551,
            21.40989621998041,
            21.25409962995747,
            20.765896647467343,
            20.675829835459695,
            20.439596506071773,
            20.488900165808566,
            20.281463916623153,
            20.323997705632692,
            20.54951652602803,
            20.931832857317573,
            20.554000190562945,
            20.200762332464635,
            20.040286982679692,
            20.321668787160412,
            20.06226048784949,
            19.706275297770517,
            19.555331680867265,
            19.56603046853021,
            19.359985284647554,
            19.31909389062987,
            19.028342042043707,
            19.0867907549836,
            19.110514433012057,
            19.305914454637286,
            19.00338276734419,
            19.27316858275525,
            19.337458719903342,
            19.044559928121785,
            19.343521930518417,
            19.37833728512396,
            19.559633756611714,
            20.01698462675909,
            19.827930473554108,
            19.597136304955395,
            19.6304708622097,
            19.410645394351352
        ],
        [
            17.502959463089294,
            17.26625410943583,
            17.076966876400096,
            16.85641151923506,
            16.7988865996432,
            16.575412577824512,
            16.50948520572414,
            16.82963435291591,
            16.822352938065073,
            16.79594063265351,
            16.813782746117955,
            17.064397616457747,
            17.41941476272418,
            17.082384995616863,
            17.24354492665341,
            17.599405012866317,
            17.42117003985812,
            17.720634924724898,
            17.710372662050872,
            17.617543628999506,
            17.524562226770648,
            17.263610310332574,
            17.42497577339789,
            17.177112082564538,
            17.516252530469217,
            17.483632340487777,
            17.442018077980922,
            17.79319610736006,
            17.741515951337,
            17.578240313069305,
            17.37932319573817,
            17.711078678685162,
            17.441622358455373,
            17.671954187811874,
            17.956350470803137,
            18.182548391257704,
            18.382618530650472,
            18.653544842101258,
            18.691027491566572,
            18.942782583979213,
            19.038012488727556,
            19.25782526270558,
            19.360853731674233,
            19.429625285422198,
            19.816306579105767,
            19.657322721720362,
            19.909134728749727,
            19.9834589691123,
            19.98474952792536,
            19.854319118803243,
            20.26662122473876,
            20.552866695394712,
            20.401395262725735,
            20.35272987481115,
            20.58546923140732,
            20.735294177742745,
            21.114665550445032,
            20.839161747278904,
            20.508932821073785,
            20.53904462241234,
            20.96750805467189,
            21.41639285066059,
            21.271529013709785,
            21.477015708820353,
            21.065697375915658,
            20.881108843073722,
            20.485270269564115,
            20.327183552554388,
            20.153284873121383,
            20.230257129208166,
            19.98936120426897,
            20.08354666178373,
            20.306397393127046,
            20.66345455012028,
            20.274206264514238,
            19.947756799722747,
            19.663094177306615,
            20.012962234182567,
            19.702322586953223,
            19.329591092805337,
            19.258266557979663,
            19.216911968914616,
            19.155929542695294,
            18.985743408409515,
            18.644187554880645,
            18.76493965143545,
            18.78451238778987,
            18.982263570666085,
            18.653140781908448,
            18.944391856314198,
            19.07231463914154,
            18.71781456792885,
            18.958663723466213,
            19.13179515613752,
            19.35152921786993,
            19.644145147941604,
            19.518915954084687,
            19.253223769570898,
            19.25907250501501,
            19.087144621139377
        ]
    ],
    "angle": 89214.5,
    "fluctuation": 1215.74803,
    "buy_difference": 1.015526883
}