{
    "id": 1,
    "name": "Group 1 Automotive Inc.",
    "record": [
        [
            1.3485245024593926,
            1.32861319670155,
            1.3023403699500689,
            1.3387483726973937,
            1.3824499967361443,
            1.3358871206280705,
            1.3199598760788582,
            1.3150496097680744,
            1.321219848994424,
            1.2808102017589524,
            1.2506824485958044,
            1.2543116355916624,
            1.2933135407616612,
            1.3082782847496495,
            1.330858983520667,
            1.3440166984423707,
            1.3741713037944874,
            1.35202798543051,
            1.372559637137847,
            1.366832931069915,
            1.3384664059900906,
            1.3129481942058183,
            1.2755183128066427,
            1.2625365372672173,
            1.2327020484551454,
            1.2030801214202458,
            1.2320624910230393,
            1.2661764182907136,
            1.2414759154040171,
            1.2163495283803332,
            1.223175010721136,
            1.2440089965291048,
            1.271503553593632,
            1.255941492033948,
            1.2812303960713776,
            1.279335686677571,
            1.263651170844918,
            1.290859908132994,
            1.270983519149142,
            1.2682951693638347,
            1.2687539118284923,
            1.2910227013611164,
            1.282523382558258,
            1.2936418449119482,
            1.3214288336255926,
            1.3077763521478887,
            1.289468965350077,
            1.3189185336674403,
            1.3322645821083878,
            1.3676566914548074,
            1.370243225360234,
            1.3629745219100706,
            1.361864063274713,
            1.3438520714477447,
            1.3221344672130841,
            1.3380799120396318,
            1.2947762790731314,
            1.2972725292226424,
            1.2907798318118842,
            1.2623441193502423,
            1.2757914826298156,
            1.2816335590110295,
            1.2519848569545995,
            1.2712679141774499,
            1.247964248401547,
            1.2210066884165085,
            1.2163669982321519,
            1.2073588679311829,
            1.1869812763161276,
            1.1957465756441101,
            1.2072419163432642,
            1.2096471620758042,
            1.2292280184509603,
            1.2135257043779297,
            1.2038927573436127,
            1.2137227066307006,
            1.179104906309106,
            1.1506817608941085,
            1.1580662763053975,
            1.1714502092021348,
            1.1545454843524918,
            1.1317959308996828,
            1.1549881228721701,
            1.138762714122507,
            1.0966347007681492,
            1.131806587692719,
            1.1245061363727076,
            1.155838166067896,
            1.1235836108208763,
            1.1419923893747503,
            1.1730050182674416,
            1.1799629280498019,
            1.1919750817709784,
            1.192906673392489,
            1.1601252988769146,
            1.1906106300608175,
            1.2243197509581834,
            1.1979089544436792,
            1.217257943057259,
            1.2111365164193375
        ],
        [
            1.326972481799659,
            1.3062002794800056,
            1.2724647757789893,
            1.3107789776978145,
            1.3511403805009927,
            1.3161211673808957,
            1.2980831797150967,
            1.295331811912584,
            1.2964631893332237,
            1.2593298907363775,
            1.2238201178310302,
            1.232905041752808,
            1.2666726225306555,
            1.2867241782353454,
            1.303704966576059,
            1.3228020776640392,
            1.3537029517270787,
            1.3256333324438305,
            1.3457641597393222,
            1.3459332947049114,
            1.317603760483998,
            1.288862174570992,
            1.2513676725524545,
            1.2403682092050032,
            1.212514628596352,
            1.1856363882956127,
            1.2066832809209758,
            1.2388577413935564,
            1.2199217080083913,
            1.1939161468746962,
            1.1958300324714186,
            1.2226557334094104,
            1.2464317832898453,
            1.2326545807761988,
            1.255715887450356,
            1.2552382921659995,
            1.238239335635413,
            1.2660389787017032,
            1.2435611255555858,
            1.2406833103745385,
            1.245478635799381,
            1.260653430177617,
            1.2569831253170294,
            1.2650997348828814,
            1.29952779111404,
            1.2777760569371956,
            1.2680976179805967,
            1.2895616448379614,
            1.3036500189864941,
            1.3406889536724946,
            1.338943292186761,
            1.3395792300166935,
            1.3355443364360913,
            1.32303823488748,
            1.297879925504805,
            1.3101244826519332,
            1.2762594281524822,
            1.2729645879528886,
            1.2719367519463576,
            1.2388145634014596,
            1.2574198012690616,
            1.2573671327977805,
            1.23024819583363,
            1.242476340797632,
            1.2242128950060729,
            1.1966914787762648,
            1.1935750428878025,
            1.1856844417933408,
            1.1592901888312683,
            1.1706479712532403,
            1.1860444823981988,
            1.1882885000269938,
            1.2051102605955466,
            1.1869878674282497,
            1.180508020028022,
            1.189196148253548,
            1.1566640893097764,
            1.1258549652097012,
            1.134891090548594,
            1.1469760404249973,
            1.1379197723581629,
            1.1128147199627125,
            1.1373277115481386,
            1.1120858071434665,
            1.080951511635992,
            1.1145006349456064,
            1.1056471816869096,
            1.129210861888983,
            1.1068477752958963,
            1.11735307319916,
            1.1454119267890253,
            1.1595928395187418,
            1.1721020823046069,
            1.1719609457222155,
            1.1402118892248538,
            1.1726409299354563,
            1.1986213983949112,
            1.1788823034928844,
            1.198164345912927,
            1.1884425684264537
        ]
    ],
    "angle": 89088.8,
    "fluctuation": 1731.506248,
    "buy_difference": 1.019299396
}