{
    "id": 10,
    "name": "Unitrin Inc",
    "record": [
        [
            2.6373287850714933,
            2.642255465665182,
            2.6350311822518258,
            2.6401580477047486,
            2.642260336050495,
            2.649044868064894,
            2.6320928978253155,
            2.6271502448833512,
            2.6203656665594077,
            2.616010425720292,
            2.6319750991115165,
            2.6359245175996597,
            2.6326738099900067,
            2.635385604293857,
            2.62009997006137,
            2.6161263255655287,
            2.628841009740486,
            2.6154372839742477,
            2.616242190065958,
            2.6337117346896712,
            2.6157592458915806,
            2.608755190350272,
            2.6061809406860164,
            2.6082242724885076,
            2.6086333970745454,
            2.625520486765382,
            2.6060563192215875,
            2.634429583117713,
            2.621301306812988,
            2.6195548835584437,
            2.60954787224192,
            2.6028036290883754,
            2.5914972846184097,
            2.589860120555897,
            2.6018677506712486,
            2.6074698962395924,
            2.601558363952867,
            2.608634013121613,
            2.6031405183141287,
            2.624817475649973,
            2.602241041547459,
            2.60544152997873,
            2.5933775014916556,
            2.6075197590048362,
            2.608372760139654,
            2.611205084993785,
            2.5932713044023057,
            2.6116098325681505,
            2.5971581741432397,
            2.5917373087283972,
            2.60718574475163,
            2.614342694131193,
            2.601244980462987,
            2.5871428930749825,
            2.598157018731488,
            2.5974803802966746,
            2.582143276735845,
            2.591703334789707,
            2.59993380564047,
            2.5838171058589277,
            2.594090762538995,
            2.5985057997037253,
            2.615603160332974,
            2.6073154554313844,
            2.6195027789457894,
            2.6214681113760245,
            2.614835365051404,
            2.621823156621111,
            2.621406175061803,
            2.6164893938054288,
            2.6293685995086262,
            2.6153461937068787,
            2.6154794704249804,
            2.6171455040994807,
            2.596975902793353,
            2.6091068656806407,
            2.6180630661017363,
            2.602288199704094,
            2.6044295276327207,
            2.599568854147233,
            2.605236913776071,
            2.5985075129922213,
            2.60049930376019,
            2.583072668949832,
            2.5774193409063266,
            2.589749493558593,
            2.5831263054474407,
            2.603437478761726,
            2.5885760940347042,
            2.595425195238893,
            2.6106119392110845,
            2.6134839697132017,
            2.6063104201742835,
            2.587193604336672,
            2.6081115569025584,
            2.6125756034570298,
            2.6059444344862976,
            2.6043050140479242,
            2.6070856143232466,
            2.608600022690253
        ],
        [
            2.5672565053025362,
            2.560780344587857,
            2.562712584171428,
            2.55849277148467,
            2.562571718381188,
            2.565316316002637,
            2.5601108242883965,
            2.558628229005267,
            2.5527871338310613,
            2.555708795619658,
            2.5620450636400878,
            2.56537626782843,
            2.5591409791169446,
            2.553867949126137,
            2.547172800107366,
            2.551211400845148,
            2.55797064748831,
            2.551562331959919,
            2.549791142525485,
            2.549960262294375,
            2.5485546731868647,
            2.54478828812531,
            2.546361548736411,
            2.545801697707152,
            2.545179792969145,
            2.5453219505644653,
            2.5454730019730536,
            2.550909105096751,
            2.544527340182223,
            2.5441010719582082,
            2.540722062792825,
            2.538728150570992,
            2.533541308008487,
            2.531177818153846,
            2.5337515559832666,
            2.5392070388943306,
            2.5431218693092577,
            2.5449252125198667,
            2.5400752207288675,
            2.5433734146508384,
            2.5430227801002676,
            2.539773581741476,
            2.5338519855103354,
            2.5331711180000402,
            2.5334939080141674,
            2.537258004656534,
            2.5352756537978505,
            2.5308276087383437,
            2.526889253750941,
            2.531741007140061,
            2.53411165932915,
            2.53271922428029,
            2.531371710830083,
            2.526745620222092,
            2.522312540783245,
            2.523417993753003,
            2.5238893306631667,
            2.5291687485404353,
            2.526558220830872,
            2.526540582250134,
            2.5292156560772887,
            2.535552785687612,
            2.5420392273574604,
            2.5459361725957925,
            2.5448124641167906,
            2.541140180826036,
            2.538504018734331,
            2.543765068470908,
            2.543614127370159,
            2.5416312430110812,
            2.5462619566847007,
            2.5496840349789407,
            2.5503250015553247,
            2.5460812222367846,
            2.5396628996389428,
            2.5458970236616394,
            2.5408769839674967,
            2.5364456265409374,
            2.5304216368477546,
            2.5259513018513364,
            2.5271686664301716,
            2.52896069712743,
            2.5291284352772325,
            2.522770416143077,
            2.5167438478884554,
            2.518673654299064,
            2.520798672275694,
            2.522154485130687,
            2.525610373036198,
            2.5272247400974908,
            2.533898264908314,
            2.537698447876423,
            2.534526739221509,
            2.5290797725285383,
            2.5307140362322227,
            2.5350456091068168,
            2.538483668141859,
            2.5328296976045164,
            2.531738274571678,
            2.5372604287052383
        ]
    ],
    "angle": 89855.09999999999,
    "fluctuation": 151.64539000000002,
    "buy_difference": 1.0277056980000001
}