{
    "id": 100,
    "name": "American International Group, Inc.",
    "record": [
        [
            12.780241340527,
            12.536719922043487,
            12.459208612595324,
            12.51918381091858,
            12.791080004560614,
            12.954299469355652,
            12.754096761837404,
            13.009021935642242,
            13.230995425132518,
            12.986548523733449,
            12.968470394115444,
            13.291213881079159,
            13.591806592751748,
            13.84148189095164,
            14.069611576860076,
            14.21720426954081,
            14.118865132709141,
            13.994822482869612,
            14.33935233988223,
            13.986284724067385,
            13.966702140566097,
            13.910450531189356,
            13.68199627150521,
            13.758888001032082,
            13.587524945769088,
            13.348756731844581,
            13.709003085599353,
            13.443172280680438,
            13.587946562859695,
            13.643569073851346,
            13.44588610262195,
            13.583658020124048,
            13.643352900869079,
            13.683300194844787,
            13.645279869602739,
            13.249963242035468,
            13.011157577603282,
            12.796758838616084,
            12.621745012408349,
            12.582669007108244,
            12.880601096240097,
            12.673717791315216,
            12.816093734804225,
            12.606204819961084,
            12.789034025993674,
            13.05254255958793,
            13.284411850075461,
            13.39399431557247,
            13.18572545041535,
            13.442593600310463,
            13.39532703208845,
            13.28074119300422,
            13.052945905627409,
            13.062535107454957,
            13.04461963203993,
            12.831694890453152,
            13.049593420455665,
            13.054555265028513,
            13.06976623324031,
            13.165037288581258,
            13.383775086460586,
            13.402454421733264,
            13.53308439120488,
            13.580196365366085,
            13.72083584133477,
            13.650503134482312,
            14.018282252560454,
            14.094865745259055,
            13.730087855189835,
            13.45777610619993,
            13.776426707759704,
            13.95269652399126,
            13.899246423859505,
            13.737611991566508,
            13.49584983276884,
            13.402312843029556,
            13.619278729565503,
            13.910979562775944,
            14.06018902700053,
            14.268010240560141,
            14.059337963563715,
            14.389172684170608,
            14.09372473123494,
            14.052601502705235,
            14.073134101306575,
            14.291068242082558,
            14.132283218717594,
            13.99022173432345,
            13.824405557438785,
            13.899216780775694,
            13.687251132011115,
            13.777347951084044,
            13.980062563415583,
            14.278234835775859,
            14.260553000755085,
            14.29036141045851,
            14.29304220618359,
            14.522591037325595,
            14.646008802745497,
            14.823521671278165
        ],
        [
            12.298255988418546,
            12.09163786493371,
            12.086912441279674,
            12.12925142994923,
            12.335735245098293,
            12.545778695372332,
            12.339511604451637,
            12.550933601921836,
            12.744713433470546,
            12.486826038433952,
            12.475655912671659,
            12.773407245467435,
            13.083126447508288,
            13.378143853871508,
            13.537650478019142,
            13.663322376097241,
            13.653075858608547,
            13.44558905821318,
            13.795817644969668,
            13.485698153394296,
            13.423915695735962,
            13.434044725868764,
            13.2438846548219,
            13.329005232738771,
            13.116930365394234,
            12.926499867097016,
            13.177543422470178,
            13.012708054235125,
            13.071591384819572,
            13.123792514690091,
            12.987989100412637,
            13.071373156379812,
            13.193251041813028,
            13.263764501453071,
            13.149019119339359,
            12.815406717157824,
            12.613496472619177,
            12.373347274538988,
            12.22371152138966,
            12.18464554531101,
            12.43324713674545,
            12.245792404329247,
            12.397008682005618,
            12.217240059130079,
            12.301812532479387,
            12.621931864829422,
            12.816626176489674,
            12.93268881459025,
            12.757109754362059,
            13.025207064689775,
            12.927511228669355,
            12.78625242727578,
            12.62611580924775,
            12.595010687443287,
            12.619326138869067,
            12.340389174166805,
            12.621608386514678,
            12.613770981702816,
            12.624677919082254,
            12.765236702957223,
            12.880312266784916,
            12.953812652539368,
            13.104996749772168,
            13.171756671582369,
            13.25755473599111,
            13.21472487776541,
            13.558527315195752,
            13.614867869177216,
            13.282446054187517,
            13.00858475687337,
            13.270098347558683,
            13.405116352506852,
            13.4636273402887,
            13.327115586336578,
            13.074185430373365,
            12.886591743582674,
            13.167333403933945,
            13.439933225721381,
            13.637313013559728,
            13.822220454365995,
            13.617335176663852,
            13.899152243266453,
            13.608319661270942,
            13.582196321567142,
            13.632065168989746,
            13.86403389696698,
            13.616951689021837,
            13.513787489417783,
            13.313657197699834,
            13.42856874891235,
            13.231725166749156,
            13.278934810209854,
            13.555510997218194,
            13.73838585336043,
            13.780427606336673,
            13.80232504504752,
            13.793874772124585,
            14.046296380644725,
            14.204086627317063,
            14.347418753293134
        ]
    ],
    "angle": 89020.9,
    "fluctuation": 1492.286841,
    "buy_difference": 1.035773306
}