{
    "id": 101,
    "name": "R.J. Reynolds Tobacco Company",
    "record": [
        [
            25.45928713571739,
            25.415334165900433,
            25.34755666312131,
            25.38725584304331,
            25.62033081527985,
            25.612001953061558,
            25.47135878953739,
            25.34205111891621,
            25.45371845321556,
            25.80402616966485,
            25.754618287308343,
            25.80540628643793,
            25.81579386976136,
            25.892813669161377,
            25.89895464837238,
            25.76733539307683,
            26.031412242472374,
            25.888710068966738,
            25.58625635205878,
            25.71576108907386,
            25.68754857613902,
            25.533470674427942,
            25.54433757618597,
            25.93872082698309,
            25.718400450708984,
            25.71489494345771,
            25.768686383204745,
            25.566495994974115,
            25.8559068890754,
            25.92381274776276,
            25.969020323169882,
            26.385281381178185,
            26.173573071504833,
            26.243185606211675,
            26.256013895071636,
            26.028214634118388,
            26.10966642341242,
            25.99781957409264,
            26.301164446239348,
            26.277992534667433,
            25.989281220732373,
            25.878233261236097,
            26.044844527146736,
            26.043084523299132,
            26.091980140086815,
            26.206776115548475,
            26.284234865900913,
            26.331085549597194,
            26.42906489071572,
            26.572225433005613,
            26.281439874114437,
            26.30310129927392,
            26.548476870179883,
            26.622580761805764,
            26.33596548992318,
            26.19149065613524,
            26.040746695259507,
            26.293575917772262,
            26.048215001337464,
            25.90383888997783,
            26.029299204481177,
            25.90761550312582,
            25.909302886393167,
            26.06701461982717,
            26.107659607349703,
            26.108413434965023,
            26.13253317715229,
            26.43123362948262,
            26.313672564932354,
            26.46047131690863,
            26.582874765898115,
            26.58433619246314,
            26.61726238828871,
            26.77789676990866,
            27.07453507084195,
            27.016627689026137,
            26.810730619264756,
            26.855249696940703,
            26.941087154289608,
            26.811689638632668,
            26.67199921019718,
            27.049144336461584,
            26.854209997896927,
            26.567840810888775,
            26.68051961261136,
            26.68064455105204,
            26.76102654877172,
            26.70671880204247,
            26.449933720654162,
            26.766259223884035,
            26.8994273691319,
            26.473450911570445,
            26.3345903550898,
            26.47979037747993,
            26.29521244656342,
            26.3162229811597,
            26.46155120875323,
            26.46518247148179,
            26.444383809688507,
            26.67385275991338
        ],
        [
            24.535190130844118,
            24.485489080456347,
            24.461751325741943,
            24.536909057121274,
            24.614107550848285,
            24.63311040552948,
            24.475864898658187,
            24.41488716607655,
            24.6060795448848,
            24.778241239033218,
            24.909448754392393,
            24.98112753713447,
            24.983656610118945,
            25.063226051342674,
            25.089324369149672,
            24.88928533317413,
            25.019017695838635,
            24.871946368867203,
            24.781420681683308,
            24.866876861145936,
            24.72550464740378,
            24.68565141940361,
            24.725914888356417,
            24.900140370677164,
            24.735442349136807,
            24.70495772909945,
            24.761572075624127,
            24.707668347989205,
            24.91741375739002,
            24.928029616174364,
            25.13699109752251,
            25.311177022007236,
            25.226071445267255,
            25.182383625709782,
            25.222310870962097,
            25.005971975141936,
            25.197228109044115,
            25.15981496163703,
            25.369335333104104,
            25.23587984967256,
            25.028432346083786,
            25.054144247303547,
            25.182571077952634,
            25.206151340343013,
            25.182680938528744,
            25.16498070567675,
            25.332727205413974,
            25.357599838171538,
            25.441790238695564,
            25.520986720438128,
            25.380784813625727,
            25.46804021982089,
            25.467729072813167,
            25.60761974507741,
            25.48450277227875,
            25.26101957868893,
            25.095544423983313,
            25.268466205467266,
            25.208585960327085,
            24.998593502727477,
            25.039454941699617,
            24.872757369752158,
            25.031431448228513,
            25.23184572553805,
            25.139922688413748,
            25.11305456716009,
            25.24709814311437,
            25.367880716830243,
            25.29534449444298,
            25.474567352997937,
            25.546486136647783,
            25.58104316957317,
            25.764463940823926,
            25.89135396924475,
            25.993065306787795,
            26.022996221201424,
            25.806621545143972,
            26.010496850117967,
            25.926918381130093,
            25.781801460866923,
            25.794136738014544,
            25.98680527025083,
            25.895013757425186,
            25.737300402362436,
            25.694114985754396,
            25.849175417492592,
            25.738219243826048,
            25.632282866753293,
            25.61793040432154,
            25.771535562679812,
            25.83009706166562,
            25.617543180858352,
            25.508778177935444,
            25.442347963302485,
            25.234819364327677,
            25.452623698228017,
            25.417223293864293,
            25.58642644284968,
            25.448912909362907,
            25.644143121237395
        ]
    ],
    "angle": 89883.70000000001,
    "fluctuation": 506.840238,
    "buy_difference": 1.037352941
}