{
    "id": 102,
    "name": "Siebel Systems Inc",
    "record": [
        [
            37.67356292820737,
            37.48115874482746,
            37.09406967307125,
            37.06347380251016,
            37.590108288216456,
            38.007510138953194,
            37.6722185335151,
            37.47767181801113,
            37.55490176292234,
            37.83947942896239,
            37.46094541228972,
            38.11044932491173,
            38.61098986421596,
            38.750673146523624,
            38.512064601655005,
            39.01680768020128,
            38.396183243959705,
            39.150425001985795,
            39.62095454419957,
            39.87707112503138,
            40.20230537425246,
            40.83659479108908,
            41.281848847287414,
            41.77621286373957,
            42.14883371873385,
            42.14789531259176,
            42.436333627950454,
            42.98229619303619,
            43.22619684052308,
            43.81190123699003,
            44.05371448731211,
            43.94010470915173,
            43.59035193966439,
            43.729786244740154,
            43.1684205759748,
            42.44868274702327,
            41.84155468221891,
            41.86447855065064,
            42.20918437952488,
            42.54210929511414,
            42.01902639241952,
            41.362214918313065,
            41.32883371082723,
            41.90707940565537,
            41.19595210134796,
            41.63107286710052,
            41.91653710053806,
            42.84908141805662,
            42.32613203647901,
            42.281679860832426,
            41.57024514509356,
            41.576680271271265,
            42.541473527605156,
            42.83720299687787,
            43.08783197102882,
            42.374858021006354,
            42.11431567053067,
            41.93671583551303,
            41.820030868319144,
            41.47277013200718,
            41.95300984066095,
            42.562555532452016,
            42.16275256091537,
            42.55535823034719,
            42.1033806186574,
            42.91140273150185,
            42.57211219368926,
            43.17585913738649,
            42.84502071375693,
            43.048724276407505,
            43.51489583510412,
            43.720346188947346,
            43.08477330921905,
            42.10105684157575,
            42.351798658915776,
            43.02945246535365,
            42.97771105723897,
            43.267159576913336,
            42.58567346459243,
            42.94599343386904,
            43.40496813032659,
            43.054462050386725,
            43.52363972407969,
            44.23892975702673,
            43.93031824490628,
            44.057849317503425,
            44.14393579908853,
            43.94651912381336,
            43.66672002080322,
            43.02663782842242,
            42.1832294745756,
            41.71064204911968,
            41.22234345227875,
            41.124785213448085,
            41.502312267170964,
            41.58476459993968,
            41.30123175144754,
            41.274924716100934,
            40.96182855187655,
            41.27887257548914
        ],
        [
            36.33769423262347,
            36.29000073247844,
            35.951298233558454,
            35.76354227334319,
            36.30438980240511,
            36.75535435891879,
            36.46766798659178,
            36.23933852218395,
            36.29946192727756,
            36.58552397000911,
            36.12900339243244,
            36.601717405711995,
            37.22699159372265,
            37.40279048285749,
            37.09083274849873,
            37.614503432610455,
            37.16102597436939,
            37.735775780672334,
            38.08655186661389,
            38.64856267678773,
            38.877842159981384,
            39.24338200042438,
            39.84193653789038,
            40.49733453106652,
            40.83802893400083,
            40.57628381739016,
            41.02182059647522,
            41.56207967677536,
            41.80211165249354,
            42.06908097034381,
            42.377204676139925,
            42.289003898613075,
            41.960766393999556,
            42.03207209019947,
            41.49250022660852,
            41.140949658802604,
            40.46308647029386,
            40.51775055190929,
            40.566462201396604,
            41.1364373881004,
            40.59808153466548,
            40.011572089723565,
            39.732249278939655,
            40.31226201968017,
            39.8427474989679,
            40.14684606823994,
            40.572205096919205,
            41.26779825342431,
            40.84979509348148,
            40.652337251616274,
            40.14839149591132,
            40.27153428008523,
            40.99610055269585,
            41.16183719617644,
            41.39854028349587,
            40.79478353616124,
            40.45110445706145,
            40.5632455250615,
            40.20447087713739,
            39.9223484506373,
            40.631970450799436,
            41.2181840615485,
            40.65957037139049,
            40.93995248516893,
            40.525340097942404,
            41.24546054278994,
            41.08719545433753,
            41.487248472961184,
            41.387852617033154,
            41.65554187937818,
            42.08129947116662,
            42.11952593508007,
            41.41622715001209,
            40.79993393998664,
            40.96473396170878,
            41.48707585181037,
            41.620226575696655,
            41.90053263840908,
            41.17856211486646,
            41.36939453378538,
            41.949760391294134,
            41.461460088806255,
            41.888188072298504,
            42.50027529776372,
            42.36835454719091,
            42.58075289159542,
            42.62978446426389,
            42.45188883626817,
            42.12676418750464,
            41.58411410246397,
            40.89600104459236,
            40.28398631494548,
            39.58647530090814,
            39.678441801723935,
            40.04269136927721,
            40.018175813417244,
            39.81284405316586,
            39.64091626212446,
            39.65607388812037,
            39.7912906430655
        ]
    ],
    "angle": 89924.7,
    "fluctuation": 1013.795502,
    "buy_difference": 1.03665895
}