{
    "id": 103,
    "name": "Analog Devices, Inc.",
    "record": [
        [
            27.422682714378283,
            27.48206678899305,
            27.557960611216586,
            27.394047675802174,
            27.97139816294126,
            27.958042497961724,
            28.44287769531842,
            28.354520853150472,
            28.016406854178886,
            28.313502670301396,
            28.68160910420758,
            28.141963924769016,
            27.98305250736811,
            27.4683430245657,
            27.577397901205924,
            27.905062456032457,
            28.157777441530992,
            28.37890617319845,
            28.542430236422124,
            29.00823335771295,
            28.522252386702117,
            28.25215510636807,
            27.793951504906634,
            27.84571595500739,
            27.688896167385625,
            27.59392568170907,
            27.46343975000237,
            27.05304747108084,
            26.479139492766087,
            26.848582125699565,
            27.057619575742244,
            27.263511285916824,
            26.98297279656733,
            27.12805050370122,
            27.61200592033284,
            27.895149271209707,
            28.369061537590326,
            28.026602109881512,
            27.58194830350427,
            27.99023926082648,
            28.314611312874785,
            29.00722228638264,
            28.794730381165582,
            29.105810230093446,
            29.60939656416828,
            29.109998296164544,
            29.46470174753647,
            28.880264496292035,
            29.323312898375047,
            29.34257095970817,
            29.05030897532905,
            29.06956121284701,
            29.285816627257226,
            29.72212940206267,
            30.19828318195737,
            30.661232646073476,
            30.984636897445824,
            30.50484976962193,
            30.808725359644228,
            30.973224279579878,
            31.14095814608563,
            31.24833111731423,
            30.812886305572313,
            31.233509555562364,
            30.886913127679502,
            31.070399273589906,
            31.30872102003491,
            31.01094388255313,
            31.449873746148743,
            31.045088576905492,
            31.69911272833675,
            32.05917052237951,
            32.44157046576461,
            31.941837799608184,
            32.42520300337344,
            31.91787920874537,
            32.23745315685115,
            32.76947330031023,
            33.1633572440954,
            32.64783168983295,
            32.60105496447544,
            33.05162612484552,
            33.623444773948265,
            33.10812961858303,
            33.57743359723514,
            33.56746684897506,
            33.6798643116482,
            34.02560426874083,
            33.93165814479125,
            33.36631211718924,
            33.117357292068625,
            33.30963375482064,
            33.06987852418127,
            33.169119334221854,
            33.05559791119596,
            32.959624896529604,
            32.55284985875527,
            33.1662563742945,
            33.3348483038482,
            33.018890807054454
        ],
        [
            26.48847684526587,
            26.583125109249913,
            26.470628539670205,
            26.444920157076325,
            26.932152311331645,
            27.024551776407232,
            27.399796663335692,
            27.432545771577644,
            27.061974642450306,
            27.226198205205264,
            27.65464239678951,
            27.19142732932579,
            26.943373651693836,
            26.54321914900757,
            26.704810480368096,
            26.825416291392344,
            27.25040349960328,
            27.237473066578733,
            27.495698330275985,
            27.897032084481264,
            27.572687724784586,
            27.14284132299886,
            26.766644863060378,
            26.83526006209909,
            26.577861957469977,
            26.728869397645713,
            26.429868744885983,
            25.998588721532162,
            25.625859036583233,
            25.9573401632874,
            26.06273569946772,
            26.374364751557174,
            26.07680970750755,
            26.214387557382395,
            26.490869569305776,
            26.890963622356423,
            27.268744270795903,
            27.04472636820132,
            26.60766094377591,
            27.06652835588112,
            27.350020198809375,
            27.843289419576642,
            27.664112515733176,
            28.055237267595363,
            28.449626075382014,
            27.997691560690065,
            28.34732546267578,
            27.952414580693112,
            28.341395653435217,
            28.289108819331627,
            28.066278861698503,
            28.118692401315748,
            28.285305641054407,
            28.767232494499208,
            29.178291351936437,
            29.56042768204121,
            30.007253658597097,
            29.498153752365813,
            29.649256424718864,
            29.972114962441207,
            29.90629544060832,
            30.003433961526174,
            29.71852405482126,
            30.19368154550475,
            29.727469045948823,
            29.960896516677355,
            30.08238968964163,
            29.900573581595356,
            30.19995503059338,
            29.927509598811156,
            30.448386580805508,
            30.85572181989144,
            31.18951685319647,
            30.825882206457845,
            31.326854059030012,
            30.858361310598802,
            31.1361034331556,
            31.47965116553113,
            31.96313162343924,
            31.444259238492556,
            31.458919185856917,
            31.93845929032733,
            32.30322864913707,
            32.03158628131746,
            32.41406896370285,
            32.21413672480383,
            32.34454019618404,
            32.69611386756577,
            32.57337228879306,
            32.08816849325813,
            32.00839309199292,
            32.094488735409996,
            31.765067183865703,
            32.1357409119487,
            31.757678151009774,
            31.693898513778645,
            31.538671209977338,
            31.902140684469074,
            32.00682673091072,
            31.738226106981063
        ]
    ],
    "angle": 90204.0,
    "fluctuation": 1037.220097,
    "buy_difference": 1.037239142
}