{
    "id": 104,
    "name": "Amkor Technology, Inc.",
    "record": [
        [
            15.065023163301447,
            14.7940565336113,
            14.597328963937196,
            14.475613373550146,
            14.755999672385155,
            14.891206542391563,
            15.034214932671079,
            15.005632732962457,
            15.133219718304824,
            15.053735835835035,
            14.958150102328688,
            14.663568547856764,
            14.660975286440078,
            14.671799397482745,
            14.66500405358994,
            14.461487004614634,
            14.623456188411073,
            14.821061984789575,
            15.003713692680028,
            15.102336907755324,
            15.168247656388965,
            15.131818888301622,
            15.294629262909298,
            15.574064675559345,
            15.274275682692261,
            15.10496679460065,
            14.852452394549283,
            14.592499710158824,
            14.453012457781924,
            14.601500684579516,
            14.335599755219405,
            14.446614928843813,
            14.318313132284263,
            14.328635576875751,
            14.617747409522188,
            14.760811426704345,
            14.802623316015337,
            14.775647508433451,
            15.115539524245255,
            14.923636658306014,
            15.104999459089575,
            14.774349215077045,
            15.0296485665634,
            15.264625589948016,
            15.108993182662262,
            15.265081866464532,
            15.00635073621073,
            15.067717553035097,
            15.257753553890506,
            15.166923978853054,
            15.15347636678713,
            14.926980674733903,
            14.89133987492495,
            15.071748974903823,
            15.34102425824429,
            15.485659359947716,
            15.398227474163507,
            15.107314624904939,
            15.412303801846772,
            15.197964257348644,
            15.423902813206704,
            15.65199707948507,
            15.336931413219128,
            15.275671461978277,
            15.465631104457394,
            15.619726330491417,
            15.4803288299716,
            15.18205982591022,
            14.955689137329001,
            14.835934592916148,
            14.98492659645583,
            14.965242496661197,
            15.085526728918019,
            15.055415354554368,
            15.037693363571076,
            14.869811245999683,
            14.815482503264308,
            14.990655974807638,
            15.135639210864863,
            15.087874827170575,
            14.786039251349145,
            15.040869372523037,
            14.919952472531518,
            14.810255483203848,
            14.79758754674712,
            14.496535877651155,
            14.429393324368489,
            14.309793307886926,
            14.445184049893786,
            14.37011196200358,
            14.368785164305885,
            14.291911194195288,
            14.331271809920572,
            14.121352518297446,
            14.323830751268515,
            14.453988499218841,
            14.348820034180445,
            14.285602949292096,
            14.052052273018399,
            14.350538708898188
        ],
        [
            14.711007965853485,
            14.444968931643254,
            14.348703546781486,
            14.24907781320938,
            14.493037749642136,
            14.65227799332066,
            14.707312420829245,
            14.676420529246665,
            14.79382325740112,
            14.800306940762932,
            14.656318862706932,
            14.408032046679159,
            14.382402889168773,
            14.317034666798708,
            14.389236987964688,
            14.144212945564906,
            14.336982440075882,
            14.542360338471594,
            14.727477816632135,
            14.839154155179228,
            14.865150613293173,
            14.886039362554273,
            15.050739545130497,
            15.230860853012139,
            15.002077729913474,
            14.732390479229801,
            14.528051335663545,
            14.269501990241821,
            14.223972074323711,
            14.291142650905375,
            14.080129644145764,
            14.203406884085005,
            14.022380173694804,
            14.033892240847953,
            14.265710687251188,
            14.390992804012805,
            14.487990377605842,
            14.528358301476331,
            14.79869109988691,
            14.55988182821473,
            14.800205037317248,
            14.53145736373552,
            14.702845345343478,
            14.88811116028033,
            14.78489396701881,
            14.975030872789043,
            14.73744980099869,
            14.715105856498047,
            14.874004205949014,
            14.860880020578197,
            14.795907723302307,
            14.563144336217066,
            14.611316692828995,
            14.820991737546587,
            15.093362403227859,
            15.132318405194297,
            15.025897681825944,
            14.855965661653517,
            15.062139080724958,
            14.910681720322446,
            15.153596332990897,
            15.319310519274683,
            15.053052288251056,
            14.973423723247631,
            15.186977754905996,
            15.263326329282712,
            15.212084739979247,
            14.933964563378732,
            14.6921146956312,
            14.575932354242205,
            14.720836882817348,
            14.661801670548435,
            14.81372194291426,
            14.797502894955878,
            14.77267370474218,
            14.593116198054217,
            14.44285676055682,
            14.628181278582435,
            14.799142113211648,
            14.759805539785383,
            14.526911436893343,
            14.71823146361034,
            14.57806525115312,
            14.559464360994031,
            14.484508793140893,
            14.271106885238117,
            14.129751992932373,
            13.951274531436104,
            14.12262763829636,
            14.067483112085931,
            14.022744157401952,
            13.961630306980707,
            13.974996556660047,
            13.775780937227704,
            14.030589029958115,
            14.142526925703406,
            14.101597343011608,
            13.941565205511017,
            13.807172436265647,
            14.049726053728682
        ]
    ],
    "angle": 88944.7,
    "fluctuation": 1072.05858,
    "buy_difference": 1.020798092
}