{
    "id": 105,
    "name": "Lincoln National Corporation",
    "record": [
        [
            15.13068207794069,
            14.823353307906235,
            14.784437707134664,
            14.804719558025973,
            14.981740001231177,
            15.11189471685896,
            14.868121137927975,
            15.074601077791979,
            14.94582501325663,
            14.634196585118872,
            14.882449318580631,
            14.873278476790492,
            14.960063647064771,
            15.167582951316106,
            15.123439094026848,
            14.77542984846054,
            14.71779939291585,
            14.669075041681724,
            14.918223163321604,
            14.895791684499498,
            14.625773045372837,
            14.552908074993015,
            14.440628305264458,
            14.581805699158844,
            14.709597944609706,
            14.859889488090898,
            15.1028634682749,
            15.382911706149406,
            15.107023130803729,
            15.153859931483694,
            14.905249603792258,
            14.860234532760135,
            14.58313866577188,
            14.276943025351883,
            14.1430654430702,
            13.861686509614447,
            14.135084819945822,
            14.146546905029124,
            14.316126896945711,
            14.151758460858886,
            14.265920624781533,
            14.328310788213468,
            14.256932430624678,
            14.316331737892428,
            14.552791096968518,
            14.374787615577484,
            14.13024253964422,
            14.001333942619222,
            13.7065105291531,
            13.883137965583597,
            14.0247977888412,
            13.877417171131604,
            14.1441865639386,
            14.250348524017081,
            14.236810278323127,
            14.300241435230166,
            14.432490825436991,
            14.650841882162801,
            14.58363622297844,
            14.456205463768065,
            14.416943213429958,
            14.35685943726135,
            14.088473946008493,
            14.194543867347562,
            14.375351028953943,
            14.562267550108789,
            14.492659429075813,
            14.317305665317074,
            14.143497191751345,
            13.919984663332924,
            13.67449321528175,
            13.602368957097687,
            13.818019476064414,
            13.900796865248203,
            13.760463568643802,
            13.46382262562606,
            13.543395962599725,
            13.797216467107981,
            13.77272856111852,
            13.686530429696445,
            13.64428878625013,
            13.42074983849955,
            13.501933799809871,
            13.332425468662533,
            13.292188353323407,
            13.42848085523549,
            13.258107654083805,
            13.08600384863202,
            13.089747334256629,
            13.084212636406855,
            13.169873528854554,
            13.150901244930955,
            13.02514822852102,
            12.825999373111099,
            12.811787846559195,
            12.804124068444631,
            12.832587371366861,
            12.98903868852517,
            13.080369456528864,
            12.952578921137539
        ],
        [
            14.458757044794416,
            14.193485864868393,
            14.05474554161821,
            14.202704801805652,
            14.283550735129113,
            14.484291660071007,
            14.230643199491515,
            14.445646690904415,
            14.212412554669356,
            13.982920124091075,
            14.231517872299781,
            14.14906249311695,
            14.282850598980227,
            14.502727823607659,
            14.377015371922681,
            14.120694096285316,
            14.027708457544946,
            14.06974885633878,
            14.238632989954953,
            14.188856995447996,
            13.959505251232054,
            13.954122898272976,
            13.852027104617259,
            13.887001621634353,
            14.05215344181297,
            14.167378782712527,
            14.40334405516665,
            14.660171476966086,
            14.452058739452946,
            14.44044000909881,
            14.284794673146981,
            14.131022118310733,
            13.889656437820003,
            13.700519183338828,
            13.46782347836016,
            13.295347345446224,
            13.470971637900488,
            13.556313525763342,
            13.610903536993936,
            13.469384901760332,
            13.66247953579787,
            13.672860219461871,
            13.578962516716185,
            13.688790316397379,
            13.94560807735409,
            13.695311598954525,
            13.55565451827057,
            13.342173133439811,
            13.142550715271163,
            13.205818609901694,
            13.44774191937656,
            13.254514703658318,
            13.447433116291133,
            13.648935127383316,
            13.581473414290743,
            13.72011911964872,
            13.71743767779875,
            13.936068405991646,
            13.98358672441792,
            13.767386074113373,
            13.758813198352312,
            13.674137624273847,
            13.469571586853794,
            13.607770695257624,
            13.728724992007832,
            13.92534027593447,
            13.871279594354041,
            13.660993247285536,
            13.48706566186798,
            13.295171509195153,
            13.10790181032319,
            12.96328453372686,
            13.137333268619003,
            13.247691308632154,
            13.089129152656364,
            12.909848301822972,
            12.938074779903936,
            13.156856604844371,
            13.214006023395003,
            13.099713768617864,
            13.063211647851272,
            12.845328649772913,
            12.863716356857193,
            12.781290493350244,
            12.66009559161539,
            12.842429534986303,
            12.650349400095205,
            12.550095633981373,
            12.539831038316247,
            12.457039500104836,
            12.60015659625662,
            12.565636972149894,
            12.413183550074303,
            12.233159336954808,
            12.234269684048613,
            12.197674021393103,
            12.229669840865203,
            12.422165685224124,
            12.467054642794018,
            12.366240810640248
        ]
    ],
    "angle": 88929.1,
    "fluctuation": 1094.420998,
    "buy_difference": 1.047309687
}