{
    "id": 106,
    "name": "Commercial Metals Co.",
    "record": [
        [
            14.323500733020804,
            14.3409295063965,
            14.301578779749816,
            14.37911105802575,
            14.34222910241451,
            14.187425329595344,
            14.350057685469702,
            14.223975701231916,
            14.042319273002898,
            14.031923741347052,
            14.235862133118307,
            14.218853290970658,
            14.321823097646599,
            14.344652957908012,
            14.163462813030053,
            14.198811540908318,
            14.05983847054322,
            14.195201301079761,
            14.108393901721616,
            14.060460464817014,
            13.90930862055467,
            13.96501550564583,
            14.122155050847097,
            14.295351024693206,
            14.373315048686521,
            14.54474612446822,
            14.557331736237314,
            14.515485999150597,
            14.576250704346235,
            14.713376992264882,
            14.764463435774267,
            14.719338342980098,
            15.006076583313991,
            15.092235607546607,
            15.165854784578505,
            15.30504872780097,
            15.258255913969615,
            15.424100664125623,
            15.529799863641859,
            15.572736981262665,
            15.620062260899308,
            15.417527557528894,
            15.676862525923,
            15.834242354889822,
            15.694815465310025,
            15.670815707472666,
            15.796834029115269,
            15.806094220386646,
            16.072750140955385,
            16.075684041452217,
            16.25520258688599,
            16.047337459712768,
            16.06451299960396,
            16.181885361749227,
            16.06217126308465,
            15.860879690934615,
            15.949634659633638,
            15.765055387381137,
            15.964275486831893,
            15.772083388628559,
            15.96678924220849,
            15.915627282922104,
            15.936027987748071,
            15.76998394517726,
            16.004778435157842,
            15.88313974451003,
            15.773280713623606,
            15.714404848361912,
            15.663974108452594,
            15.36555600510904,
            15.440179891543034,
            15.431263631779712,
            15.20209923791552,
            15.239291202609415,
            14.989293331026904,
            14.753451355307673,
            14.697815432799821,
            14.55312531857918,
            14.757572315094006,
            14.828857527630728,
            14.989311963692112,
            15.104122353652981,
            15.067843880689901,
            15.079767765543547,
            15.327486695382493,
            15.49487282341098,
            15.447104950012626,
            15.33297943787293,
            15.359055235311018,
            15.47185191382992,
            15.446658955108093,
            15.614540370353101,
            15.844926008717147,
            15.908907781020673,
            15.907395943788016,
            15.868415439845954,
            16.02148416982167,
            16.080484521231703,
            16.059806583855977,
            15.832799318267895
        ],
        [
            13.847510868368406,
            13.799438177631064,
            13.8042085695615,
            13.952950780358394,
            13.861454269101605,
            13.71733054614783,
            13.906594532439714,
            13.721076606783685,
            13.536378666685906,
            13.511523192976819,
            13.684703728967865,
            13.744965134078974,
            13.898757128385697,
            13.840251963244546,
            13.669529769128411,
            13.722844297387413,
            13.553266652725235,
            13.752383920264231,
            13.577035456476887,
            13.560633695405699,
            13.402809391730395,
            13.533451400191597,
            13.662429457338114,
            13.848020378548613,
            13.880386076600868,
            14.006723066670196,
            14.082029016989836,
            14.061266881348823,
            14.055281294694119,
            14.252965462282177,
            14.321126792222,
            14.264463224345375,
            14.46685602853012,
            14.53830930927957,
            14.680976696493063,
            14.83058514750368,
            14.749726384584543,
            14.959454504546612,
            15.064995256091617,
            15.068808760795733,
            15.030272856713156,
            14.872429561710437,
            15.08793489460168,
            15.222715901916464,
            15.180852928011067,
            15.13338929941977,
            15.290249915028829,
            15.33610093930152,
            15.523091653606935,
            15.511964452097098,
            15.627418436717795,
            15.449110884483234,
            15.47798903365589,
            15.553836236678999,
            15.515977749448338,
            15.307751357269364,
            15.427327486492574,
            15.207670290220605,
            15.426039652930681,
            15.24032731475974,
            15.403810231416681,
            15.320783522650034,
            15.319045632054234,
            15.27497693787479,
            15.480665453286672,
            15.284939800629974,
            15.162599313014015,
            15.12255989518458,
            15.099605758489174,
            14.905667191894732,
            14.966031857734482,
            14.838254483238599,
            14.66022507219112,
            14.647825913335195,
            14.44490827524256,
            14.2560384786823,
            14.230754068307657,
            14.047007000450021,
            14.235807520960373,
            14.254740598576642,
            14.462242826084344,
            14.559925296676434,
            14.554006739488356,
            14.553879732928216,
            14.764926039182225,
            14.921703736422334,
            14.981765793589002,
            14.84127054288016,
            14.762941680753018,
            14.971188298201831,
            14.972311957604049,
            15.139596239569705,
            15.25576581356334,
            15.363316069370228,
            15.343445786274527,
            15.38420480162699,
            15.490618564798256,
            15.59763134709851,
            15.436495563643836,
            15.2258754432353
        ]
    ],
    "angle": 89800.4,
    "fluctuation": 843.1741930000001,
    "buy_difference": 1.035409086
}