{
    "id": 107,
    "name": "Manor Care Inc.",
    "record": [
        [
            25.569263352934325,
            24.89856144181534,
            24.44066568304042,
            24.64107893244344,
            24.85257743180348,
            25.481877913591926,
            24.79545848830963,
            24.933744718001762,
            24.96068144636793,
            25.123954490061593,
            25.26823825171193,
            24.59284370726259,
            24.13936566987027,
            24.731940663614996,
            24.7890670256947,
            25.38265385435277,
            25.65704987464438,
            25.00516331393332,
            25.146657734785673,
            25.835532229408862,
            25.727443402194417,
            25.605480397384184,
            25.03254596891574,
            25.05548254235312,
            25.383916713903705,
            25.41534074769604,
            24.89659138922565,
            25.627626429441307,
            25.23497857259466,
            25.57006396115007,
            25.101144865185557,
            25.465725554668186,
            24.8381148700655,
            25.16268631737299,
            25.599104206461806,
            25.35937692412327,
            25.028224282860354,
            25.187647798070117,
            25.249100259807058,
            25.288105394625575,
            25.245089830112697,
            25.93367786150619,
            25.434223894751593,
            25.926364577684485,
            26.00798093572588,
            25.649801506435082,
            25.70076746675137,
            25.89226544649608,
            26.170612598261012,
            26.739542412636343,
            27.03472518125695,
            27.399339047812717,
            26.738180958301406,
            26.127486333367237,
            25.87863114485953,
            26.519820402248612,
            26.451653072722877,
            26.496073524223018,
            25.789514506843762,
            25.41231752920748,
            25.28568285150807,
            25.646854078995553,
            25.055472187620456,
            24.88293946270634,
            24.258401085765207,
            24.917366027414587,
            25.096806636178513,
            24.605199784066063,
            25.21836705877628,
            24.690091124438872,
            25.215567316379413,
            24.43533350285353,
            24.071776246046564,
            23.780396310651756,
            24.103956990239944,
            24.610250300189623,
            24.011536499427216,
            23.298803890093744,
            24.124302219466937,
            24.614730377580955,
            24.00724306576231,
            23.838508735139484,
            23.47777792958614,
            23.075399375269022,
            22.79250095376526,
            23.173446637650823,
            23.442075488150248,
            23.132089481307187,
            22.67963973776159,
            22.19630375401527,
            21.54308442835643,
            21.238996837010173,
            21.31881449512358,
            20.99152001341903,
            21.3608436802844,
            22.04946246633034,
            21.76643983113775,
            22.039665609603503,
            22.144804407865312,
            21.824579997512448
        ],
        [
            24.548040137550544,
            24.035822291101297,
            23.462180741399017,
            23.85177103987967,
            23.977020923655274,
            24.537478595138918,
            24.001205479412693,
            23.980906012112055,
            23.98048747364943,
            24.151795156915213,
            24.285650910178074,
            23.783581072746976,
            23.207619501999904,
            23.805820507588365,
            23.851278621095762,
            24.48842274946093,
            24.800324301621387,
            24.211488545738355,
            24.31917105898879,
            24.8656030508208,
            24.913346248784556,
            24.59751332986305,
            24.179696756173655,
            24.172777685484718,
            24.3773816773584,
            24.556833897523752,
            23.928456005084396,
            24.59427175589883,
            24.341076492866193,
            24.600273777789624,
            24.09861806121734,
            24.539088499621894,
            23.963067878086754,
            24.26163166131835,
            24.679952562593552,
            24.424398664024977,
            24.226515274197276,
            24.268702702177023,
            24.40354900960771,
            24.43634644238911,
            24.333780587430663,
            24.920243432743263,
            24.619509826572973,
            24.935593076972438,
            24.994135082853646,
            24.800780588831184,
            24.72848877249351,
            24.885412019758352,
            25.218326383805813,
            25.748532028085002,
            26.082291589875922,
            26.399702700244415,
            25.716386036186933,
            25.15413292491269,
            25.024546594918696,
            25.662599488786487,
            25.512099058559016,
            25.44543872134395,
            24.93336742890985,
            24.416822160813037,
            24.268532696950285,
            24.773075625228074,
            24.119646040439786,
            23.922492373632043,
            23.476635127573577,
            24.025096084832256,
            24.305107045140335,
            23.705134657861333,
            24.332359694525714,
            23.88242168556623,
            24.2616440961076,
            23.635997769362422,
            23.156499570785677,
            22.951803583603432,
            23.296754723302435,
            23.728977913769356,
            23.112392828020788,
            22.52986258391561,
            23.13543736682743,
            23.65991513522009,
            23.13599007984654,
            23.03095672168978,
            22.517655153336584,
            22.280296730364473,
            21.947774264485663,
            22.299004663737442,
            22.69573351723112,
            22.194939185092235,
            21.898173673070072,
            21.337428457757515,
            20.809119828128598,
            20.409020821191685,
            20.53896626680256,
            20.165182817538938,
            20.68699814084701,
            21.253510497968986,
            20.882536990912612,
            21.318697660715316,
            21.426849054887768,
            20.9570930591155
        ]
    ],
    "angle": 88778.9,
    "fluctuation": 1562.6442699999998,
    "buy_difference": 1.037657908
}