{
    "id": 108,
    "name": "Occidental Petroleum Corp",
    "record": [
        [
            37.263776239340565,
            37.08921059597486,
            37.194570708268785,
            37.05870638708264,
            37.088513801401085,
            37.32443594051406,
            37.295085907333615,
            37.160091593811174,
            37.23743611303163,
            37.19763179667104,
            37.19942505877919,
            37.16518077052072,
            37.00542457858789,
            36.50941019707444,
            36.56440488575488,
            36.68197000772722,
            36.501234180933686,
            36.4197765049205,
            36.69443641658444,
            36.57820496635127,
            36.26602348525607,
            36.64214704482476,
            36.477482254250404,
            36.53111853476411,
            36.88543840092142,
            36.62887512073896,
            36.238351122158946,
            36.46290259172647,
            36.67545179681272,
            36.62354407942411,
            36.53213104237822,
            36.77435367644436,
            36.93128790508817,
            36.982330350109095,
            36.75425887615419,
            36.67501811587006,
            36.91547266539643,
            36.935144633236206,
            37.030394341638605,
            37.17546814994238,
            37.02470100023777,
            37.55907814083696,
            37.149796133955014,
            37.225733310404316,
            37.128208267115774,
            36.95441628635701,
            37.18481303708857,
            37.05608904313417,
            37.450608404147076,
            37.458127527961274,
            37.40262132674397,
            37.135299876331366,
            37.33489525839484,
            36.76501504324294,
            36.940834933716346,
            36.615467645671536,
            36.79397064908977,
            36.480650317187404,
            36.35880154687219,
            36.54157792883577,
            36.429660833594234,
            36.700702567337316,
            36.68017473581331,
            36.991755274295926,
            37.05583498190108,
            37.19849392942416,
            36.77696324501272,
            36.80915725656978,
            36.80453081767328,
            36.86758161737473,
            36.58740225994414,
            36.401430910675344,
            36.436347196346986,
            36.49348015618664,
            36.26589296397247,
            35.97396676837925,
            36.38192149930629,
            36.44325881674386,
            36.565909068656886,
            36.51460296625277,
            36.59852868834686,
            36.53686607052418,
            36.70440749613974,
            36.521958782477974,
            36.340542839839905,
            36.29263194190876,
            36.29780819932555,
            36.37776264460374,
            36.228410840243114,
            36.64750456692196,
            36.36482364695446,
            36.62764326521661,
            36.17026373877785,
            36.109697917479316,
            36.15930686836638,
            36.39286778966809,
            36.371649185943006,
            36.10126021085298,
            36.073809359330596,
            36.15436735391787
        ],
        [
            36.97638035389765,
            36.733207055846734,
            36.720004825428795,
            36.7618381218533,
            36.69580645885227,
            36.80417141696452,
            36.80455683338241,
            36.64211786263615,
            36.86894470982215,
            36.719365173572186,
            36.9051274391267,
            36.69830904231478,
            36.453298681252875,
            36.3151897170038,
            36.326094688095225,
            36.32260796803984,
            36.2233500664655,
            36.171519360112356,
            36.25155698718024,
            36.133122639331305,
            36.02604274447932,
            36.117003687271975,
            36.13819623119215,
            36.21670307825548,
            36.41844841629122,
            36.18678697612152,
            36.01662324463482,
            36.163559959092794,
            36.290745010815634,
            36.41773952370483,
            36.33048928359113,
            36.531009196163886,
            36.63176984024466,
            36.74129630393259,
            36.555063097052475,
            36.46526166205119,
            36.594084616984674,
            36.70915335681286,
            36.82600238227096,
            36.87027570188099,
            36.77969991329238,
            37.01342336889891,
            36.86697451345348,
            36.96827362737713,
            36.81234018305997,
            36.581408555924874,
            36.81316069309525,
            36.81457427126916,
            36.89184030443322,
            36.965454025240525,
            37.12159603675546,
            36.919203056083276,
            36.810818526446575,
            36.57310939394848,
            36.53873622355614,
            36.34400015827276,
            36.39710698551524,
            36.21381318842726,
            36.12183137847,
            36.20169573616324,
            36.00794332626817,
            36.19994896791008,
            36.44842529137705,
            36.60373062612508,
            36.736903404127034,
            36.70557644626777,
            36.562951648443025,
            36.339508867640355,
            36.5389884612946,
            36.37904905540118,
            36.15303012099071,
            35.933401399205934,
            35.91772933378535,
            36.067422882080194,
            35.942962240855046,
            35.70367570094832,
            35.839098351529195,
            35.91381456351261,
            36.09936428567983,
            36.01638855650246,
            36.24723499492038,
            36.27325489832577,
            36.2650266248633,
            36.10998850589684,
            36.06749749628792,
            35.876082587452565,
            36.04676620867743,
            36.050226782016026,
            35.963418713071555,
            36.1727043654843,
            36.044620423943236,
            36.091927625478505,
            35.851773674347335,
            35.74521654230572,
            35.89482020108331,
            35.946453884445475,
            35.83967771371669,
            35.90560346591667,
            35.878301388819985,
            35.88631846924876
        ]
    ],
    "angle": 89620.7,
    "fluctuation": 394.10354000000007,
    "buy_difference": 1.010095638
}