{
    "id": 109,
    "name": "Metals USA Inc.",
    "record": [
        [
            20.516029242289747,
            20.485206973154682,
            20.58538653359377,
            20.66153687243606,
            20.562967248577227,
            20.489914667571085,
            20.46284918386648,
            20.591019709628277,
            20.62063482978384,
            20.477932545467482,
            20.628563147559955,
            20.71963723220429,
            20.726510994919423,
            20.726462759470856,
            20.70481075067445,
            20.73579190164166,
            20.69219444779419,
            20.571374970559056,
            20.787943912173827,
            20.555277132809703,
            20.525095954356676,
            20.658852296581085,
            20.585329174577982,
            20.47700332398087,
            20.58214713981911,
            20.42548739721549,
            20.317884534557454,
            20.44192690480357,
            20.524799562852284,
            20.50917460840746,
            20.55387840646049,
            20.423562177822394,
            20.435652196812793,
            20.518180891036433,
            20.506165413667976,
            20.452789314375266,
            20.398067967199236,
            20.377543483065203,
            20.360968329238176,
            20.364801919860476,
            20.37988791486882,
            20.5648490304699,
            20.489320108235983,
            20.528774167046922,
            20.492394632327766,
            20.52974514160151,
            20.63622634129424,
            20.645198475546156,
            20.558560583166894,
            20.491843466193195,
            20.539541492038445,
            20.492855827132427,
            20.418000124666815,
            20.52306211637688,
            20.55016642802926,
            20.55300029647834,
            20.561214415043295,
            20.506497813244643,
            20.553060137494704,
            20.427670763070605,
            20.481048130853136,
            20.42072198958315,
            20.526684616127103,
            20.553749868872828,
            20.629414430034792,
            20.543896379492903,
            20.496702185997034,
            20.556875795951868,
            20.67123675216583,
            20.548826374173473,
            20.493846127756182,
            20.576949887271663,
            20.36138129739086,
            20.502833890176646,
            20.447703135275752,
            20.489796451634362,
            20.487068786116104,
            20.41458067183478,
            20.47874765298233,
            20.469360220343564,
            20.46380478621395,
            20.482687046706822,
            20.46343364423587,
            20.577094865674788,
            20.45892519025981,
            20.531963933667278,
            20.513477620373646,
            20.593310717733885,
            20.582546318267276,
            20.489086219018354,
            20.627848184633024,
            20.49042583028212,
            20.517597190849717,
            20.5394393353723,
            20.37454295010204,
            20.519068179350786,
            20.538378656905934,
            20.3945850616376,
            20.510400174425893,
            20.374127527564415
        ],
        [
            19.790704882719865,
            19.818549738704725,
            19.7744078370956,
            19.798181220619096,
            19.74105550451136,
            19.759575001606198,
            19.74138265191921,
            19.764045708946302,
            19.800366313189123,
            19.79162695838794,
            19.807979250303344,
            19.851878311517524,
            19.862416914028692,
            19.892066250213592,
            19.885159726313212,
            19.8812040121896,
            19.853241114366867,
            19.86797848272557,
            19.92525468973091,
            19.86637938842593,
            19.805403385174877,
            19.817301558800573,
            19.77040812323698,
            19.802654597114863,
            19.777215020980563,
            19.721145093406435,
            19.662599167512518,
            19.71724708145079,
            19.767480135866766,
            19.772207870571616,
            19.79746617750558,
            19.758911071444675,
            19.711194816006625,
            19.66277215085166,
            19.71207311431462,
            19.74156704082036,
            19.67888545148569,
            19.680774670228153,
            19.654909244504278,
            19.682287837624088,
            19.67514519963851,
            19.721233599127448,
            19.72147454239232,
            19.757475086851272,
            19.712611009978094,
            19.742623374732368,
            19.77589625304134,
            19.784494336489338,
            19.750609049760794,
            19.81302630567641,
            19.811401167033182,
            19.748566563145772,
            19.735684034332305,
            19.728315499590945,
            19.695384331608768,
            19.69810032558601,
            19.74724800596359,
            19.686843179814588,
            19.739416535613103,
            19.67787153422105,
            19.68006981911482,
            19.728413108130127,
            19.781166709111147,
            19.84100568177901,
            19.796951664616085,
            19.73258368878587,
            19.74436915345165,
            19.800353258761138,
            19.821283027244874,
            19.834264522091388,
            19.795086046622234,
            19.75250990741407,
            19.694796205317726,
            19.70690325677766,
            19.72084309817178,
            19.680620257199855,
            19.693715995324037,
            19.694815961352585,
            19.719182813497067,
            19.75162197058109,
            19.730443760448086,
            19.772407111330594,
            19.730085919078796,
            19.734942519147353,
            19.77722675810333,
            19.721122475123348,
            19.76448332267322,
            19.801774205037905,
            19.83698483163494,
            19.774619542983977,
            19.801368903932435,
            19.817625394322985,
            19.790234805829424,
            19.738147123167845,
            19.717430255484533,
            19.694983887177074,
            19.723349037529765,
            19.659767590258532,
            19.69844537244928,
            19.71702823101055
        ]
    ],
    "angle": 90080.5,
    "fluctuation": 189.28577999999993,
    "buy_difference": 1.038519083
}