{
    "id": 11,
    "name": "National City Corp.",
    "record": [
        [
            9.303281170476323,
            9.36626140231828,
            9.326309404848356,
            9.371121099426578,
            9.35113079862478,
            9.391255387748622,
            9.360182354237896,
            9.351234499319313,
            9.362639345900554,
            9.354679751191215,
            9.427566884550663,
            9.411602311176601,
            9.402424755522327,
            9.403668284584523,
            9.388454820685926,
            9.364187774868991,
            9.407634133707472,
            9.380061239451072,
            9.371936384938497,
            9.388266841434199,
            9.40810934594442,
            9.40989334533629,
            9.41259949892024,
            9.409514676468037,
            9.355693178998733,
            9.334533709493137,
            9.336658208272606,
            9.344487583414317,
            9.318098630918582,
            9.389993148128484,
            9.347258409305441,
            9.378477213098732,
            9.412580384123373,
            9.383594488627896,
            9.409241027448964,
            9.340437070931749,
            9.372612107591076,
            9.42042906443525,
            9.434392984462711,
            9.409258005024036,
            9.406728876097459,
            9.309044943069432,
            9.382646967386904,
            9.395102110455824,
            9.359672120061889,
            9.433148361063411,
            9.385482050746637,
            9.4674236808201,
            9.470360290822272,
            9.436703666051455,
            9.439648037096598,
            9.48747093090961,
            9.43437824941089,
            9.449235670369008,
            9.423735163010475,
            9.407468828232698,
            9.355533568129776,
            9.379603737371347,
            9.353789279176357,
            9.349217543435534,
            9.353328753879524,
            9.42137053737544,
            9.413770288592842,
            9.42452474196634,
            9.395542000703738,
            9.46063158656946,
            9.464332457207814,
            9.385814483783085,
            9.434293912858635,
            9.431020895450137,
            9.3732738426442,
            9.430773943777066,
            9.442987959639733,
            9.378198621383342,
            9.472222757021305,
            9.413053193076394,
            9.434570828864175,
            9.498302465162217,
            9.468258622995574,
            9.464702405254288,
            9.454211588566604,
            9.444351277259246,
            9.45925085023633,
            9.432080799236159,
            9.449952083363788,
            9.431294796170267,
            9.460364540827081,
            9.457531881037413,
            9.505781166976293,
            9.467666761447964,
            9.459811471136259,
            9.504973039590192,
            9.437619593781813,
            9.46137037615567,
            9.410914564406422,
            9.424520898910279,
            9.483110251461875,
            9.462880304735766,
            9.529361686781783,
            9.456878842115625
        ],
        [
            9.089316930254814,
            9.077007415208877,
            9.089905556748336,
            9.099847831131123,
            9.088601249452504,
            9.098510302710514,
            9.104675877208981,
            9.11511209481281,
            9.134466459267536,
            9.12761626077639,
            9.13368989416228,
            9.11187070474596,
            9.129334022413632,
            9.146974764777733,
            9.1404021247284,
            9.135060989163067,
            9.138952906614515,
            9.122187869989926,
            9.105183927949618,
            9.123783153639808,
            9.116654773579182,
            9.123836541399111,
            9.119189073266632,
            9.114384977469118,
            9.09121893384091,
            9.105219433053438,
            9.11277420809935,
            9.09941788803364,
            9.110198285907304,
            9.130021277482227,
            9.135952908523953,
            9.153590433785991,
            9.130992374940858,
            9.152157280438104,
            9.136864271390188,
            9.118292153729259,
            9.137781128603935,
            9.16144591682013,
            9.151239857828324,
            9.135057028807829,
            9.11895047931123,
            9.097689236506577,
            9.122878483507746,
            9.132250486802413,
            9.128824933766257,
            9.14365054169668,
            9.166865353543947,
            9.180533012546851,
            9.196214267014721,
            9.19473786528468,
            9.213294440806623,
            9.188981167970947,
            9.175928933369446,
            9.172038934117994,
            9.173832206169232,
            9.155248730993526,
            9.135779969081112,
            9.113543216421599,
            9.110299520151756,
            9.134196822069507,
            9.120809103520493,
            9.14134272448335,
            9.13670227754109,
            9.158104710931342,
            9.17116617747311,
            9.186767187273102,
            9.179365479105716,
            9.157995268827872,
            9.172178769287948,
            9.171746560913862,
            9.153103539497982,
            9.16784036201608,
            9.184302785583998,
            9.163431670656362,
            9.187018205386753,
            9.181809989158937,
            9.18621905761969,
            9.209558061129249,
            9.199683330024067,
            9.175150434519395,
            9.192461762619706,
            9.203111170649937,
            9.222249135864,
            9.2059086579641,
            9.197513102958613,
            9.194993521277304,
            9.187424963646686,
            9.208575692477048,
            9.20305024344668,
            9.211989584963465,
            9.237608472027189,
            9.23812442622835,
            9.215012846822578,
            9.209547791469568,
            9.196322093421262,
            9.199453027882841,
            9.223325950510302,
            9.214705627097846,
            9.224961704325581,
            9.214395731194294
        ]
    ],
    "angle": 89922.3,
    "fluctuation": 159.24224700000002,
    "buy_difference": 1.027960419
}