{
    "id": 110,
    "name": "Wm Wrigley Jr Company",
    "record": [
        [
            33.37208987742422,
            33.68838762163079,
            33.27895655541312,
            33.42719739824553,
            33.56722636117067,
            33.677882846716095,
            33.50957084759372,
            33.3899073319441,
            33.46553095522244,
            33.51651875675012,
            33.540783827158414,
            33.69153561511192,
            33.41907063798908,
            33.56816842102197,
            33.529787806292866,
            33.59464408145562,
            33.523109608121004,
            33.722576931707685,
            33.75300393447755,
            33.78872992426385,
            33.718367203062016,
            33.73377446331787,
            33.61172835345668,
            33.69254853364317,
            33.793750582238346,
            33.5176649207148,
            33.40687108649027,
            33.488873009651336,
            33.361862891075546,
            33.36232251613823,
            33.286565976249115,
            33.33007552752774,
            33.18559307485414,
            33.415355004726216,
            33.23060208804851,
            33.37717178840138,
            33.292313486818344,
            33.08474274674129,
            33.19557985271764,
            33.297394977648935,
            33.3099214992543,
            33.053755355557804,
            33.11991700664551,
            32.9497450747927,
            32.97073087754664,
            32.882594346250876,
            33.114872834759275,
            32.9310034342145,
            33.01584634741375,
            32.95735632660848,
            33.30217420639955,
            33.116489860555,
            33.370458481370775,
            33.29383340396363,
            33.489220153900106,
            33.502399611124915,
            33.36551223067607,
            33.18342638939216,
            33.30561398131059,
            33.300070938772734,
            33.26738827420643,
            33.364010409545,
            33.14010546914372,
            33.406104477495596,
            33.247709237078546,
            33.18846292213847,
            33.012796711453234,
            33.15550706138874,
            33.10896260682528,
            33.217631667508236,
            33.53444043185168,
            33.258713968086475,
            33.46286476481212,
            33.405619958585845,
            33.478445507236174,
            33.55739867685964,
            33.57416648049147,
            33.48217438699268,
            33.46841414624932,
            33.38449664106216,
            33.29993255117787,
            33.332155394366914,
            33.31555462935533,
            33.21831856447108,
            33.42886683070975,
            33.16714014453278,
            33.25358034641087,
            33.31281609754213,
            33.37465520876627,
            33.22515269490395,
            33.38192309433295,
            33.41176135614982,
            33.38659002395383,
            33.43264590122255,
            33.55145165814944,
            33.39664546426918,
            33.673675367190086,
            33.46562445098337,
            33.80741181075064,
            33.62407083565821
        ],
        [
            32.97319479256898,
            33.096927209767856,
            32.96694879770469,
            33.05741613095844,
            33.103058948816326,
            33.16250114635579,
            33.11897511129401,
            33.05033154522872,
            33.04237311009814,
            33.08279135448528,
            33.04397768956911,
            33.10331379661439,
            33.132342870193995,
            33.13708535037761,
            33.13563953535395,
            33.04428536966316,
            33.09922370466354,
            33.14370779032431,
            33.26633171493414,
            33.33148702307123,
            33.25875359420348,
            33.35726068061909,
            33.2899206565265,
            33.30648793032811,
            33.236818941344566,
            33.23009123715774,
            33.09366406263438,
            33.08858202128479,
            33.10221674795753,
            32.99986946422134,
            32.86895796531477,
            32.86918743553205,
            32.86127261943882,
            32.959871742072366,
            32.89264643771104,
            32.79117533186238,
            32.73712369802343,
            32.81076718718376,
            32.726745310051136,
            32.830400581844266,
            32.767491552816274,
            32.74714453458339,
            32.66846084659939,
            32.60483977703957,
            32.6452362369215,
            32.53513126993939,
            32.54643531458706,
            32.615713180130484,
            32.71615272862749,
            32.68443565709507,
            32.78273373881537,
            32.8620557750806,
            32.96498528113197,
            32.91563693161589,
            32.940588532200366,
            32.93058793135214,
            32.92386476224065,
            32.82949462948404,
            32.91739561602294,
            32.879005267357215,
            32.82703963783054,
            32.91251498638836,
            32.806359028631626,
            32.86210825514374,
            32.79451114665188,
            32.80161009818895,
            32.706565828048994,
            32.80516017698815,
            32.80183967639605,
            32.916106389701014,
            32.975212881982344,
            32.89409119354782,
            32.98037595584608,
            33.092424664713484,
            32.95954169201792,
            33.07354681798884,
            33.066967565014934,
            33.04228495005869,
            32.93324680522511,
            32.86704899934164,
            32.915075212350025,
            32.861391940324474,
            32.989964068854135,
            32.910181234328675,
            32.946868225521776,
            32.889178797046384,
            32.955036163177056,
            32.9014597067593,
            32.95264644999879,
            32.966570529396435,
            33.09219120095196,
            33.145065211939176,
            33.0437353191335,
            33.09595335276873,
            33.05118964496795,
            32.997456867592106,
            33.09235156939315,
            33.11200062495611,
            33.217166905288536,
            33.32220046079763
        ]
    ],
    "angle": 90214.20000000001,
    "fluctuation": 240.55399799999998,
    "buy_difference": 1.012806521
}