{
    "id": 111,
    "name": "Hasbro Inc.",
    "record": [
        [
            13.42738128599424,
            13.489809748268959,
            13.482955024313751,
            13.462664655483605,
            13.491209424149108,
            13.476222244933728,
            13.520550758420574,
            13.489302925258496,
            13.558091666256475,
            13.489954381069253,
            13.399627319716274,
            13.376181332478726,
            13.399072236055511,
            13.363806066082022,
            13.347188134350358,
            13.455024841394549,
            13.511299060780406,
            13.490563900810178,
            13.351982923367528,
            13.4568726166755,
            13.328568700822137,
            13.424057532610561,
            13.43193442991107,
            13.395436268249945,
            13.285257833064705,
            13.391509814721877,
            13.483770011295896,
            13.456200539437484,
            13.475952132953703,
            13.509628890673177,
            13.462388228117472,
            13.57317385814316,
            13.563716063343911,
            13.739865223106648,
            13.755535722250315,
            13.750710702052155,
            13.800161010605207,
            13.700073724611627,
            13.690127737568206,
            13.66063836668051,
            13.658737755512027,
            13.641770654193987,
            13.744543823084962,
            13.790169906349938,
            13.824953448934401,
            13.824205436416145,
            13.893574722417618,
            13.905964713161646,
            13.933761313107864,
            13.904969499037005,
            13.986624717464418,
            14.137712180846224,
            14.083746155322814,
            14.00055832572344,
            14.02281067901555,
            14.087539344919389,
            14.022443365730918,
            14.063390364328846,
            14.209416610301986,
            14.236386623160339,
            14.197995404245352,
            14.206093236074315,
            14.282279312064905,
            14.17697230459061,
            14.303141534014454,
            14.276452594347488,
            14.199374143366088,
            14.375226802489111,
            14.29219478504183,
            14.291900929412503,
            14.1503452518394,
            14.262111908766043,
            14.310222172129373,
            14.325534697081958,
            14.311937457002289,
            14.217209745080487,
            14.228403220987843,
            14.371725671498515,
            14.279986355635453,
            14.215602808738224,
            14.255377214399319,
            14.271909845952454,
            14.242933916135575,
            14.380433667512534,
            14.338818191823945,
            14.44792857579784,
            14.396551641945434,
            14.51649247419302,
            14.572584617441644,
            14.693817668541854,
            14.747928055555272,
            14.710844576801197,
            14.791553176988867,
            14.638722145832121,
            14.849805513038476,
            14.701029580399178,
            14.628170862679784,
            14.733728831267255,
            14.705364336574101,
            14.539918835044196
        ],
        [
            12.898073115190494,
            12.963210418603412,
            12.97344502330227,
            13.011095906297044,
            12.97490846453085,
            13.047757739823785,
            13.078847942754622,
            13.001627111987347,
            13.022332546230228,
            13.027016251230393,
            12.951472162473499,
            12.909384094255902,
            12.858060408084793,
            12.936315730272415,
            12.918931390307856,
            12.905326869954045,
            12.981271335092218,
            12.941990802316312,
            12.92876774009562,
            12.925113250469208,
            12.869878928844361,
            12.905173643500738,
            12.912746072864078,
            12.913737776732054,
            12.835777009406598,
            12.903496896242245,
            12.969048328401442,
            12.97491351169005,
            13.030473187832728,
            13.032952588297524,
            12.970495181812895,
            13.05113062980024,
            13.11007290147626,
            13.19034837945692,
            13.219881854421494,
            13.29214692183246,
            13.235045106863941,
            13.196856678289482,
            13.139981542375976,
            13.143101251661076,
            13.19265205752742,
            13.131504921010634,
            13.21063575959604,
            13.284971771085539,
            13.322477374119325,
            13.360509777557274,
            13.357875307945655,
            13.428750252974126,
            13.455592950065562,
            13.43856482768542,
            13.51748114220388,
            13.596669926123534,
            13.529912986704431,
            13.499801289319038,
            13.574239664401567,
            13.63415803836054,
            13.549380047843252,
            13.597127656570951,
            13.6820191905577,
            13.66837366813717,
            13.709385155035841,
            13.743374292955817,
            13.698784293814532,
            13.709695429868834,
            13.713333440689611,
            13.800356179286247,
            13.724471177773461,
            13.801674308352261,
            13.804493234477249,
            13.762817474015682,
            13.671595880260503,
            13.76301913348261,
            13.772201276639796,
            13.759449435812055,
            13.749130829883127,
            13.66766791937715,
            13.71400687665546,
            13.780460751278548,
            13.706136329430707,
            13.745672989975395,
            13.689334877822002,
            13.747688702152752,
            13.766574078918897,
            13.808049415343387,
            13.81904758150061,
            13.865948342561303,
            13.930426668759821,
            13.963742242258794,
            14.055588007234899,
            14.151269751635482,
            14.176457691234702,
            14.179006635830683,
            14.188664552688204,
            14.16048979382985,
            14.248798496450712,
            14.170964142322832,
            14.14886264196394,
            14.147282375358206,
            14.114420234826895,
            14.050807051989102
        ]
    ],
    "angle": 90287.9,
    "fluctuation": 394.30792499999995,
    "buy_difference": 1.037923999
}