{
    "id": 112,
    "name": "AmSouth Bancorp.",
    "record": [
        [
            17.828871999725077,
            17.90484137106342,
            17.78578474426646,
            17.681349742754357,
            18.076097513989343,
            18.0437516713001,
            17.919402186065028,
            18.1751839939534,
            18.311488308764645,
            18.496447653526225,
            18.41573499457519,
            18.528152792813408,
            18.506580079383973,
            18.86167638623674,
            18.73619629381956,
            18.54936306951038,
            18.33216261284555,
            18.43211192553046,
            18.125923275298184,
            18.172484283810526,
            18.523363076974565,
            18.68090109117637,
            18.749760162262294,
            18.93378382605625,
            19.2502664163625,
            19.16242483028844,
            18.901349827990256,
            19.262618151669272,
            19.441329332041487,
            19.088236469676843,
            19.327424542894047,
            19.675756826171376,
            19.59498118511902,
            19.616430933290914,
            19.64599158342615,
            19.539680936803563,
            19.205342431922507,
            19.532006338322663,
            19.498807935085253,
            19.310032924932568,
            19.42945974915479,
            19.650043761059912,
            19.687757937763998,
            19.846623320500488,
            19.62944578769333,
            19.890901798834385,
            20.12751427079298,
            19.987614522238832,
            20.2245324208232,
            20.153162855638246,
            19.98538162396847,
            19.832768511720626,
            19.62336273149309,
            19.485089803002698,
            19.401014286512908,
            19.13808570698762,
            19.072750667420046,
            19.342252745528068,
            19.43867367320565,
            19.56816527367297,
            19.416333767332585,
            19.30558798024245,
            19.469882304844866,
            19.325146450827322,
            19.016875196365717,
            19.17257931572585,
            19.221742479426627,
            19.248207995101318,
            19.16999980436758,
            19.182483260813804,
            19.473535488144506,
            19.340231966894454,
            19.34932839385534,
            19.054821246734612,
            18.95768658837257,
            18.97159620231929,
            19.088682380509574,
            19.014309174744284,
            19.08193047708791,
            19.094138930886096,
            18.827689880287302,
            18.690253062500283,
            18.838675456421974,
            19.026874857981863,
            18.88125659226875,
            18.881211996761127,
            19.15111314912717,
            19.248566919708896,
            19.193199623560755,
            19.495790438543587,
            19.397451414951657,
            19.557678989983255,
            19.395557144192523,
            19.45317032569527,
            19.231839188032392,
            19.065697816168697,
            19.03542151532768,
            19.2019083127469,
            19.456170280702832,
            19.40947061639838
        ],
        [
            17.22690222708779,
            17.20378201077625,
            17.1749451756089,
            17.10835817264448,
            17.37179421551887,
            17.446762735074444,
            17.259041705667524,
            17.50714596005919,
            17.673745465970093,
            17.87193801608184,
            17.689384476162463,
            17.80623595670184,
            17.915833215520866,
            18.179300485887698,
            18.123565713233017,
            17.874713211103625,
            17.72740878022608,
            17.77415851681851,
            17.512169383810896,
            17.54309402772385,
            17.817612785484247,
            18.07189116369706,
            18.10944017637629,
            18.34966185235197,
            18.53900982908862,
            18.456256849062438,
            18.230292178103582,
            18.504708099610017,
            18.734238202715336,
            18.488201967506473,
            18.67298714704597,
            18.897826471549994,
            18.895517948541233,
            18.853990079571602,
            18.869238072269987,
            18.79895841907828,
            18.51053341467854,
            18.789700282807658,
            18.836680337052428,
            18.548409648439762,
            18.74152686828406,
            19.011346177826386,
            18.9830848198218,
            19.052450003863843,
            19.01812856791829,
            19.2058404642201,
            19.502645047663414,
            19.274135830265827,
            19.502596698012475,
            19.41824170363825,
            19.178019737199705,
            19.166980349622772,
            18.870055513743058,
            18.709108132762438,
            18.781716269463917,
            18.514171253845394,
            18.46949310704651,
            18.7267102646191,
            18.668257792133105,
            18.932129037795654,
            18.717632807796562,
            18.5885748608627,
            18.793676400149785,
            18.635315245778717,
            18.372953174936683,
            18.49929261899355,
            18.500455036865425,
            18.529625973829035,
            18.504209079094874,
            18.558983087069738,
            18.769023808504087,
            18.672266748307514,
            18.712895961286225,
            18.44842590603658,
            18.27731714743526,
            18.336555201139348,
            18.46452631457098,
            18.422149072703334,
            18.428420986714407,
            18.341030911294197,
            18.13385745189355,
            18.061009364612485,
            18.1662093395576,
            18.336689853888274,
            18.227318543059198,
            18.229100226840714,
            18.436155912598117,
            18.624787245523745,
            18.50807839776572,
            18.762346976985643,
            18.682622303921054,
            18.906809591813243,
            18.67706727654214,
            18.691486551935075,
            18.601136512544386,
            18.333798397456373,
            18.34859363964514,
            18.564739718149873,
            18.6943690444924,
            18.679274558907217
        ]
    ],
    "angle": 89923.0,
    "fluctuation": 912.156617,
    "buy_difference": 1.036913724
}