{
    "id": 113,
    "name": "Comerica Inc.",
    "record": [
        [
            42.89148984469434,
            42.56856294038537,
            42.94209961001881,
            43.242105442929,
            43.24329715267301,
            42.88730626336957,
            42.75428356905374,
            42.975050053562825,
            42.77838719283174,
            42.03798232978586,
            41.78810778910381,
            42.15131141194086,
            42.29005866293063,
            42.75905084150534,
            42.95682590312228,
            42.80115014531106,
            43.22881439273721,
            42.9413512105942,
            42.20726789389895,
            43.33495511552557,
            43.39669256459745,
            43.055672592484875,
            43.786777591327535,
            43.133293250320556,
            42.556231578005885,
            42.18541038872045,
            41.75293912286127,
            42.53102959611892,
            42.803825380865426,
            43.154930954176834,
            43.70396533389444,
            43.79388153346872,
            44.420897871583044,
            43.823134881055545,
            44.265055207152884,
            43.68550404615928,
            43.50962381954745,
            44.05826661953761,
            43.97393870797984,
            44.78711861584343,
            44.20721663311707,
            44.26420728114003,
            43.819052590367,
            44.993055152938794,
            44.687335748863205,
            44.230190587101895,
            44.90558246674541,
            46.025029079629995,
            45.83603193576142,
            46.17572991706965,
            46.04314625817892,
            45.95543201973013,
            45.83748701965217,
            44.919622830490006,
            45.33371595381916,
            44.73467309664461,
            44.06803811423768,
            44.08059700502383,
            43.74848414314499,
            43.182649774266494,
            43.95112961138079,
            43.91392236247548,
            44.21277163865978,
            45.10255788248488,
            44.89323764189794,
            45.42932991623443,
            45.97120172015582,
            45.98959981256944,
            45.357479867121086,
            45.02244454067545,
            45.11534760526654,
            44.850453049881324,
            45.09855426079938,
            44.93712289146235,
            45.35218514010999,
            44.56391982833015,
            44.58089688294028,
            43.6028607352427,
            43.707769659965585,
            42.60027508194466,
            42.318929041000956,
            41.568888974638256,
            41.939043620938676,
            41.82877467897444,
            41.56870554112245,
            40.880351126715816,
            40.272919061934,
            41.03195192046072,
            41.7175482095692,
            41.63514411394845,
            41.285958716252544,
            41.820773197410986,
            41.658052586910244,
            41.937756933272645,
            41.900236101271815,
            41.848574983117075,
            42.18841113486141,
            42.39558374996696,
            42.2266466632261,
            42.72277531554671
        ],
        [
            41.684032650968526,
            41.42383304116643,
            41.85829225698898,
            42.37083453199679,
            42.27859701503698,
            41.77983896850582,
            41.538277093750004,
            42.12608145642664,
            41.811489990589955,
            41.18683684293544,
            40.60362401755947,
            41.25230699300233,
            41.2433090988463,
            41.84708453800284,
            41.897760418735366,
            41.86728931204968,
            42.36632028065269,
            41.84502178070417,
            41.38178137394955,
            42.123404852434916,
            42.518037192157735,
            42.133153938113225,
            42.8142431361305,
            42.259970939202084,
            41.72811299038942,
            41.15359095148697,
            40.63824828559619,
            41.40795725093383,
            41.55744419132994,
            42.09939786440288,
            42.47786664856823,
            42.79974438833148,
            43.13172174588363,
            42.60218027332744,
            43.312280276289634,
            42.59995701208168,
            42.36916599351919,
            42.993534185027514,
            43.11823239507393,
            43.69166359716084,
            43.0398829727349,
            43.376698342491274,
            42.93184566978352,
            43.69597055186622,
            43.78254864838754,
            43.29987682170552,
            43.93461482854549,
            44.747185808879834,
            44.85843968829497,
            44.987838146028984,
            45.06113667030617,
            44.894240412618345,
            44.702932680558774,
            44.0278162292593,
            44.039960777730094,
            43.8113308753869,
            43.18879995009705,
            42.972348278154406,
            42.73397630526869,
            42.1390779011424,
            42.93622086573664,
            42.85267821799632,
            43.2915112231913,
            43.959831549084974,
            43.94456869888975,
            44.47825665866797,
            44.68594778623184,
            45.004218301154204,
            44.32340902331429,
            43.7462835050329,
            44.04268810020464,
            43.77095380508705,
            44.03510545998439,
            43.85553760244398,
            44.03159965598565,
            43.47392406310038,
            43.33883029839277,
            42.5321193006423,
            42.50696934738137,
            41.70424407252906,
            41.10302669649374,
            40.645615351504524,
            41.00754860844767,
            40.89563064632847,
            40.39848663006946,
            39.97237040289204,
            39.44958851475759,
            40.13669250148036,
            40.6159566151967,
            40.77987058909726,
            40.40946367093634,
            40.98637208897695,
            40.5904330952558,
            40.74903135725158,
            40.75315676248783,
            40.77607275184433,
            41.31762481740158,
            41.54136912523997,
            41.26395331531314,
            41.81997185939433
        ]
    ],
    "angle": 89640.1,
    "fluctuation": 1109.415816,
    "buy_difference": 1.02486743
}