{
    "id": 114,
    "name": "Mellon Financial Corporation",
    "record": [
        [
            29.6052735028874,
            29.12147108967881,
            28.891277240157606,
            29.240252825030147,
            29.79160837618956,
            29.734676574810482,
            29.487240810958443,
            29.022088958217665,
            29.46342437508208,
            29.959909967705,
            29.487118471244045,
            30.341114497537212,
            31.144768847526695,
            30.97700689377764,
            30.313559183293826,
            30.94249358301883,
            31.498223085536594,
            31.261603452092462,
            30.73777311572986,
            30.341978348994477,
            30.622478857371814,
            30.6688209719191,
            29.82406408229326,
            29.893682960348386,
            30.39501043436533,
            29.65104159209993,
            29.825321287884815,
            29.422505996815914,
            30.203092962891976,
            29.378399973278675,
            29.671910895507633,
            29.428820415008733,
            28.927762781433636,
            28.428851402940833,
            28.805784021044886,
            29.36320261660468,
            30.09224446581654,
            30.051544652922676,
            30.272509484768126,
            30.428954677604494,
            30.381577543742708,
            31.012185669006147,
            30.630578899277904,
            29.830502712224952,
            30.661338314463627,
            31.40933732060031,
            31.0478761841835,
            31.436933120092966,
            30.588165773900787,
            30.144055719356658,
            29.52272411486506,
            29.797497142754764,
            29.969338027245183,
            29.763486216157006,
            29.406071216730513,
            29.421458215553162,
            28.899534484544173,
            29.679630293763328,
            29.724441063022045,
            29.129678523841214,
            28.858064135696175,
            29.519611828837597,
            30.233719971408654,
            30.50786229013159,
            29.819289064929215,
            29.412604825093425,
            29.839753458034224,
            30.282958519627112,
            29.83172318386364,
            30.005688256168867,
            29.839299462836557,
            29.250856815741788,
            28.477798318037365,
            29.00284048730422,
            28.71970017062197,
            29.094721275796193,
            29.66286307733899,
            29.372634298033717,
            29.495092004691607,
            29.81729972138026,
            29.851104201437987,
            30.171062835941918,
            30.148194421655443,
            30.49012177608635,
            30.714475085361997,
            30.99693919540285,
            31.244665404851467,
            31.89816021074498,
            31.954457103979593,
            31.324800798554588,
            31.999436088403574,
            31.979733336735592,
            32.407535101736805,
            31.851011162928266,
            32.2285486269073,
            31.536887673757196,
            31.20169347869388,
            30.658814774169684,
            29.98827206573308,
            30.90095316880962
        ],
        [
            29.300156328273836,
            28.645810740644443,
            28.51903396773355,
            28.711054991703072,
            29.23203887349213,
            29.398694162994236,
            29.16868983096732,
            28.573727157615195,
            29.139279423375793,
            29.461730438939096,
            29.051894537638614,
            29.90225643140146,
            30.69735727091986,
            30.39214549585086,
            29.881077689965664,
            30.57752116920235,
            30.95592583801496,
            30.821763711928146,
            30.163436027189015,
            29.837445708808936,
            30.143368201605757,
            30.34664592472762,
            29.49595151504476,
            29.376080407655284,
            29.985367175448584,
            29.32777651463141,
            29.38804435321298,
            28.973748855900197,
            29.644651713386967,
            28.875479551896312,
            29.35136492260465,
            29.003157896348274,
            28.390073538425437,
            28.059754836967024,
            28.47743974191106,
            28.94717596164951,
            29.62142970759134,
            29.673271098898322,
            29.760220852008512,
            30.030881930443353,
            29.900261286844227,
            30.61568341735489,
            30.199617452121576,
            29.49343752768432,
            30.079441533718796,
            30.951932210115682,
            30.513332449752763,
            30.957451588925693,
            30.106584019702126,
            29.830389236836442,
            29.08115841744283,
            29.345953700949035,
            29.42401258600108,
            29.471540854535352,
            29.01847308121884,
            28.995902184761363,
            28.498631941063216,
            29.359000928117865,
            29.39152378134199,
            28.565472610645564,
            28.52912393886243,
            29.124682855812335,
            29.805359565672674,
            30.135925790264636,
            29.3058976161783,
            29.097781602477575,
            29.367020979922582,
            29.70824270346563,
            29.412001355008886,
            29.657715024993237,
            29.375377106994982,
            28.692871422359538,
            28.032242728286544,
            28.68088366884324,
            28.35534941043324,
            28.63093192750268,
            29.17544692894145,
            29.0203571277397,
            29.170598658238674,
            29.447877284462873,
            29.52269414948429,
            29.625018956721835,
            29.81950922606187,
            29.99809638064838,
            30.20676344097506,
            30.524168527534766,
            30.84828182408745,
            31.33022608548279,
            31.482815748769436,
            30.721135818911222,
            31.492489114410624,
            31.47309850106626,
            31.922821842104764,
            31.402878664051745,
            31.604321425287743,
            31.021774719739103,
            30.824388612333475,
            30.224431497865375,
            29.64644913299504,
            30.518104771088808
        ]
    ],
    "angle": 88691.1,
    "fluctuation": 1690.801442,
    "buy_difference": 1.014980914
}