{
    "id": 115,
    "name": "Countrywide Credit Industries Inc.",
    "record": [
        [
            6.140001753280467,
            6.161615253772177,
            6.065286339039484,
            6.065433318082527,
            6.077095955023539,
            6.079902677249834,
            6.079947710961684,
            6.029600662328508,
            6.01960991173523,
            6.052983383266805,
            6.021630180328068,
            5.993934819428378,
            5.981000060725307,
            5.950353536895396,
            5.990177434165775,
            6.047272164297003,
            6.010040286255939,
            6.0561903098917655,
            6.091522838239533,
            6.095161251004893,
            6.069219595864039,
            6.162600688001493,
            6.149656322049059,
            6.1432376654763035,
            6.054072503266744,
            6.081165682049167,
            6.121765261367091,
            6.096972193219281,
            6.152566448365311,
            6.095273650088658,
            6.122648160867955,
            6.1247388513670655,
            6.123681784236735,
            6.122383097621536,
            6.176791324741945,
            6.163087386123166,
            6.229180444878811,
            6.2204280154018265,
            6.284552890488415,
            6.191958851266939,
            6.251772821486702,
            6.301837251490935,
            6.322491481367362,
            6.318646550073318,
            6.259979866294681,
            6.1865113008143044,
            6.23065146298448,
            6.250665813865429,
            6.275330548223132,
            6.252715034698502,
            6.287412128837967,
            6.30229551284715,
            6.326375087540511,
            6.307741092718268,
            6.28685104078568,
            6.359322170958527,
            6.33663404223923,
            6.277091297799105,
            6.330497836988409,
            6.372682790466612,
            6.249557342345767,
            6.227785013528316,
            6.306191349797227,
            6.276907345145472,
            6.289136439315947,
            6.264611964972668,
            6.194273678635645,
            6.21097996501244,
            6.20721407758878,
            6.2765151179797485,
            6.335431453027085,
            6.30975100034957,
            6.38569426662405,
            6.4177284654272775,
            6.452500448597255,
            6.477228794369414,
            6.3753319041819525,
            6.431645373370363,
            6.478524271027669,
            6.547360256475031,
            6.608919590903826,
            6.510225421749717,
            6.587719203533,
            6.634732448763719,
            6.729702712968164,
            6.638947151810917,
            6.65449483419258,
            6.640202263755265,
            6.747921903943131,
            6.702965454028095,
            6.731868048561515,
            6.601485796132176,
            6.600961357681534,
            6.576771443966038,
            6.510827240526422,
            6.532684185385402,
            6.577851193273666,
            6.617855299603024,
            6.654722098324295,
            6.595298080199913
        ],
        [
            5.919137037451694,
            5.925176404487918,
            5.855297653851949,
            5.861302605799476,
            5.882586153373487,
            5.8448522080195415,
            5.8829863577003065,
            5.816193114318579,
            5.83220484638125,
            5.818394041235151,
            5.787103153211848,
            5.757619686063653,
            5.772197305380733,
            5.745493429377775,
            5.78568283370851,
            5.8396595786023235,
            5.817676737508264,
            5.840674115095718,
            5.861862220619518,
            5.901849115239058,
            5.876730217126945,
            5.925533596960007,
            5.962392612227005,
            5.934705737161556,
            5.871489011275632,
            5.865346835555129,
            5.89390288371751,
            5.875894481276881,
            5.935993339075188,
            5.875430971111617,
            5.895929282803468,
            5.93883053311261,
            5.909897865758234,
            5.90392138050057,
            5.9468807846591485,
            5.96283486543082,
            6.035250940227946,
            6.015899978194811,
            6.060910162032484,
            5.988366881842882,
            6.045608332138421,
            6.106258780764704,
            6.117672864932802,
            6.077998818525205,
            6.030582595383758,
            5.977108760064976,
            6.00772617138409,
            6.0114088237244205,
            6.030322033423671,
            6.0163773031612235,
            6.078245235496032,
            6.066503100569405,
            6.10551494104161,
            6.0857057660766465,
            6.05888827510908,
            6.132405883780624,
            6.117862890422279,
            6.060375848536014,
            6.09608237990485,
            6.121435249595986,
            6.051955630090858,
            6.0169854301020695,
            6.056359675566393,
            6.071130654956876,
            6.076868573941364,
            6.053171837693531,
            5.994209691965674,
            6.018221263892222,
            5.9959102816014616,
            6.050739819595355,
            6.108146992665796,
            6.1065696124463935,
            6.139433380799984,
            6.188109781399298,
            6.237841468803295,
            6.242362884503665,
            6.17127645511329,
            6.220172497071504,
            6.269279497444231,
            6.289851975357745,
            6.356583147606634,
            6.299325119631556,
            6.335560807057036,
            6.39734962056059,
            6.471464718555056,
            6.426454161207986,
            6.4382753842653075,
            6.427024464389293,
            6.5090905868577185,
            6.473489600046841,
            6.465815817159414,
            6.393398150349682,
            6.40124108425344,
            6.352887306238528,
            6.296119922841324,
            6.297065101703214,
            6.357111718236761,
            6.406679992364664,
            6.412779856131696,
            6.370783265245203
        ]
    ],
    "angle": 90058.40000000001,
    "fluctuation": 724.6405500000001,
    "buy_difference": 1.036173877
}