{
    "id": 116,
    "name": "MBNA Corporation",
    "record": [
        [
            41.18400917142341,
            40.027870496873405,
            41.11183068916171,
            40.54578182355283,
            41.47900906638479,
            40.90314744498145,
            41.410074393100466,
            41.22410359204791,
            41.552017661518974,
            42.566303283754536,
            41.864621435235634,
            42.920945312172435,
            42.86727408155607,
            43.24394122093424,
            44.169021620761086,
            43.90015789708703,
            44.480424881708544,
            45.72967589418841,
            44.84291201343598,
            45.47419603158547,
            45.14017852765468,
            45.44895710068999,
            44.31131934351911,
            45.51263318359595,
            45.36508743770923,
            45.57970729668298,
            45.88112103506408,
            45.01603133138018,
            46.44782310740672,
            45.168830584637014,
            45.505459486563716,
            46.510615827452675,
            46.655944648387845,
            47.16125199322201,
            48.165546949420204,
            49.792808932829864,
            50.365640364852915,
            51.22255393325628,
            49.9433267708578,
            50.66474983459465,
            52.05049220924948,
            51.10721664459377,
            51.80335962638978,
            50.384274420132336,
            50.185510266354065,
            49.558561389963664,
            50.38259844734552,
            49.000634531710794,
            48.5725794712524,
            49.162942397478204,
            49.61810941362925,
            50.49298499411714,
            51.33762841191851,
            50.719421282760116,
            49.88314166710351,
            50.88814831139938,
            51.03699912487259,
            49.80850014590079,
            48.77823751932113,
            48.66263693220705,
            49.150577161953684,
            48.351317061109974,
            49.35730549572058,
            50.91937254984765,
            51.007980089009635,
            49.86875792651355,
            49.37285753505088,
            47.82062034002246,
            47.76127716649486,
            46.729549691877395,
            46.45441008228106,
            46.67279967154136,
            47.367802484293634,
            48.14052691100761,
            47.14500472470913,
            46.031060148779076,
            44.928779909236624,
            45.29480672943743,
            45.97028455030107,
            44.90015422698913,
            44.68779527263859,
            45.92710146311661,
            46.3986341094071,
            46.78457916489784,
            46.31054303133891,
            47.86224213336534,
            47.05135109401273,
            47.78149007454478,
            46.44033592850452,
            46.243541663412614,
            45.051861525968825,
            45.19713650070791,
            45.572214209493076,
            44.884746205003715,
            44.92726548588877,
            44.72497381488542,
            44.42406175798313,
            43.684988486027,
            43.16046330258858,
            42.67036918309911
        ],
        [
            40.10660810550633,
            39.07435277715687,
            40.14454579207788,
            39.59577933841006,
            40.377763691946306,
            40.061100170169375,
            40.38724944962447,
            40.334943930447416,
            40.56219270609629,
            41.49417250915184,
            40.838736969956635,
            41.9909740185289,
            41.925848819498896,
            41.97016612524636,
            43.078050940201955,
            42.87585432126958,
            43.53413203199909,
            44.7657906251462,
            43.744045112570184,
            44.43541495422526,
            44.09135739891727,
            44.202604840582865,
            43.13487765504436,
            44.18962212422352,
            44.13423844782505,
            44.45389281258368,
            44.69422858566767,
            44.01417502818854,
            45.16056848212201,
            44.02674866748759,
            44.45260308132252,
            45.3391384209717,
            45.44446939269587,
            45.831380533918065,
            47.17873101241342,
            48.461162792635996,
            49.23485394809997,
            49.72861006158051,
            48.525335022995876,
            49.39357784684674,
            50.60796525400843,
            50.04002931370884,
            50.332557795371045,
            49.02702542141636,
            48.911694695727704,
            48.450751387244836,
            49.30084579459119,
            47.95817708639866,
            47.184104906253644,
            48.12186104309715,
            48.17096035934318,
            49.2852412058804,
            49.959682516188565,
            49.63043678792247,
            48.50551621010183,
            49.81053375493838,
            49.82122915203517,
            48.729295692731604,
            47.61627428635705,
            47.62259118604893,
            47.85998654949296,
            47.03944546280314,
            48.37036243100371,
            49.62692998512582,
            49.86277215334507,
            48.768679730454394,
            47.97584198142491,
            46.69549010260207,
            46.75457002083418,
            45.53890308627424,
            45.47524894271901,
            45.34766478239986,
            46.04128185888528,
            46.93268734830414,
            45.847569589522124,
            44.99308207223528,
            43.964124882508976,
            44.09665528304872,
            44.65175066703086,
            43.85251816524021,
            43.71077217095721,
            44.77479645719104,
            45.144246019595,
            45.66096713595,
            45.38452268219293,
            46.50333657445726,
            46.11978607689118,
            46.383290298476076,
            45.379485019666575,
            45.015800511906725,
            44.11554697065232,
            43.90077828831173,
            44.37115384241064,
            43.64516170938943,
            43.91857898482824,
            43.75591450236823,
            43.20150723902438,
            42.601713207058616,
            41.947587361881034,
            41.60809345813148
        ]
    ],
    "angle": 88486.2,
    "fluctuation": 1675.684797,
    "buy_difference": 1.025325442
}