{
    "id": 117,
    "name": "WESCO International Inc",
    "record": [
        [
            19.67039016188014,
            19.658443312795647,
            19.740564242769253,
            19.861449014462046,
            19.886733790733686,
            19.769665318853747,
            19.88569041957531,
            19.93659556449136,
            19.933246812518117,
            20.027158959938003,
            20.172882854747748,
            20.373205007878585,
            20.540983061942168,
            20.839509576438672,
            20.930185414380233,
            20.855641668787694,
            20.821532809027328,
            20.977221422355964,
            20.948898909017892,
            20.524102481260815,
            20.609906627369906,
            20.50040613149193,
            20.27727271551188,
            20.52798869959309,
            20.291030287951486,
            20.23047748137949,
            20.307321683147,
            20.265888814920658,
            20.19047682079395,
            20.349943449059953,
            20.770511527125564,
            20.42908189594051,
            20.656208552387927,
            20.572811245583434,
            20.29750061113048,
            20.279176486155976,
            20.324738724871118,
            20.21008100548687,
            20.53035867514391,
            20.358014117797982,
            20.336195649853313,
            20.54407367705972,
            20.428642833626274,
            20.40948792611724,
            20.26138829285647,
            20.278984313244166,
            20.114838899648042,
            20.14521313772426,
            20.081568965098445,
            19.981055589258265,
            19.92764903307612,
            19.67288943021119,
            19.83592327659441,
            20.063288438486637,
            19.835331850524753,
            19.95221249385162,
            20.035328382790834,
            19.864692828956578,
            20.01654037769142,
            20.13574919379976,
            20.10181961815654,
            20.03223444381965,
            19.931234453311845,
            19.61973529895959,
            19.490873363150545,
            19.223026773754633,
            19.21262871090214,
            19.06202963428952,
            19.014756499203752,
            19.186629931017617,
            19.14344449687453,
            19.162918574661486,
            19.44633537873299,
            19.203213539894552,
            19.312049295577317,
            19.47701459965985,
            19.359870011032555,
            19.405670204599758,
            19.293967415220624,
            19.332177738468587,
            19.127519495674285,
            19.12217039191155,
            19.353979388477384,
            19.36402912651391,
            19.295511605951493,
            19.0796189367711,
            18.889060534298128,
            19.109671544077198,
            19.288583951104425,
            19.33480973524821,
            19.070716769737718,
            19.373463398633525,
            19.394166849409086,
            19.221216963710837,
            19.32501694152037,
            19.37720059345882,
            19.487007673699924,
            19.19618291134907,
            19.242752972122446,
            19.27293673262197
        ],
        [
            19.333513686607237,
            19.420658579426423,
            19.49787291945986,
            19.613335873872458,
            19.49942832956892,
            19.469966378703234,
            19.584232592809556,
            19.646158451417698,
            19.682262412950365,
            19.678278384289996,
            19.918881138997666,
            20.090484767911335,
            20.28234650620077,
            20.488747485802843,
            20.59640980748903,
            20.53126403984433,
            20.45881394476812,
            20.624141422327778,
            20.53886147419939,
            20.263646011063944,
            20.281238535982858,
            20.13323388703559,
            19.989876558799672,
            20.24920562302399,
            19.995429755801492,
            19.931768740819454,
            19.909841981366238,
            19.906888734982914,
            19.95226341535522,
            20.113886729899694,
            20.361937828537066,
            20.202248872205054,
            20.2963696983159,
            20.260936986369853,
            20.064066686652602,
            19.95578257898734,
            20.022634323778007,
            19.947607866393916,
            20.18480008586987,
            20.025356039969697,
            20.060017244265545,
            20.23668402241893,
            20.096838731796844,
            20.043944070938426,
            20.016310453464616,
            19.92571684605553,
            19.881509362935866,
            19.825937357505914,
            19.844640487767876,
            19.763167698185203,
            19.529820717941963,
            19.334039836815435,
            19.54695276139443,
            19.73150314980297,
            19.607213155228347,
            19.57728129658162,
            19.672560815068042,
            19.620475463611513,
            19.748660740419155,
            19.912173171241644,
            19.86664646021147,
            19.746333889764433,
            19.603591333476743,
            19.3843640150076,
            19.137963913020624,
            18.888154480588128,
            18.887363328563314,
            18.752422203518815,
            18.642576461842665,
            18.876885097563,
            18.765007943740834,
            18.85167249542464,
            19.06001329654479,
            18.927249604335135,
            18.943483346617374,
            19.133898221322404,
            19.142985962217796,
            19.14980419561398,
            19.087407539262237,
            19.069634531455918,
            18.90754108419667,
            18.834171344794214,
            19.01303045709917,
            18.979342145341665,
            19.062116824409582,
            18.865874474515337,
            18.681203605628127,
            18.81809524033352,
            18.94689633781632,
            19.001783290891137,
            18.86086087944103,
            19.022679819686772,
            19.00698877796048,
            18.99634606253031,
            18.97700333236535,
            19.03394318069241,
            19.212736158872982,
            18.990669909501936,
            18.916977592974177,
            19.016914563339938
        ]
    ],
    "angle": 90257.09999999999,
    "fluctuation": 789.42293,
    "buy_difference": 1.015799204
}