{
    "id": 118,
    "name": "ALLETE, Inc.",
    "record": [
        [
            37.667989729576504,
            37.8685636728643,
            38.4650814575404,
            38.419722105169114,
            38.14696210374188,
            38.80128375860761,
            38.53115756894026,
            38.49515543175764,
            38.47270153441952,
            37.840649593529754,
            38.11011417029242,
            38.00236476854795,
            38.52488646791119,
            38.08938825163166,
            38.54759710538341,
            38.15846204206419,
            37.746817182567966,
            38.036605698413595,
            37.6311108918861,
            38.1968958876224,
            38.919772968035176,
            39.51219507504831,
            38.62526431694044,
            38.459581088220176,
            38.45425841380932,
            38.45955049041086,
            39.017391279506775,
            38.488610862786416,
            38.72938706579759,
            38.341784152219674,
            38.224727012348424,
            38.23891329348187,
            37.65460063414909,
            36.849376334516954,
            36.81550396715168,
            36.275640951656854,
            35.91870128472401,
            36.554968453070344,
            36.760757049904505,
            37.401023035482346,
            37.422689899455406,
            37.15659149653252,
            36.74440919748747,
            37.03698909316316,
            36.835832059080325,
            36.43482704650666,
            37.08744351858299,
            37.19551251249717,
            36.74774414769724,
            36.66726967845037,
            36.675242466565706,
            36.31067605993616,
            36.36034266075388,
            36.372138616645486,
            35.978579600374104,
            35.56837224823703,
            35.96377312639853,
            36.43932317185681,
            36.38617157034222,
            35.69343342329561,
            35.94554574526462,
            35.66618665388913,
            35.053107512545076,
            35.83280199536406,
            35.849528784797634,
            36.09302457382559,
            36.00145364787011,
            35.9461103217201,
            36.433805433128214,
            35.638948602570046,
            35.507158272353045,
            36.181346473216166,
            36.07127967022501,
            35.92646153804195,
            35.96604563490568,
            36.11604340178913,
            35.854266746307474,
            35.902358333409005,
            35.98042112073733,
            35.72699497617009,
            35.15838658599103,
            35.38391132856664,
            35.93253482754547,
            35.64901288549108,
            35.85043149337163,
            35.8558567768625,
            35.75358824071963,
            35.50917858460268,
            35.8815848548653,
            35.2581028418287,
            35.73025172356525,
            35.61432622296429,
            36.37269240278817,
            36.20980850055619,
            35.605505915187635,
            35.95074137275021,
            35.805159388291344,
            35.389343508126636,
            35.10698468840278,
            34.944764845734774
        ],
        [
            37.11642670591516,
            37.317813475030775,
            37.71991795283631,
            37.7736488099083,
            37.378058908458215,
            37.88292232782244,
            37.7017701127289,
            37.86679638879863,
            37.56585722396776,
            37.1819467677729,
            37.282349618410315,
            37.21778211068951,
            37.7596845503677,
            37.3776672180528,
            37.62774743086787,
            37.344549412910744,
            37.20157610906557,
            37.173353424386946,
            37.06519029136874,
            37.49817579227799,
            38.06303078412657,
            38.603911922678634,
            38.03293269921408,
            37.69190899384057,
            37.6490660724422,
            37.69564631102708,
            38.20040751920883,
            37.758094773375106,
            37.99810236071325,
            37.527706577943164,
            37.533012682586474,
            37.33757963155983,
            36.74508721475067,
            36.28063556556019,
            36.116743544655016,
            35.55156137313928,
            35.26871677660558,
            35.73958977935497,
            36.0233941369184,
            36.54855303137981,
            36.70139022938761,
            36.36041978830169,
            36.050604660952146,
            36.28683311024968,
            36.08254033951098,
            35.897713832524715,
            36.31449651402786,
            36.445787060093004,
            36.180571990582315,
            35.785165428282696,
            35.95396636797216,
            35.50428627159089,
            35.577682237110515,
            35.546661926612096,
            35.15502767016521,
            34.79581518940281,
            35.186138016286904,
            35.65496268391934,
            35.56037639817911,
            35.00546412389512,
            35.2386202758394,
            34.825495016634235,
            34.51902225249352,
            35.023056151248554,
            35.155034986812105,
            35.25280245199883,
            35.367678511874715,
            35.4162016488889,
            35.66023830252961,
            35.11004044818699,
            34.892571435689845,
            35.46623805293276,
            35.23507322504667,
            35.37906945457516,
            35.294000418429334,
            35.31045519271699,
            35.24426740409079,
            35.07006783221338,
            35.36473049548898,
            35.04538857686913,
            34.525617782042865,
            34.788888800067205,
            35.215303815482294,
            35.0882300261587,
            35.304197838616616,
            35.0455899432495,
            35.008440387136396,
            34.842183519604774,
            35.0567600395875,
            34.73833660519725,
            35.11884195295298,
            35.05057093410818,
            35.51181166378109,
            35.49768589005375,
            35.05244397358327,
            35.417205984818125,
            35.0729448955713,
            34.73154987392923,
            34.48550115306269,
            34.4399985496621
        ]
    ],
    "angle": 90309.2,
    "fluctuation": 927.694349,
    "buy_difference": 1.019755173
}