{
    "id": 119,
    "name": "Champion Enterprises Inc.",
    "record": [
        [
            13.424274576800352,
            13.30274638034236,
            13.439979614241755,
            13.604822091353409,
            13.523638537075382,
            13.30516669092692,
            13.544567440544983,
            13.40255801391579,
            13.616711354000172,
            13.575938400425542,
            13.671162705451222,
            13.563599509136992,
            13.649385477405602,
            13.252247338861173,
            13.362074705674527,
            13.01493792844582,
            12.62996398082468,
            12.552511079197068,
            12.261371456591457,
            12.254788955657512,
            12.440849997519535,
            12.706824866350377,
            12.748831998951928,
            13.132250133117495,
            13.28295570888095,
            13.109047037733943,
            12.745840589276488,
            12.726338289852611,
            12.471890507293176,
            12.91169478723497,
            13.205520887603987,
            12.977077279150505,
            12.742795472297058,
            12.70445883530042,
            12.523989099642032,
            12.793316665009343,
            13.199355061178506,
            12.850615566357693,
            12.841138417947404,
            12.592847103815657,
            12.698660622207274,
            13.112483601348908,
            13.09894360606712,
            13.339473395747156,
            12.987250696463738,
            12.762117621966757,
            12.3252792915705,
            12.212775003623612,
            12.594200336939748,
            12.573202972894281,
            12.68999531728729,
            13.049225860281043,
            13.233966114793562,
            13.055426684531001,
            13.07275179867587,
            12.919295957458006,
            12.623126881557285,
            12.983928336369159,
            13.086751398344951,
            13.005231375879294,
            12.753077154832226,
            13.173444518666415,
            13.080421621903614,
            13.027703534540679,
            13.27743521678604,
            13.354880573190771,
            13.125687171731734,
            12.912189964222268,
            13.029270732914501,
            12.885427971772748,
            12.710028284494358,
            12.37127147064548,
            12.512387449324647,
            12.128526187974158,
            12.41040628119712,
            12.640717999040099,
            12.536293287124243,
            12.449337756331122,
            12.750926578231853,
            12.664275090706084,
            12.684779322388549,
            12.281880976642219,
            12.563079221552664,
            12.282204850667778,
            12.257797596501362,
            12.390323787917904,
            12.555796555146394,
            12.15891435333145,
            12.070084039712464,
            12.162756664972493,
            11.966671013637535,
            11.987734339220092,
            12.072428970346467,
            11.809315656860036,
            11.885156249607212,
            11.602444339238323,
            11.876958227671265,
            12.19309895232995,
            11.886848100393578,
            11.529799798882513
        ],
        [
            12.939289882836782,
            12.879921196843009,
            13.00367898782486,
            13.193530501466714,
            13.031167585600826,
            12.91718287404532,
            13.070870327182437,
            12.89778929726658,
            13.140491135806084,
            13.111611451450754,
            13.21017538805907,
            13.178663900663198,
            13.197044378420372,
            12.801548321623855,
            12.87163955220242,
            12.602522446481917,
            12.264131766461759,
            12.08577034962572,
            11.868081468626945,
            11.820301781173704,
            12.046626131376184,
            12.257533568206448,
            12.365898234632143,
            12.643952933507554,
            12.792875865460791,
            12.673345691865302,
            12.317285587305234,
            12.341604415824516,
            12.104559761134672,
            12.458887989393368,
            12.779388626155745,
            12.57845634962652,
            12.291006280347947,
            12.319151031687895,
            12.11257672130172,
            12.385443572657904,
            12.772143657285646,
            12.43718042287777,
            12.392042481323989,
            12.209700046533296,
            12.324650885765047,
            12.652635238363493,
            12.624453994672525,
            12.920655322764459,
            12.544310964036956,
            12.346587080844213,
            11.962266640349977,
            11.793893382513136,
            12.137994294420993,
            12.098465576152323,
            12.327375520370477,
            12.659808814441373,
            12.796671438876816,
            12.603867379479196,
            12.596700142974278,
            12.450073024421297,
            12.184087220831053,
            12.557406978472217,
            12.603910589661734,
            12.541635832909611,
            12.29969665113447,
            12.707654358569668,
            12.653261370054105,
            12.603525599526668,
            12.85412758654671,
            12.899402553559455,
            12.636375901144705,
            12.4271261997696,
            12.616401075103171,
            12.49337891658231,
            12.344356009175497,
            12.015345355769945,
            12.117110002968243,
            11.771308445256944,
            11.982353055027255,
            12.163431378538489,
            12.179288998598944,
            11.986433326260562,
            12.381590631401307,
            12.240909045037347,
            12.287747355755883,
            11.90461460873071,
            12.117661775887989,
            11.836120775872578,
            11.794969235796602,
            11.991697335623178,
            12.087730183820529,
            11.71614060541836,
            11.709886697731585,
            11.754981443030077,
            11.581674487832776,
            11.632328424198347,
            11.719215753157789,
            11.447712635547163,
            11.518921651225059,
            11.192202021928702,
            11.479912143042855,
            11.835167160661307,
            11.475707430910134,
            11.163327374595957
        ]
    ],
    "angle": 89735.9,
    "fluctuation": 1851.059562,
    "buy_difference": 1.034069126
}