{
    "id": 12,
    "name": "Knight-Ridder Inc.",
    "record": [
        [
            10.871947686040272,
            10.678038982774938,
            10.918185382528263,
            10.647098921520959,
            10.407780275103681,
            10.429614041134817,
            10.458464263032345,
            10.70488129673203,
            10.919603172757421,
            11.016549226568983,
            10.884154110800417,
            10.726825690068129,
            10.576849144348433,
            10.51786539432532,
            10.43951109078442,
            10.258029074640202,
            10.23179944316222,
            10.376940129409784,
            10.217432907689416,
            10.079421441636471,
            10.207705523229482,
            9.999046898633773,
            10.00328114014143,
            9.902857350590066,
            10.097391822691561,
            10.16646770805575,
            10.388314040502658,
            10.472946046527449,
            10.338816892769858,
            10.50140003856913,
            10.391481085185257,
            10.364864092346819,
            10.372220747396732,
            10.366644257806191,
            10.6118194082269,
            10.624993622548086,
            10.785638566252478,
            10.8552560077749,
            10.998250296368814,
            11.201234151075269,
            11.032720606253154,
            11.021885063031156,
            11.141599950640208,
            11.21266371450418,
            11.080824133694005,
            11.264844656189641,
            11.297989110468421,
            11.221292440125938,
            11.008899725284008,
            11.241805820362385,
            11.010816784439974,
            11.247555934214805,
            11.064022608591568,
            11.175955487780433,
            11.259730337799162,
            11.378846989725172,
            11.403941558113035,
            11.509667337471553,
            11.710944852003943,
            11.68383217431227,
            11.888306794158735,
            12.03207126203859,
            11.895367697911547,
            11.909802475638259,
            11.974828748120208,
            11.94278246655003,
            11.988134797018358,
            11.860456888938085,
            11.863610597621177,
            11.605880157450928,
            11.666963692280524,
            11.395449378684406,
            11.509951224357794,
            11.437300414799719,
            11.547172232777658,
            11.616163838669369,
            11.581453233367444,
            11.425465821223138,
            11.220059706498574,
            11.217489931659262,
            11.190158657912502,
            11.429769941162204,
            11.332879256596092,
            11.483298252616349,
            11.38033018633486,
            11.467426003041657,
            11.350394047066864,
            11.211325458862888,
            11.46322070727797,
            11.229978287921297,
            11.50381255432751,
            11.675453297524879,
            11.668667136587132,
            11.81274612741495,
            11.740128648480287,
            11.673122788812597,
            11.709286012333239,
            11.70586874300471,
            11.497519693611473,
            11.673031012303053
        ],
        [
            10.509890383459632,
            10.292578799804426,
            10.51566474448573,
            10.303868316972117,
            10.104648036371236,
            10.050114087048893,
            10.153855825694377,
            10.347352485141247,
            10.531726185178659,
            10.61886936349422,
            10.529063604038772,
            10.326213783331601,
            10.260545484989718,
            10.169634471267516,
            10.066678014054363,
            9.907496158089613,
            9.92481822486385,
            10.027355007832595,
            9.883104473819849,
            9.738885434958,
            9.885569941223663,
            9.685437540579759,
            9.636411211347545,
            9.541572877274362,
            9.748450701017656,
            9.794589350519328,
            10.016309865492282,
            10.094889391569847,
            9.97157010842693,
            10.0991461290441,
            9.991448854143064,
            9.980753160115576,
            10.034836419139316,
            10.027433423684936,
            10.219574965554699,
            10.31553492740006,
            10.446311461754272,
            10.504263037428398,
            10.606521030926656,
            10.78505348277805,
            10.633396294244642,
            10.645249991233488,
            10.715889788681167,
            10.794982755966616,
            10.680824048947379,
            10.890792624592407,
            10.944736932915687,
            10.843262227653494,
            10.68933353798466,
            10.83599455338481,
            10.67403412221121,
            10.89369644185423,
            10.663565334823724,
            10.845001622920288,
            10.886937366800577,
            11.035235825883051,
            11.013150252972343,
            11.107482436360424,
            11.297213646781424,
            11.327600704168042,
            11.450020699137141,
            11.615111892348699,
            11.5211273918713,
            11.46958071397022,
            11.550621794206071,
            11.55778290223644,
            11.534671611557458,
            11.435735469946206,
            11.43649396694916,
            11.240747422398657,
            11.222296850714876,
            11.05910621047536,
            11.166863942417175,
            11.017837887456162,
            11.189494153108049,
            11.237191852228424,
            11.15781624065887,
            11.083784040589835,
            10.87469510848538,
            10.827677375457078,
            10.840277995573619,
            11.017173469100412,
            10.928140739178657,
            11.095331884398993,
            10.989249731813326,
            11.028168673069393,
            10.913447338832036,
            10.832547765773988,
            11.068185709113362,
            10.886492236103415,
            11.099615197337677,
            11.237174320835159,
            11.255305923131226,
            11.379514143837639,
            11.309559907988191,
            11.300211401625399,
            11.27647593619904,
            11.313776563562424,
            11.144732427937017,
            11.259515209043515
        ]
    ],
    "angle": 88790.2,
    "fluctuation": 1273.7398210000001,
    "buy_difference": 1.034863144
}