{
    "id": 120,
    "name": "Swift Transportation, Co., Inc",
    "record": [
        [
            29.91079132668784,
            30.104678921365817,
            30.21417274734754,
            29.979236755529545,
            29.982288157506737,
            30.02275827992763,
            30.02348882313518,
            30.153339284361,
            29.870560098279032,
            29.98474199957493,
            30.095822176459354,
            29.90397017794485,
            30.033977060204183,
            30.173978154799528,
            29.959731388054536,
            29.93632417072841,
            30.174357904964918,
            29.96254809411629,
            30.008278901888108,
            30.167174927497893,
            30.142528662996572,
            30.03667005252849,
            30.048642455100804,
            30.268261662566918,
            30.03370026340012,
            30.147549300868487,
            30.018229034807273,
            30.04364364902017,
            30.24566220948212,
            30.19659100801266,
            30.1316058469228,
            30.13528756683718,
            30.246835748088372,
            30.170626665522533,
            30.129388392575265,
            30.208882548909,
            29.990643046268143,
            30.187033931161995,
            30.255701020132832,
            29.990604017166337,
            30.007967767879197,
            30.128726045200857,
            30.11954571376598,
            30.13439458842936,
            29.91895988456164,
            30.0179085686259,
            30.031356462888713,
            30.123911151187592,
            29.99552284031147,
            29.87705897709556,
            29.86870896128338,
            29.958697850874714,
            30.10718083908288,
            29.9030338949696,
            30.00216335591305,
            30.008876603718175,
            29.979254532674368,
            30.137154243066924,
            30.1476744552165,
            30.02765774097999,
            29.852724384199878,
            29.84258040294759,
            30.085219878337593,
            30.114770633974114,
            30.02283320209936,
            29.908873391950937,
            29.923641223895523,
            29.90798166246244,
            30.108069697117827,
            29.879776626683725,
            29.940288625187275,
            30.031637703499097,
            29.954333078744554,
            30.0582730754997,
            29.899252728169387,
            30.10049832586636,
            30.14979947683032,
            29.974289275907992,
            30.070847085168985,
            30.092973708946246,
            30.225580788682223,
            30.026034165450984,
            30.26148519725102,
            30.2675181117203,
            30.063496667948815,
            30.160958640232213,
            30.126562988320334,
            30.236572638393188,
            30.102546139535573,
            30.28286798611654,
            30.235834817267307,
            30.02047602452877,
            30.00670230071347,
            30.117548246887893,
            30.06694378714491,
            30.03985244371528,
            30.25213968056471,
            30.19440045716038,
            30.073019594173363,
            30.05779959933083
        ],
        [
            29.087842111308248,
            29.08063486124006,
            29.11376499899867,
            29.084272496116427,
            29.09889919757196,
            29.065316906390173,
            29.095125097481485,
            29.063827193752665,
            29.03413216450835,
            29.04594403761968,
            29.02573091581949,
            29.049103728769875,
            29.0703626783471,
            29.069246499409896,
            29.050790537846375,
            29.054289479629325,
            29.084086361446246,
            29.070995839357483,
            29.0803854859722,
            29.100345830541777,
            29.105578108651127,
            29.142912257742115,
            29.131167414496016,
            29.165883982361734,
            29.172197453417937,
            29.139495757065994,
            29.142547557504198,
            29.15552348401425,
            29.16443125249773,
            29.169420456266437,
            29.170693267872565,
            29.174257575824363,
            29.15975296602023,
            29.199708027534918,
            29.177301470726764,
            29.15801403523436,
            29.165496834183998,
            29.195152728755144,
            29.179925084976585,
            29.171320693575286,
            29.15305417228527,
            29.118394132265742,
            29.092092540750144,
            29.08031744401529,
            29.087018611981662,
            29.072253082382176,
            29.04168864087098,
            29.02968071604305,
            29.00993428167678,
            29.046282821699272,
            29.02358906190524,
            29.03524455577447,
            29.022226647541626,
            29.059860152818164,
            29.04247393685253,
            29.017050497970803,
            29.0290074791474,
            29.033770787134376,
            29.067050692304058,
            29.038111808430028,
            29.031372791037565,
            29.03025810914708,
            29.04734305698962,
            29.009319326862553,
            28.972658386208415,
            29.007287428796044,
            29.01579530421494,
            28.980288051682248,
            29.002864367619598,
            29.01395428713577,
            29.040665554037254,
            29.059380563725377,
            29.057199845349967,
            29.076433316850128,
            29.06785944244561,
            29.073694906977668,
            29.089383006502054,
            29.1203351655044,
            29.143936878140607,
            29.136207332438957,
            29.136359890062593,
            29.153049076694018,
            29.17097043326486,
            29.165167511823412,
            29.133895849827773,
            29.123374065585264,
            29.157062360171498,
            29.135349080395155,
            29.1746588340915,
            29.17414964912368,
            29.2102445378668,
            29.17399077491577,
            29.16060542782149,
            29.177512316303066,
            29.189841219802048,
            29.195752138989757,
            29.182305898184612,
            29.190610295915977,
            29.172331695847095,
            29.210261939505983
        ]
    ],
    "angle": 89985.8,
    "fluctuation": 78.508288,
    "buy_difference": 1.033147656
}