{
    "id": 121,
    "name": "Universal Forest Products Inc",
    "record": [
        [
            8.044221874850848,
            7.897067277602915,
            7.835406421290823,
            7.799016614134933,
            7.877438327456819,
            7.886108620583978,
            7.837492897553682,
            7.956925983968162,
            8.166876593652143,
            8.248257452583188,
            8.422604786373626,
            8.284810275847935,
            8.358111807078213,
            8.186632011357538,
            8.340111704421371,
            8.44670863843458,
            8.541494745816184,
            8.607062022715134,
            8.684017531065978,
            8.560063786325797,
            8.60321835763231,
            8.68298070603166,
            8.736233555436053,
            8.829904680627234,
            8.722552303591677,
            8.860122970457681,
            8.78003616596923,
            8.636142326464686,
            8.79577827623915,
            8.857289197476078,
            8.947956227552769,
            8.950903976597356,
            9.108675503235679,
            9.221744409746469,
            9.367900875845397,
            9.26059482356272,
            9.286153629597258,
            9.426800435638164,
            9.61731044458392,
            9.63480205846241,
            9.535787473882374,
            9.382216120615706,
            9.466648243789535,
            9.505407099399582,
            9.642587104442567,
            9.81706570742729,
            9.9640669007412,
            9.997910262899882,
            10.17468890817783,
            9.995381187410196,
            10.144851840773645,
            9.96493516918706,
            10.055471423825733,
            9.971120176381673,
            9.769405688748815,
            9.699816767455863,
            9.781052159313687,
            9.727709624247803,
            9.69428173721679,
            9.620618516353417,
            9.668077605756755,
            9.573944873497872,
            9.645301168152372,
            9.773051744043297,
            9.726091060957959,
            9.938015168112825,
            9.905047192967974,
            9.838524198040576,
            9.832315449108501,
            10.027725158658356,
            9.919541274545558,
            9.958053541576605,
            10.11640272746584,
            9.985460523181173,
            9.847724346428361,
            9.88709277526567,
            9.975782481048832,
            10.009089299724401,
            10.055486976143547,
            10.022062459665737,
            9.855850644684363,
            9.7073048220309,
            9.61757521217294,
            9.42232712288197,
            9.364557122681564,
            9.30779013576714,
            9.544096020134083,
            9.535083094662884,
            9.547308820653086,
            9.409353574812956,
            9.471241041308373,
            9.517489362147467,
            9.463513462261629,
            9.54267523004369,
            9.379141421932527,
            9.407655518920153,
            9.442738049753771,
            9.428173928631182,
            9.510498912705529,
            9.367321335267738
        ],
        [
            7.74527511178953,
            7.5921460626709525,
            7.495265643068104,
            7.506165446701017,
            7.582404035263135,
            7.584654447506611,
            7.520535638374067,
            7.638963549464564,
            7.798333273007983,
            7.925800077129451,
            8.037715514539025,
            7.953745433719629,
            8.007270524004236,
            7.880017464785671,
            8.026942548614928,
            8.06875369546426,
            8.18377396832897,
            8.26809014971566,
            8.360454016311232,
            8.200745338414356,
            8.251162911643478,
            8.338511105085065,
            8.394699242300067,
            8.503468547789934,
            8.346399537992909,
            8.491605158674819,
            8.438481868776774,
            8.294362154027922,
            8.429936744005941,
            8.460962488837039,
            8.54331409205825,
            8.59752867031507,
            8.728073718010483,
            8.806476074003728,
            8.984553576761781,
            8.894993143476698,
            8.867984854594276,
            9.05191496895656,
            9.21085015894066,
            9.23221631891778,
            9.09912269754445,
            8.996482104916959,
            9.115755937567835,
            9.067424657303917,
            9.26283315324211,
            9.42666015208536,
            9.539137758350545,
            9.581110326318536,
            9.765168516410908,
            9.581561440619907,
            9.682225007386831,
            9.59653765887863,
            9.643022627876825,
            9.5563928186829,
            9.374319646388756,
            9.309409473579468,
            9.373292756348379,
            9.293361700017261,
            9.31249189659794,
            9.233398867731971,
            9.30878362428385,
            9.151024462072474,
            9.277531347294026,
            9.371249179873194,
            9.289037030543748,
            9.4819872640456,
            9.446769568728214,
            9.387996438251532,
            9.43090761166897,
            9.599122187253156,
            9.552821948538904,
            9.582206154443416,
            9.736534277948678,
            9.5567545766805,
            9.454204736742465,
            9.452225067368158,
            9.531308238654077,
            9.639059438428873,
            9.666255128657648,
            9.610984010910004,
            9.487671782591423,
            9.325937024369454,
            9.200987708085192,
            9.013296945259338,
            8.942857726286048,
            8.934951350315727,
            9.110679807103645,
            9.154056773683944,
            9.180510733074428,
            9.01078162671576,
            9.101885089836951,
            9.145412634636278,
            9.072621247963411,
            9.118407426541507,
            8.971985967475385,
            8.977752208223922,
            9.051798335150592,
            9.022492809094665,
            9.144197393646529,
            9.011055269349997
        ]
    ],
    "angle": 88844.3,
    "fluctuation": 1213.450685,
    "buy_difference": 1.043606619
}