{
    "id": 122,
    "name": "Provident Financial Group",
    "record": [
        [
            19.36375848548721,
            19.205845079876013,
            19.192131299101664,
            18.957747925144155,
            19.236262570374322,
            19.13590274857084,
            18.88443164601122,
            18.901204651249305,
            19.04607026490275,
            18.84515029221501,
            19.042916845939047,
            19.00462005330717,
            18.9720546320017,
            18.889671735590927,
            18.604262936743073,
            18.768375092214086,
            18.621645421605912,
            18.801412721231156,
            18.882577684787638,
            18.97940138881184,
            18.992239723022937,
            18.95667202517462,
            18.76366023816748,
            18.62885627678176,
            18.54420765455692,
            18.769566589608832,
            18.931018285640267,
            18.79900369387271,
            18.820653706243167,
            18.96619291332892,
            19.04343539797711,
            19.149502942247235,
            18.903945072675295,
            18.78803154524721,
            18.967856047950505,
            18.942288846030838,
            19.17882681554323,
            19.000375507066504,
            18.82471022234546,
            19.099297554684373,
            18.74356092211518,
            18.955918219472835,
            19.097329868722166,
            19.21713016213936,
            19.152812871013477,
            19.235610836284447,
            19.352043643559007,
            19.37834286164376,
            19.433119509489643,
            19.5166818182277,
            19.656128575550362,
            19.39191556972879,
            19.278183129378757,
            19.19451876711739,
            19.3634013791215,
            19.1966660308863,
            19.325978621322236,
            19.11522505267001,
            19.192416758526573,
            19.477132058306406,
            19.373321340129372,
            19.35165976430152,
            19.458247961405636,
            19.566487871897902,
            19.367147170297816,
            19.468816121839097,
            19.564125894947043,
            19.572372372476075,
            19.712793253496493,
            19.665211694940442,
            19.44135445280817,
            19.665879540696373,
            19.254775504011477,
            19.270401781419277,
            19.264248656916806,
            19.18494149041953,
            19.22698469845159,
            19.47421231489124,
            19.453736291058565,
            19.552355590607263,
            19.61707992782534,
            19.323856834960605,
            19.283506587252944,
            19.373414077241044,
            19.20208081406543,
            19.05511886578861,
            19.082536431645526,
            19.084300097382677,
            19.260364465405786,
            19.379368236211107,
            19.630494223104783,
            19.839395288769428,
            19.86779147301957,
            19.920240736725187,
            19.764612621130386,
            19.565096455843136,
            19.974138499864875,
            19.979663842696745,
            20.243673140786687,
            20.473084613234718
        ],
        [
            18.78027195128681,
            18.627116937276753,
            18.54890172814311,
            18.43257249716596,
            18.66968533303344,
            18.628199619307438,
            18.39632436146974,
            18.399728401376333,
            18.48509487618518,
            18.297416081018717,
            18.401021235474268,
            18.492976126951074,
            18.31065802465204,
            18.342479592880082,
            18.11066497929479,
            18.199189722602913,
            18.038876431761,
            18.265920265026786,
            18.295297064171994,
            18.451776490836302,
            18.344742210518266,
            18.29945336271905,
            18.183710900691633,
            18.015275415306228,
            17.935203030685138,
            18.151351135773997,
            18.340399054402045,
            18.19977854339053,
            18.204385577107384,
            18.34333000127437,
            18.547492813549635,
            18.540956078938137,
            18.339815452539973,
            18.26023600470208,
            18.435008856817127,
            18.43417234061163,
            18.543433914824057,
            18.453671318715017,
            18.20830926564544,
            18.464698871580275,
            18.23894525091596,
            18.397598133294075,
            18.488595461795978,
            18.65858435764322,
            18.538609232467408,
            18.652255686477726,
            18.86132134519039,
            18.75129319565809,
            18.815559672167673,
            19.01605235219023,
            18.98599727225218,
            18.75694190117064,
            18.63206950760757,
            18.569712280626774,
            18.723759942317077,
            18.627527312184533,
            18.805683053468112,
            18.604336221771213,
            18.690717529869325,
            18.814976865382256,
            18.83285789124599,
            18.762909489850802,
            18.845533075441303,
            18.906943812613623,
            18.785436880990577,
            18.97132018379952,
            18.90654495001155,
            19.026355936288287,
            19.10732603418072,
            19.01939252192804,
            18.906572366863525,
            18.993524391744252,
            18.75144618702802,
            18.639406990330237,
            18.68189264169319,
            18.649733331606797,
            18.73566839404113,
            18.874186874826034,
            18.903451429498155,
            18.89705300322011,
            18.94827989996583,
            18.75469963094196,
            18.719283947855903,
            18.757751602666662,
            18.70952129220164,
            18.506839528383534,
            18.583709528862315,
            18.457558463597813,
            18.717424600758807,
            18.853852433114962,
            19.075209436968937,
            19.231961410879364,
            19.17516802602503,
            19.345131925724306,
            19.092684082368216,
            19.02881838516286,
            19.28164476619948,
            19.43981948550004,
            19.64939015132231,
            19.887988446256898
        ]
    ],
    "angle": 89528.9,
    "fluctuation": 811.967022,
    "buy_difference": 1.030966024
}