{
    "id": 123,
    "name": "National Rural Utilities Cooperative Finance Corporation",
    "record": [
        [
            4.287207108250723,
            4.2957755298960025,
            4.353666356488374,
            4.408728192397328,
            4.400117187440734,
            4.351077861616317,
            4.329282309469777,
            4.389805207734286,
            4.323759592547925,
            4.346241623632467,
            4.383806088165972,
            4.353049880917627,
            4.357077603654276,
            4.2955563358105735,
            4.297704117743361,
            4.344344471968898,
            4.358321668758432,
            4.351282748717612,
            4.293521410048256,
            4.279390739620748,
            4.295581668667982,
            4.30052718842047,
            4.32330581535358,
            4.248759141166192,
            4.226704140407231,
            4.237977319046139,
            4.278714037736999,
            4.295959931877281,
            4.2904428158693255,
            4.300910011585238,
            4.262270448146246,
            4.323239944023128,
            4.326341961715687,
            4.294820481843117,
            4.3158820717057464,
            4.297423669068494,
            4.342002306472693,
            4.386243379869527,
            4.328807160880141,
            4.394436670603153,
            4.372365682414139,
            4.4184460759828585,
            4.429969165973611,
            4.485783738766108,
            4.389645820683759,
            4.386033853967825,
            4.396811434170573,
            4.353656612927511,
            4.356068175732238,
            4.444090720759367,
            4.445970521813132,
            4.420009968930808,
            4.371945723721818,
            4.330390279433869,
            4.348455531911553,
            4.271621794330072,
            4.368258119711898,
            4.439855411921838,
            4.350902222550065,
            4.439142380444935,
            4.401019093118281,
            4.38561140472415,
            4.384723173064127,
            4.375112181594461,
            4.281483837835302,
            4.229051088032673,
            4.189037120229744,
            4.189953020706156,
            4.151612221062812,
            4.11149572148757,
            4.122072796468802,
            4.126976680244841,
            4.204167172369869,
            4.211159708051953,
            4.242353639369634,
            4.260174037415989,
            4.326305450191692,
            4.3120744213345,
            4.353750563432429,
            4.418084209431476,
            4.357739208252653,
            4.254539037669276,
            4.240758124654114,
            4.2819297236569955,
            4.364142232824161,
            4.388486095737187,
            4.363878891998619,
            4.323838285596241,
            4.377573039665186,
            4.309948352988633,
            4.36787544665286,
            4.3896000023673585,
            4.355838506771733,
            4.384813779287145,
            4.314711307251794,
            4.251513284001586,
            4.206699115540143,
            4.1892294110092445,
            4.239526857433147,
            4.1923780971940925
        ],
        [
            4.191786123837583,
            4.183353095098914,
            4.222827441317085,
            4.292490720567056,
            4.282393104699898,
            4.244427998703598,
            4.195413120525465,
            4.27492197272727,
            4.2072369915936365,
            4.221094669906245,
            4.250367010344933,
            4.2514652009064084,
            4.226136171697817,
            4.165218445393788,
            4.1648113832348095,
            4.20875231424288,
            4.249364671530247,
            4.222619622796384,
            4.199225476667065,
            4.1837234194985395,
            4.175226614126249,
            4.1696230447093106,
            4.208478498197531,
            4.135084606745109,
            4.121037549845113,
            4.113484840626926,
            4.177187348002873,
            4.169764188283871,
            4.191160337953682,
            4.204339285960004,
            4.129650992472999,
            4.203369324214913,
            4.208908154228705,
            4.191650207853144,
            4.181178259342451,
            4.188730222178325,
            4.229216446627045,
            4.254425441031818,
            4.221856860247457,
            4.284147619684861,
            4.251557682637119,
            4.284806305513919,
            4.291277396922871,
            4.355749444216273,
            4.280763423702921,
            4.258466248448723,
            4.281316454294815,
            4.221135257763837,
            4.230638273388013,
            4.307100315329687,
            4.332218306047592,
            4.2978855625737005,
            4.247330167452107,
            4.232732473070683,
            4.211058352642533,
            4.169845110424133,
            4.239093048865018,
            4.304710243565757,
            4.254918483140605,
            4.326431191669332,
            4.30220056258216,
            4.247462852751299,
            4.262721959340061,
            4.252953557534228,
            4.180310756403829,
            4.106049319491778,
            4.074108558201195,
            4.059583703305332,
            4.022035466105236,
            4.005098225426308,
            4.023052271253323,
            4.014553129867612,
            4.083518648110287,
            4.083789495286163,
            4.115270091315434,
            4.13791826364915,
            4.198799544100012,
            4.1887472819033675,
            4.2419331350735545,
            4.2912968296560905,
            4.223410613629962,
            4.159427286288234,
            4.121939134640752,
            4.169869640020549,
            4.230037497647701,
            4.2642503994333625,
            4.237801193557478,
            4.201852248254207,
            4.277132938665804,
            4.212328495524308,
            4.236187328324702,
            4.284152932608513,
            4.246943587998116,
            4.2713433445806555,
            4.208109267866885,
            4.154382593521884,
            4.104410914328783,
            4.076739906287003,
            4.110479508422761,
            4.068008000116492
        ]
    ],
    "angle": 89884.5,
    "fluctuation": 1086.637557,
    "buy_difference": 1.027490256
}