{
    "id": 124,
    "name": "MGM Mirage",
    "record": [
        [
            19.086851938432964,
            19.142662018113683,
            19.07587928234463,
            19.032935396556713,
            19.08893622423208,
            18.947852206946795,
            19.048056376113355,
            19.044676841265538,
            19.01383427594691,
            19.07672987372482,
            19.096096274039663,
            19.17195685750208,
            19.070834513822536,
            19.018596465379805,
            19.02689704188395,
            19.040568333312343,
            19.065752604781476,
            19.004962664634753,
            19.198836156740693,
            19.043588576115965,
            18.968957301995754,
            19.079676968246115,
            19.14867384567757,
            19.054770235025014,
            19.197074038758288,
            19.193070660169465,
            19.059219000053133,
            19.139144642800574,
            19.16512222865583,
            19.077545815628653,
            19.08576960325318,
            19.118494577384652,
            19.08237389519671,
            19.201279724928074,
            19.075235419920066,
            19.103326070424792,
            19.069738874851858,
            19.042171682885964,
            19.10476715928599,
            19.08080999431754,
            19.10384127943522,
            19.183332530727913,
            19.092929798707594,
            19.093253400048873,
            19.045834945687467,
            19.10214459251053,
            19.117433320256044,
            18.982352102479656,
            19.102314741528282,
            19.044368607644323,
            19.009531840556225,
            19.079788648113134,
            19.063411339160535,
            18.988173075026975,
            18.923275157545614,
            18.860673896320616,
            18.926047393859676,
            18.93247946290403,
            18.86324346099332,
            18.89842658661788,
            18.916596492589417,
            18.79564399052144,
            18.897932970325712,
            18.965775134557244,
            18.986820815594314,
            18.98312738173449,
            19.03683157981507,
            18.933263768042128,
            18.887712279057286,
            18.874547263063054,
            19.07858779334672,
            19.073619297943104,
            19.04679760061075,
            19.098020942465155,
            19.11566555848077,
            19.141349788734228,
            19.181597816534765,
            19.09570374203272,
            19.059907866140332,
            19.086110647247924,
            19.219418259866252,
            19.17715668899098,
            19.157377775991527,
            19.291328767666577,
            19.161884501524113,
            19.26219854214201,
            19.359050151134277,
            19.335247844639813,
            19.39394344055371,
            19.38804089106153,
            19.253723136426593,
            19.432521064843307,
            19.457209423349514,
            19.478698415566527,
            19.41807225613783,
            19.370912223599056,
            19.498521513873754,
            19.395462158661328,
            19.57653042319183,
            19.363071412182837
        ],
        [
            18.53256227460139,
            18.501627098132943,
            18.48124140428568,
            18.485758327106236,
            18.517916573116132,
            18.48449364886583,
            18.50044459424944,
            18.506420056456346,
            18.548862165257596,
            18.552423974944187,
            18.55452891947488,
            18.518878282895788,
            18.50405457299478,
            18.508867879151612,
            18.548557563824883,
            18.50798562027392,
            18.508373258736956,
            18.521594706557373,
            18.552225929143365,
            18.538765730274008,
            18.493931632380548,
            18.505235836974972,
            18.548064589553686,
            18.54965097672649,
            18.554217010375545,
            18.566984777020437,
            18.52982539932385,
            18.53328649481862,
            18.567702448098927,
            18.59233179396747,
            18.551922567923718,
            18.58559317215276,
            18.606376690077703,
            18.59530955696865,
            18.57329874395168,
            18.54484827974276,
            18.54562511707085,
            18.574639987222056,
            18.551812782805435,
            18.53040261279893,
            18.54720314714681,
            18.531710403484546,
            18.52734500070408,
            18.488847959795557,
            18.48349283626993,
            18.504841175375535,
            18.488287617049025,
            18.44955039590039,
            18.490244806686437,
            18.496862845283005,
            18.463027598965468,
            18.43718789984154,
            18.471005528538257,
            18.43490522478421,
            18.3939732456197,
            18.355177885719474,
            18.33425034581286,
            18.367975516410805,
            18.398256189614802,
            18.41776824325542,
            18.374602424890803,
            18.336007594663435,
            18.37854113552546,
            18.42052885269043,
            18.426221141228677,
            18.444763837167095,
            18.414007301618465,
            18.433213998620303,
            18.394399947703157,
            18.394496261060358,
            18.430523650018845,
            18.440404314706257,
            18.4641226245535,
            18.491620032906532,
            18.53088379069168,
            18.531724733684346,
            18.552188685778884,
            18.595093577039158,
            18.595677777486006,
            18.58202401193546,
            18.592472907145257,
            18.60721688244749,
            18.619663402265488,
            18.6601781549819,
            18.68953559677405,
            18.689731315182705,
            18.731283138975343,
            18.764360609185346,
            18.80252628777872,
            18.808073929289094,
            18.775337569146362,
            18.817375955555733,
            18.841282793077568,
            18.860210223946975,
            18.835324731865448,
            18.876341761739468,
            18.90769188772736,
            18.90785688990597,
            18.928504681384208,
            18.887660846552063
        ]
    ],
    "angle": 89904.2,
    "fluctuation": 139.57171800000003,
    "buy_difference": 1.030114983
}