{
    "id": 125,
    "name": "Perini Corp",
    "record": [
        [
            24.71824570486945,
            24.86277174966871,
            24.417446780003907,
            24.64782054998412,
            25.04789749066111,
            25.23264370733476,
            25.164548501816917,
            25.38871248768805,
            25.77097608882157,
            25.850175149730067,
            26.228688560861926,
            26.13722588534014,
            26.196384790055404,
            26.29082120830826,
            26.467653075391727,
            26.406359200358338,
            26.540663318572168,
            26.551623885044183,
            26.1981399967121,
            26.529660871998797,
            26.661291646954226,
            27.380310118339548,
            26.59618218370138,
            27.008654438730982,
            26.69133012642981,
            27.25675752057037,
            27.050396923723614,
            27.244708649607524,
            27.609534274797213,
            28.084945223669177,
            28.534941770507082,
            28.284455950038776,
            28.440450465580682,
            28.560845612347528,
            27.98460671703968,
            28.14007701725124,
            27.95448021261469,
            28.114319286890886,
            27.571294097873526,
            27.519416320022543,
            27.150285439154814,
            26.88727007380911,
            26.310580430086024,
            26.489224873524034,
            26.65705934563653,
            27.024987767153323,
            27.5442925233253,
            27.343188626607017,
            26.64756681037077,
            26.382357734180903,
            26.357424999573258,
            26.670586096263133,
            26.684003856548397,
            26.20497929434138,
            25.971655061501487,
            26.041875484537435,
            26.07334283916201,
            26.50717125199029,
            26.546076410349837,
            26.681528540046674,
            26.639100987031604,
            26.90391636138956,
            26.6729153364966,
            26.615576786761068,
            26.009428758986925,
            26.612723370136024,
            26.653210848060485,
            27.09886513046774,
            27.20131068558125,
            26.8179866907898,
            27.308492462565848,
            27.28206430908378,
            27.509730889859608,
            27.183020789424706,
            27.19157445021942,
            27.048702940442638,
            27.542592666540873,
            27.248065878864285,
            27.290791241800264,
            26.918062842557735,
            27.462971154322354,
            28.036145419207894,
            27.989470132209263,
            28.086562161248608,
            27.61253454614654,
            27.890556749665485,
            28.01936180146601,
            27.529026961162234,
            27.713441930493982,
            27.160955924166057,
            27.69008265413309,
            27.920170422834154,
            27.82892379202597,
            28.18913241980457,
            28.701913521923675,
            28.868681142343146,
            29.387999074018694,
            29.07441509047555,
            29.130207139109586,
            29.780841649936768
        ],
        [
            23.997292069927536,
            24.336186412281716,
            23.909888900279704,
            24.07265262650911,
            24.436483859772068,
            24.65864015046456,
            24.46466113161727,
            24.865956869988032,
            25.217564964370332,
            25.300138542182555,
            25.557782742144937,
            25.5400861273726,
            25.54927205690364,
            25.534164345163724,
            25.842257330949106,
            25.684731625091718,
            25.78965299242717,
            25.94501665251255,
            25.568876751672274,
            26.01213841719384,
            26.046961167630958,
            26.584357893831367,
            26.066882927790775,
            26.31516944467119,
            26.03719694914497,
            26.575480817013187,
            26.321666392506586,
            26.659650295699628,
            27.02748510664458,
            27.407620216236634,
            27.746845570570223,
            27.495056440705795,
            27.679793862584656,
            27.90833503180152,
            27.40565013478129,
            27.49442560729236,
            27.370651887942227,
            27.535443207524462,
            27.025303842669267,
            26.72473965939353,
            26.421499235927126,
            26.139469621818197,
            25.617110766733344,
            25.894417595592504,
            26.03761156409341,
            26.479174249715612,
            26.89614897659465,
            26.641113999182917,
            26.104132549085705,
            25.617965785073977,
            25.781076892106068,
            26.142432428268673,
            25.975507115928828,
            25.488854987896634,
            25.406289695051026,
            25.312542663080944,
            25.42418622129033,
            25.818826948625638,
            25.991662548979306,
            26.053686654999296,
            25.968071973589375,
            26.140023624023005,
            25.990646603926272,
            25.885650933522953,
            25.49436789186094,
            25.944951220205617,
            25.963666374052956,
            26.397791146957452,
            26.43687259959918,
            26.247357117287265,
            26.716704982973795,
            26.69620377223007,
            26.81945083528455,
            26.62599324461445,
            26.554388527992913,
            26.489108704680667,
            26.78724362362572,
            26.60955618102762,
            26.651280351486324,
            26.166798415282077,
            26.707143251716012,
            27.229257658666658,
            27.35549325240575,
            27.264652137973087,
            27.03584774455248,
            27.288892223218497,
            27.237360885592988,
            26.945971214351847,
            26.977612203266364,
            26.46620356057934,
            26.88244986418123,
            27.254998244682543,
            27.044153725449753,
            27.459852161679223,
            27.875864777395243,
            28.21196336635205,
            28.806032879127482,
            28.347706432787867,
            28.376580363184786,
            28.972774132659058
        ]
    ],
    "angle": 90797.9,
    "fluctuation": 1209.947391,
    "buy_difference": 1.025020524
}