{
    "id": 126,
    "name": "Casey's General Stores Inc.",
    "record": [
        [
            11.313414704560394,
            11.25809481332468,
            11.219373555508534,
            11.151827206719641,
            11.118924427732624,
            11.100345752142617,
            11.207991327845985,
            11.252711999259626,
            11.204022991122367,
            11.439395673469004,
            11.479500446709483,
            11.594211699897256,
            11.715881652543588,
            11.75872611251452,
            11.889473425730174,
            11.858752028439895,
            11.91979954703844,
            12.093915290304613,
            12.101182010232032,
            12.046402442728509,
            12.029225291106588,
            12.051056042165754,
            11.998540875570866,
            11.898216755061224,
            11.905602509581591,
            11.906816354240545,
            11.874596932915656,
            11.867160639990697,
            11.848220221193856,
            11.870373422726912,
            11.672767255341615,
            11.687392217873589,
            11.66884262404488,
            11.61907775620895,
            11.715790717245689,
            11.658919576529758,
            11.532857633891158,
            11.496134813510803,
            11.558285131362481,
            11.711156966064728,
            11.823545794856393,
            11.828096777390257,
            11.76232707329521,
            11.933977833017668,
            11.782865605754523,
            11.85572543507522,
            11.741634989747613,
            11.617320801131598,
            11.465623594308854,
            11.614473563933027,
            11.433469417963972,
            11.365035995551015,
            11.533927028108334,
            11.381823940004622,
            11.341700174618255,
            11.271232497383261,
            11.250133821312124,
            11.09744439229768,
            11.206456683363546,
            11.065211600092615,
            11.011613261149021,
            11.170127486705699,
            11.162962145264348,
            11.163948937710341,
            11.10707389422262,
            11.228224259916097,
            11.195770061468478,
            11.150903038373189,
            11.165280666388353,
            11.232904343661666,
            11.07642373887449,
            11.115788584415675,
            11.050938282210646,
            10.905172739606147,
            10.970728023047547,
            11.12929180252921,
            11.066093671242184,
            11.074482290605342,
            11.17593454751463,
            11.240228624439164,
            11.378668139226221,
            11.332864498491444,
            11.293152367565918,
            11.2395801082245,
            11.364592599069194,
            11.308400764729512,
            11.296348822805276,
            11.26682212937456,
            11.266890424313774,
            11.204142189624502,
            11.14641586804325,
            11.276408313710107,
            11.214878331607174,
            11.104589938875998,
            11.16711298824073,
            11.210113084808308,
            11.194700735746665,
            10.955298072604583,
            10.981019385217671,
            11.113447425738293
        ],
        [
            10.849458378755171,
            10.855900399355162,
            10.83375858963655,
            10.726561740825701,
            10.718480197916033,
            10.736056390231127,
            10.758005825585212,
            10.789094976140925,
            10.817850264385163,
            10.959352903219047,
            11.069396336610621,
            11.144279958630689,
            11.249992929207401,
            11.30805681671725,
            11.448664426601502,
            11.427085003596709,
            11.479014665393853,
            11.63039940982903,
            11.647862319084943,
            11.548934478839865,
            11.615775353180332,
            11.582239012744768,
            11.558313776947909,
            11.43306215078042,
            11.471081607493009,
            11.487200956276348,
            11.476824983417503,
            11.415757431935956,
            11.394120941013023,
            11.405168644109814,
            11.267047201412753,
            11.301565816214188,
            11.264388696824746,
            11.224229332150326,
            11.292719472114722,
            11.171888852479158,
            11.152132757136405,
            11.09766711427254,
            11.165502608971671,
            11.28147399826441,
            11.403435724664368,
            11.418122939599565,
            11.36147027454117,
            11.432042448727662,
            11.385879666361214,
            11.395645239279848,
            11.309701792678837,
            11.211279168316151,
            11.079326108993072,
            11.122655135463773,
            10.990873195800223,
            10.963414831555435,
            11.045519367286007,
            10.94341300352951,
            10.951880787276583,
            10.86856874084482,
            10.809236485788038,
            10.707425885251096,
            10.736188964287734,
            10.646441163985033,
            10.628873485016442,
            10.699254233339138,
            10.760931912233643,
            10.776995138038922,
            10.69527280335473,
            10.831437791431862,
            10.731291872748294,
            10.67871464531712,
            10.74057557773766,
            10.781918617934732,
            10.662558652193946,
            10.689760750649022,
            10.582982927269267,
            10.51453297978129,
            10.583041036378953,
            10.717739280139288,
            10.634532241147873,
            10.642593716653728,
            10.78315751228143,
            10.783571571705242,
            10.910948628339916,
            10.945545154361147,
            10.911570208973725,
            10.822866274001122,
            10.902883007991226,
            10.901132609961335,
            10.85147369101414,
            10.88285199975913,
            10.89494570736864,
            10.79630342941463,
            10.746057871393838,
            10.84314106131059,
            10.748536934531295,
            10.703589886425972,
            10.712358587470206,
            10.780470135274724,
            10.72599403126418,
            10.595768862115893,
            10.584481613569638,
            10.674709907727562
        ]
    ],
    "angle": 90034.0,
    "fluctuation": 747.531146,
    "buy_difference": 1.039022605
}