{
    "id": 127,
    "name": "Illinois Tool Works Inc.",
    "record": [
        [
            1.051722132299928,
            1.0418782979416537,
            1.0430657801556473,
            1.0509882235818464,
            1.0449645181671492,
            1.0444466594022435,
            1.0394251491510706,
            1.0523975708779614,
            1.0540489459835944,
            1.0462983410803175,
            1.0404575786863801,
            1.0481419395761193,
            1.0406624583931035,
            1.042433955019267,
            1.046763631613296,
            1.052514502593811,
            1.054991383547066,
            1.0627736761352562,
            1.0565854220323745,
            1.0645487164278915,
            1.0567153595651897,
            1.0625780680631245,
            1.0569752339217093,
            1.0578663175143062,
            1.055338386438472,
            1.046187368075879,
            1.0456604237668268,
            1.0380885360809782,
            1.040694638522071,
            1.04051947276216,
            1.0411620870574427,
            1.0354156721325223,
            1.0446300087108813,
            1.0338434293862457,
            1.0457648794138126,
            1.0428886970997922,
            1.0473229582663444,
            1.044463432599959,
            1.0390442447677732,
            1.0277833759209551,
            1.0188167881320218,
            1.0307881229789015,
            1.037607993965544,
            1.0398461131578998,
            1.0271432487196457,
            1.0334646763172075,
            1.023104925391164,
            1.0194893376829783,
            1.0263958842090168,
            1.0259983463089137,
            1.027882466133777,
            1.0195616930731464,
            1.019431781049794,
            1.0293690193439093,
            1.033950203705679,
            1.0308056878984835,
            1.0282080793308048,
            1.026151413618806,
            1.016440975705476,
            1.0288782325712333,
            1.02570563230603,
            1.0143425410534452,
            1.0206426847254415,
            1.0282961960104862,
            1.0362459183884791,
            1.042303698459776,
            1.0497355699632096,
            1.0577728468523506,
            1.0565179703863805,
            1.0521118512065697,
            1.0413850547005052,
            1.039696917606451,
            1.0435662272797819,
            1.0470904476114289,
            1.0438515912628885,
            1.036244359464885,
            1.0412530750456666,
            1.0454671691972321,
            1.0558184478636627,
            1.0514142157060575,
            1.0616618188771705,
            1.0696246447605962,
            1.0583218859445394,
            1.0527242715446032,
            1.0673441197578495,
            1.052754518055558,
            1.0629970769284387,
            1.0531415291448882,
            1.0597959232504477,
            1.0693374556528608,
            1.0655943932400531,
            1.0674086943404388,
            1.0629315599585665,
            1.0564732003320287,
            1.0502769441452027,
            1.0513646580362446,
            1.0541962766504087,
            1.0519877344558008,
            1.0446556185048539,
            1.0502539795065469
        ],
        [
            1.016092262427555,
            1.0126335086762952,
            1.011355541566925,
            1.0145747906810376,
            1.011578677319555,
            1.0140121294018427,
            1.011566890344767,
            1.0162387237547363,
            1.0191523227053247,
            1.0166238859578176,
            1.0097350301879402,
            1.0125325083532903,
            1.0125678536391747,
            1.0103389505533504,
            1.0152454265044901,
            1.0190908566955568,
            1.0229185947375896,
            1.031598602621083,
            1.0269278141627871,
            1.034771268994893,
            1.028909853675753,
            1.0297599623766354,
            1.0236142880776795,
            1.0273492293752406,
            1.022743880922018,
            1.0143822301053447,
            1.015800554782458,
            1.0103674719181475,
            1.0071436771372024,
            1.0130384413450277,
            1.0141730533480608,
            1.007968265404287,
            1.014596340144735,
            1.0074487893007462,
            1.0143781745536027,
            1.0145304538653535,
            1.0175175185715992,
            1.0116994090937594,
            1.0051453549079015,
            0.9991344485237357,
            0.9923073406461836,
            0.9982537119125441,
            1.002456277872359,
            1.0068247645786503,
            0.9996141645163727,
            1.0000470265123844,
            0.9923983172745485,
            0.9910716022906857,
            0.9911304171535774,
            0.998800579584331,
            0.9940503179857954,
            0.9903479156240478,
            0.9889343090195959,
            0.9970784961013832,
            0.997928452293582,
            0.9985698148332248,
            0.9975478190207833,
            0.9989495892960772,
            0.990888817842081,
            0.9968021866594143,
            0.9940263450555362,
            0.9859694556049702,
            0.9940857277065629,
            0.9991323063978501,
            1.0037396720532017,
            1.0122355572334714,
            1.0180260869292272,
            1.0214293130787746,
            1.0264508526895701,
            1.0217607666093498,
            1.0140847326617035,
            1.0060777448452312,
            1.0144773611043205,
            1.0115167396331188,
            1.0150599601194465,
            1.0089775099966871,
            1.0125331164666702,
            1.015409431821676,
            1.0213722984755293,
            1.022209037217879,
            1.0301070287955576,
            1.0363818130375555,
            1.0286155367572007,
            1.023687913142935,
            1.0310823162859089,
            1.0250532343683694,
            1.0292405464458874,
            1.0212270596248683,
            1.0297386581963595,
            1.0376583267064443,
            1.0371388140482454,
            1.0368239437995441,
            1.03102962883068,
            1.0251751750315699,
            1.0235655761887101,
            1.0206263872543622,
            1.0250165586873035,
            1.0245123113193773,
            1.0181895157413265,
            1.0143707483652877
        ]
    ],
    "angle": 89804.3,
    "fluctuation": 495.08317300000004,
    "buy_difference": 1.030941818
}