{
    "id": 128,
    "name": "Bed Bath & Beyond Inc.",
    "record": [
        [
            25.839307951481928,
            25.883846855777367,
            25.992512816795518,
            25.789403873114683,
            25.967068141350953,
            25.991646426351636,
            25.962644153691972,
            25.86695316720239,
            26.062011342967068,
            26.049599363554975,
            26.071850136262086,
            25.88028224579001,
            26.076148783171213,
            25.97143069389545,
            25.940123305407994,
            26.155311399456984,
            26.159200279661906,
            26.09655609454843,
            25.94703461658879,
            25.967705370337008,
            26.10585294491637,
            26.17897648471443,
            25.936401478783065,
            26.125273410021496,
            26.093068301183365,
            26.083485245929328,
            26.03798037201897,
            26.070158701578837,
            26.078179269460684,
            26.09700366562574,
            25.88037148092964,
            26.013916099074496,
            25.89866205845663,
            25.947050631515577,
            25.875173938080977,
            25.964607676157016,
            25.875700087028562,
            25.921759968432006,
            25.747415364508917,
            25.965758184691907,
            25.817824544224155,
            25.999500007240023,
            25.80359691873787,
            25.961429242706895,
            25.826211060108562,
            25.956751518857722,
            25.9625993119995,
            25.95004106996257,
            25.742812013634225,
            25.989132015253325,
            25.880039702021357,
            25.98977572175636,
            25.959077291962686,
            25.955493307123962,
            25.991983577051446,
            25.957441969847324,
            25.99168935708101,
            25.9782536921334,
            25.948515355404137,
            25.935318821684206,
            25.985062288781698,
            26.09393198616481,
            26.1389963680602,
            26.044305678650563,
            26.034007827707992,
            25.948888985674373,
            25.891508217622263,
            26.046569095522198,
            25.988312163243954,
            25.963274592617797,
            26.00962438540522,
            25.838009783153584,
            25.962648369680224,
            25.95868119021909,
            25.97272290882669,
            26.08092774585728,
            25.94696573558868,
            25.977955773169075,
            25.822616381425245,
            25.87770703533556,
            25.974507652731358,
            25.88793121995567,
            26.052002319453226,
            25.949791635410495,
            25.95458522416151,
            25.882578940621883,
            26.027419465841085,
            25.964547023599934,
            26.031440650491664,
            25.971760246441516,
            26.16628193228786,
            26.033534733769578,
            25.99441644522122,
            26.17842149718447,
            26.064848848981814,
            26.229486597388604,
            26.245564906793522,
            26.175900118307602,
            26.19715242121963,
            26.2584403672581
        ],
        [
            24.82083587939595,
            24.79893503503492,
            24.784011626073617,
            24.782843762075576,
            24.814112705065494,
            24.783185517763687,
            24.797511137905072,
            24.80508742060513,
            24.847804485579864,
            24.83597076969155,
            24.877001288446763,
            24.90516836427107,
            24.93328020031506,
            24.94024483044126,
            24.950216942831297,
            24.94420899453699,
            24.940465472691532,
            24.96525827548526,
            24.94684066648684,
            24.981765381225465,
            25.00913340667085,
            24.966778285474486,
            24.924104053030828,
            24.927976222837685,
            24.884848017024908,
            24.917900362036573,
            24.88684381849524,
            24.872908754934706,
            24.87312581390506,
            24.868785392066457,
            24.8403447935392,
            24.81924904629067,
            24.808164652302747,
            24.79003587528949,
            24.770797104655713,
            24.784552895192142,
            24.79112973507032,
            24.758461723933728,
            24.727603897496742,
            24.76096666984689,
            24.797711521835236,
            24.812912173090897,
            24.803950923635647,
            24.76177071989263,
            24.770979458386012,
            24.742521310007856,
            24.743169084659634,
            24.74351456929782,
            24.752975827387456,
            24.79560315051707,
            24.835047388494246,
            24.84077029108372,
            24.826298050458508,
            24.84520434362778,
            24.850322238921954,
            24.86446955781241,
            24.877365057540306,
            24.89187552589493,
            24.9232384820423,
            24.938080561234905,
            24.910863552209666,
            24.945301913487512,
            24.94604207745571,
            24.927725594775417,
            24.897958833797272,
            24.891138246506188,
            24.863495645954597,
            24.84792660205248,
            24.86667563199236,
            24.894961513773087,
            24.884581316814796,
            24.864488637939886,
            24.849569124952954,
            24.850740188494704,
            24.85672706629117,
            24.868315773395967,
            24.85443443924768,
            24.86919211406141,
            24.84967522678377,
            24.855227937954876,
            24.87832783924111,
            24.865048144933244,
            24.85806307877824,
            24.874560510843022,
            24.909079288303978,
            24.882371116379005,
            24.90658400819285,
            24.89867494612493,
            24.937847208809753,
            24.960587845491194,
            24.949701484879107,
            24.984848543624977,
            24.98737799332171,
            25.028571135514465,
            25.070182809370973,
            25.054877656515174,
            25.070235947024145,
            25.09130017561028,
            25.04898047637215,
            25.037575086782933
        ]
    ],
    "angle": 89949.4,
    "fluctuation": 99.79705899999999,
    "buy_difference": 1.044374948
}