{
    "id": 129,
    "name": "Sealed Air Corp",
    "record": [
        [
            32.707334374456224,
            32.90586283575319,
            32.768187129530894,
            32.818991010623776,
            33.16011582986771,
            33.25717104925853,
            33.49389824872589,
            33.22027885354135,
            33.019761383800436,
            33.16048779328923,
            33.150583959036254,
            33.42268550915344,
            33.44626982836235,
            33.03855853516267,
            32.98454148095429,
            32.87411878342345,
            32.8111831388358,
            32.51191281565494,
            32.270961868221235,
            32.383301571279425,
            32.603891666934,
            32.68335504981873,
            32.60257311575775,
            32.98387230235736,
            32.92546094251888,
            32.79499526953879,
            32.628559011837986,
            32.44775173629195,
            32.24853222164228,
            32.551931790526666,
            32.641189536934554,
            32.606628902530964,
            32.45099841867443,
            32.407869070272355,
            32.72930790520915,
            32.44401547531511,
            32.52037215583879,
            32.27190176153552,
            32.33452753807449,
            31.962049236339812,
            31.867365379627483,
            32.12689951226571,
            31.837515653053075,
            31.676804961972593,
            31.688044708326007,
            31.678077006490746,
            31.631742787656368,
            31.744923378926483,
            31.66794910213007,
            31.710357542432178,
            31.854581862168942,
            31.858211395475337,
            31.741074499966373,
            31.71444161117341,
            31.401120132660147,
            31.69425392492368,
            31.89358401392307,
            32.122070089650656,
            32.21814794591031,
            32.423227590117605,
            32.6582890997872,
            32.56696191416241,
            32.73101825346111,
            33.03799564083096,
            32.8182946762242,
            32.969432250642555,
            33.108078476850274,
            33.319248856170915,
            33.509204395145204,
            33.70030625939516,
            33.767013292722474,
            33.67729427676859,
            33.9976520152457,
            34.22881773486233,
            34.031907090507495,
            33.6996612174308,
            33.89320342929012,
            34.158368614223384,
            34.3240589668248,
            33.9297938498562,
            33.772736428137634,
            34.09930388209344,
            33.83889310134217,
            34.1921458188272,
            34.44708156543549,
            34.20129311116482,
            34.24616193963009,
            34.270834625575304,
            34.44591305798272,
            34.4447853505404,
            34.27773732703232,
            34.41871734579451,
            34.32726674614026,
            34.23896900091645,
            34.062145140594616,
            34.10116915777421,
            33.78462985496616,
            33.42038974872974,
            33.62820485111363,
            33.56987569449335
        ],
        [
            32.066285865442865,
            32.27062384976313,
            32.09378783084232,
            32.266280722886826,
            32.46465142018885,
            32.638049454061985,
            32.68351310210589,
            32.624750093420815,
            32.3725894510246,
            32.32593062977218,
            32.57592273659941,
            32.55558110345344,
            32.62727522613044,
            32.426759103829305,
            32.17685316268665,
            32.15569506645631,
            32.09413480351805,
            31.84916408605612,
            31.70518036431885,
            31.713649030397256,
            31.811867616274828,
            31.933983394590406,
            32.03097773152827,
            32.272728971292395,
            32.138444712620036,
            32.11361508261053,
            31.95383480561376,
            31.846892711550243,
            31.603809163598473,
            31.777014109075626,
            31.953411266668354,
            31.85583531251259,
            31.631145673408685,
            31.865284455590825,
            31.899246008351742,
            31.715967267664407,
            31.667219390057564,
            31.557174449055427,
            31.56163637026359,
            31.392227216143866,
            31.19589225779347,
            31.327718558402875,
            31.144859183353237,
            31.127691513930937,
            31.10749458621409,
            30.9270475546133,
            31.092778603246494,
            31.188364495930134,
            31.115864145292218,
            30.980201314040198,
            31.065271016767507,
            31.152646102814156,
            31.159552829994823,
            30.965639787309588,
            30.866085461460813,
            31.023324527699415,
            31.212190101446073,
            31.294939264019767,
            31.457453236566526,
            31.692479467305905,
            31.81101588012643,
            31.957484014305503,
            32.121691615200874,
            32.21294010210861,
            32.123570682493195,
            32.297357080424135,
            32.47544583365854,
            32.712095820097524,
            32.799854670127075,
            33.016638001729994,
            32.90407845800272,
            33.05366690315164,
            33.21814584992983,
            33.474095915460836,
            33.33817358679317,
            33.11548180946482,
            33.21559957396898,
            33.40520014933491,
            33.496928747785375,
            33.29147225581376,
            33.07104175578445,
            33.31414026228798,
            33.208942061743585,
            33.408180253816916,
            33.6471907284833,
            33.41044506771589,
            33.66941642014072,
            33.63959064596604,
            33.808052601746304,
            33.840891901785945,
            33.636242937319494,
            33.569216781452944,
            33.46001133796468,
            33.39723393956488,
            33.38785201972695,
            33.319289527056064,
            33.059527875731135,
            32.81139369391804,
            32.972411558824525,
            32.82312174885402
        ]
    ],
    "angle": 90362.79999999999,
    "fluctuation": 456.262507,
    "buy_difference": 1.022035426
}