{
    "id": 13,
    "name": "XO Communications Inc",
    "record": [
        [
            28.341801250057458,
            28.347955411602086,
            28.230745807586178,
            28.193241024670247,
            28.411452420273747,
            28.56459100528134,
            28.17445181105932,
            28.347088498572734,
            28.18548220164771,
            28.138255924388694,
            28.162451240860154,
            28.098637670692348,
            28.009508172481542,
            28.095102378361908,
            28.110084350091196,
            28.10345773394741,
            28.245512808751187,
            28.539765795244417,
            28.555182393899816,
            28.7782483669999,
            28.739523827772214,
            29.033796543612393,
            28.844424478130108,
            28.703357481372493,
            28.65494681649446,
            28.597673814055277,
            28.411981518110338,
            28.570085166438314,
            28.326085706689174,
            28.22141656433133,
            28.122494384230848,
            28.383890399885914,
            28.157828899779,
            28.534745510412556,
            28.251209118285956,
            28.115821947104862,
            28.183122789810568,
            28.275761620613412,
            28.08985797634694,
            28.509801749069084,
            28.184397645730694,
            28.16239380332346,
            28.13935806889921,
            28.303739053755262,
            28.227384442166116,
            27.96244298439238,
            28.135692031779385,
            28.506717557217804,
            28.366677135655358,
            28.36383060356147,
            28.27484831344024,
            28.097717895162447,
            27.875574084022976,
            27.997736633423976,
            27.90898031963501,
            27.660201954441753,
            27.455151024127566,
            27.02070978804366,
            26.895749086736213,
            27.115965545302597,
            27.332529380164793,
            27.632370310059134,
            27.68232451882964,
            27.717210904852845,
            27.625509047020074,
            27.952886721499773,
            27.932170647034237,
            27.75574597322311,
            28.05547946838583,
            28.10763857455413,
            28.235179092842568,
            28.200109013314652,
            27.890299581137878,
            28.210440034341257,
            27.795413213008768,
            27.965172256134313,
            28.29948484310833,
            27.9627369337587,
            28.183472299425173,
            28.111610585246193,
            28.312480613317078,
            28.251683292974107,
            28.5555591031404,
            28.389632597579254,
            28.11310038908301,
            28.408985236004902,
            28.186499899122175,
            28.248636745158617,
            28.290511933163863,
            28.190278669330088,
            27.998182573214194,
            28.141614721707978,
            27.82018023536266,
            28.147823405852453,
            27.725298295622395,
            27.645355676919426,
            27.667096598646662,
            27.529546478842327,
            27.474584137465744,
            27.42099654591577
        ],
        [
            27.191030233827313,
            27.11280909495354,
            26.946930864962276,
            27.119075156921745,
            27.154573006085435,
            27.265594194766116,
            27.08741053987362,
            27.152619476382505,
            27.003219694329726,
            26.984945820988123,
            27.035198160175018,
            27.022652689255143,
            26.821223126413262,
            26.796108696719223,
            26.86118029903474,
            26.938098126183046,
            27.19664754989918,
            27.364523258590495,
            27.41495515196649,
            27.687350568607613,
            27.52301789771546,
            27.741087311350025,
            27.6428108109163,
            27.381689857661556,
            27.565956180237464,
            27.52190829512832,
            27.351439616010413,
            27.251842000623032,
            27.01641237419414,
            27.184368992986812,
            27.059170234967464,
            27.23413629165697,
            27.04701342359593,
            27.291460578502967,
            27.05807627688266,
            26.979627225309635,
            27.139300511881526,
            27.030275383737585,
            27.049489960415986,
            27.22142879533582,
            26.999482032070997,
            26.879010561731718,
            26.91330052905171,
            27.165389432903265,
            26.973268860672498,
            26.824390315014778,
            27.01221531631863,
            27.188692604238167,
            27.060512210984523,
            27.106355108667948,
            27.10238169199866,
            26.814612007139303,
            26.698305430728738,
            26.83139465924859,
            26.69562425108163,
            26.489382287915838,
            26.251046983891563,
            25.9860020466775,
            25.897005781246005,
            25.95521674519658,
            26.15989783409968,
            26.423129664783005,
            26.568967602965525,
            26.53867516269333,
            26.55698368002534,
            26.710966810110747,
            26.640710210392175,
            26.599484951949247,
            26.758317775429788,
            26.84278728787033,
            27.01303266377189,
            26.9123273488789,
            26.669771501787327,
            26.927548512419417,
            26.640163200111083,
            26.760054807249784,
            27.004476480205504,
            26.908154365022018,
            26.94742618065516,
            27.01073867790213,
            27.20101583839402,
            27.142605242156712,
            27.243408293071194,
            27.286078655038313,
            27.01217013989523,
            27.12246652360155,
            27.142552542721145,
            27.19419205863283,
            27.239975682583196,
            27.005115808353814,
            26.874813124662634,
            26.97197566935529,
            26.717330157674105,
            26.89188089005438,
            26.631545984739823,
            26.42236721669416,
            26.46689768219254,
            26.47535378437203,
            26.388078042340087,
            26.360381505385085
        ]
    ],
    "angle": 89834.7,
    "fluctuation": 625.625773,
    "buy_difference": 1.043260649
}