{
    "id": 130,
    "name": "Universal Corporation",
    "record": [
        [
            12.183226508483772,
            12.257515733401878,
            12.228815062983914,
            12.232668936404261,
            12.218925326782616,
            12.254897417165875,
            12.186968113121596,
            12.17573440983577,
            12.234005863558645,
            12.154275549772967,
            12.109220224142557,
            12.182862287696802,
            12.19789601705927,
            12.17624324183698,
            12.208162105576777,
            12.1768038820578,
            12.236451206432754,
            12.188999730137592,
            12.182020927460822,
            12.129938501105457,
            12.176992305189714,
            12.215109791915996,
            12.15320790569914,
            12.188705750539551,
            12.18151051328796,
            12.158598474926015,
            12.161513039269463,
            12.234482932791543,
            12.199455646336327,
            12.128056305245725,
            12.187875979662856,
            12.211659062098446,
            12.12654330005568,
            12.258419418231938,
            12.165485027754444,
            12.282785253631133,
            12.185694743302372,
            12.229969710435144,
            12.27921408753276,
            12.242183870534243,
            12.229514478016593,
            12.218808657758435,
            12.258567854174627,
            12.2816787900473,
            12.273863928167343,
            12.300353893237109,
            12.209708131483314,
            12.230506035034496,
            12.311377766620733,
            12.188855160469906,
            12.231225671153432,
            12.21228699261685,
            12.215470174548745,
            12.252185340506962,
            12.24106783116821,
            12.159627290580598,
            12.22493059365266,
            12.220996402817155,
            12.15974787534638,
            12.171311331780993,
            12.25740672878828,
            12.214871920403818,
            12.180028368347717,
            12.261036085743958,
            12.15166651419576,
            12.145222557120876,
            12.132503885969863,
            12.166228919719842,
            12.162871829722016,
            12.240393936375666,
            12.244327935684556,
            12.240990286928135,
            12.185038074007162,
            12.181018036434077,
            12.178841702907489,
            12.210544918651834,
            12.145696565279293,
            12.194035836011938,
            12.164149308270853,
            12.2378823048839,
            12.190098873177162,
            12.138042094131848,
            12.14000304846598,
            12.137081681501922,
            12.193298254096387,
            12.22159468865549,
            12.217088599429138,
            12.226702585842375,
            12.263789611922343,
            12.138945045335209,
            12.181732510359254,
            12.180494585393895,
            12.20876623050668,
            12.227781218923978,
            12.237800729845613,
            12.156204870914069,
            12.218259996228847,
            12.161202596868684,
            12.217991989034198,
            12.264651324391744
        ],
        [
            11.796898001630355,
            11.795559837817366,
            11.80437771801094,
            11.79396203981069,
            11.793653282689794,
            11.788345050659204,
            11.7828130958917,
            11.770774386153638,
            11.76707764974458,
            11.774763663155541,
            11.76176934046507,
            11.761194580071008,
            11.774531809401218,
            11.785413034270402,
            11.785618732121652,
            11.784775431277549,
            11.78232831026662,
            11.772999627914832,
            11.759207711934524,
            11.768882321471576,
            11.759051605996506,
            11.764123076067214,
            11.763117080963974,
            11.760961772161721,
            11.761064406810439,
            11.77187149170829,
            11.767620048900751,
            11.771050956898991,
            11.772509787200025,
            11.768237581840296,
            11.7625098648069,
            11.764316734138866,
            11.772679444571816,
            11.788213046435711,
            11.798632849598507,
            11.815171178025095,
            11.814676286022246,
            11.804313273485665,
            11.819971242756013,
            11.833830026422328,
            11.829865800417425,
            11.813597716220963,
            11.822470379843514,
            11.824699283134244,
            11.825421657035527,
            11.828539005964895,
            11.827279813624031,
            11.839119803540001,
            11.841496544209232,
            11.827232638836577,
            11.832705409865204,
            11.823852345598661,
            11.819829594279149,
            11.812778516438767,
            11.798528636428681,
            11.790585353972208,
            11.790029761909128,
            11.776833806141207,
            11.78242727240513,
            11.786541551471503,
            11.801330342269067,
            11.799168031804085,
            11.79852966991653,
            11.7919026679079,
            11.779320689004528,
            11.775436358517513,
            11.78201667764901,
            11.7910715696931,
            11.803205249916683,
            11.78847371984886,
            11.775833807341511,
            11.78083023410347,
            11.78212574648997,
            11.788853912251554,
            11.787928090545247,
            11.77498082551402,
            11.777077423031345,
            11.776686893305012,
            11.773707288955123,
            11.777839086494044,
            11.777592417175297,
            11.788579440239172,
            11.781012718189032,
            11.788831366663644,
            11.785396277435098,
            11.780934408293588,
            11.77189424337743,
            11.788209663742236,
            11.798073001596254,
            11.787087369151116,
            11.784824845216496,
            11.794252707461595,
            11.779142227708283,
            11.78689787780511,
            11.795379647382592,
            11.803846903963617,
            11.790656038932012,
            11.780293552837225,
            11.790397411218324,
            11.796553483029035
        ]
    ],
    "angle": 89993.5,
    "fluctuation": 81.38466700000004,
    "buy_difference": 1.03471427
}