{
    "id": 131,
    "name": "Amgen Inc.",
    "record": [
        [
            0.46133103456832114,
            0.469891306549758,
            0.4682660738024513,
            0.48191256771188934,
            0.48338096884033177,
            0.4709006770663986,
            0.4810108523448012,
            0.49303850371422875,
            0.4857960010993141,
            0.4836745811596508,
            0.484378736027985,
            0.4822957550645131,
            0.4943943279120044,
            0.49903343216574747,
            0.5014478527464681,
            0.5134069975908604,
            0.524334203093705,
            0.5203307575503904,
            0.5295312164259657,
            0.5374158535860426,
            0.5394090244774913,
            0.5253732726044539,
            0.5364117769626643,
            0.5442943335017343,
            0.532692577359171,
            0.5414231254169822,
            0.5294645902872573,
            0.5290243606204328,
            0.5137075282175654,
            0.5102865660213026,
            0.5198291470781131,
            0.5205188523931921,
            0.5185191446255759,
            0.5129648688480404,
            0.5074108944270219,
            0.5100725877531098,
            0.5208398742184935,
            0.5132239583691215,
            0.5098121471552224,
            0.4997740699382825,
            0.49561874002648826,
            0.489959490599819,
            0.4807022406610156,
            0.480579626594876,
            0.4837044805601262,
            0.4862664816740748,
            0.4759306563456541,
            0.47955492000203304,
            0.4765631283059546,
            0.4728494320961592,
            0.4591396289160268,
            0.467114674055167,
            0.46562536525233106,
            0.4716480382044297,
            0.47929022225549384,
            0.48980830864486125,
            0.4945173565707206,
            0.4967266539844977,
            0.4930126739315164,
            0.4954731222606995,
            0.5083355000947618,
            0.5117292876942675,
            0.5100742125646811,
            0.5000924196693702,
            0.4957061065076068,
            0.5006929000580654,
            0.49202228068232196,
            0.5033270556066556,
            0.5033847445076503,
            0.5061373314588851,
            0.514157506721888,
            0.5123936834452574,
            0.505267277255333,
            0.4983387669435766,
            0.4910100555191299,
            0.4955908673729427,
            0.495691975631238,
            0.5064452681977015,
            0.5041022429266013,
            0.5062071606028117,
            0.5074406490692996,
            0.49937350265303043,
            0.49800846381582237,
            0.5009772687722732,
            0.5104605091568835,
            0.5158850385662881,
            0.5086496203637783,
            0.5197241070653187,
            0.5205130533807493,
            0.5336804957201953,
            0.535124523209208,
            0.5396880436227224,
            0.5357589801019411,
            0.5479304548622419,
            0.5527524490896454,
            0.5518835606890403,
            0.5575309919617008,
            0.5574643051533362,
            0.5557756034519904,
            0.5588632956341951
        ],
        [
            0.4477706804932515,
            0.45403311369308236,
            0.4556426892899476,
            0.46555584096172264,
            0.46660231152685755,
            0.45862068594597405,
            0.46813790128793037,
            0.4763516317329136,
            0.46879343777820587,
            0.4681446870923122,
            0.4712263671512128,
            0.4684945231222349,
            0.4782336749838577,
            0.4854831433246073,
            0.4858324936115208,
            0.4956848475212805,
            0.5064366677239616,
            0.5067108246502005,
            0.5130413260567718,
            0.5187615890961078,
            0.5203745941150607,
            0.5101859386056198,
            0.51820527759078,
            0.5261874464268222,
            0.5165690131694436,
            0.5256138269076644,
            0.5153984207761183,
            0.5101532528290278,
            0.500160447290352,
            0.49573404504042606,
            0.5036413844304541,
            0.5045113559657097,
            0.5029252280027386,
            0.4989862097968629,
            0.491364234493001,
            0.49483173800744973,
            0.5056822512207092,
            0.49938861190698225,
            0.49177316635260526,
            0.486594430943564,
            0.4812915411883192,
            0.47522447546262764,
            0.46722759106827794,
            0.4667339408939521,
            0.467240359008167,
            0.47112387869943,
            0.463100652182521,
            0.46601895628938805,
            0.4603879683471353,
            0.4560729306757008,
            0.44685200184380214,
            0.45117026045158887,
            0.45316416503509727,
            0.45939472333318754,
            0.4661356480244136,
            0.4752205204459548,
            0.4774948213658214,
            0.4802980076264577,
            0.4756154577487962,
            0.4823099966168276,
            0.4910819453432487,
            0.4939666306825751,
            0.49453629547395045,
            0.4858793235480822,
            0.4816659608392091,
            0.48597554419230626,
            0.47832626053231114,
            0.48887499802032436,
            0.48873510541937626,
            0.49140758584009997,
            0.5002969939270219,
            0.4954468686248906,
            0.49159706761925565,
            0.4832550255164332,
            0.477437996381012,
            0.48189218954609997,
            0.47896304526479727,
            0.48837959115515994,
            0.4900208083287071,
            0.4902475538206694,
            0.4907066080578062,
            0.4849863580832671,
            0.4846319501831508,
            0.4874231270431114,
            0.49471286034190454,
            0.4974826304818285,
            0.4929085464080487,
            0.5012845116495529,
            0.506379526918838,
            0.5173199769485606,
            0.5173226856438085,
            0.5226728576838563,
            0.5184014340330126,
            0.5296497730618455,
            0.5354323825329014,
            0.534003609656728,
            0.5420658347618037,
            0.5418379245438536,
            0.5403591383600496,
            0.5421645909368003
        ]
    ],
    "angle": 90790.3,
    "fluctuation": 1238.2610770000001,
    "buy_difference": 1.031831897
}