{
    "id": 132,
    "name": "Family Dollar Stores Inc.",
    "record": [
        [
            7.351098094465171,
            7.420741482841024,
            7.308713199787936,
            7.254615158683616,
            7.413984345196635,
            7.444979278608938,
            7.342048384865527,
            7.365236203676353,
            7.336382763030222,
            7.348590882826228,
            7.274756437958329,
            7.2232990299241955,
            7.1129275220537425,
            6.980914883739574,
            7.117996740002272,
            7.091086862540883,
            7.004265518693904,
            7.060863051758065,
            7.166123936483064,
            7.273941506625195,
            7.187251323584127,
            7.1116538564913,
            7.0493282034007265,
            7.082656080243291,
            7.048943911947513,
            6.99419105609988,
            7.075860103444479,
            6.970232805823964,
            6.875455110860103,
            6.845445965557654,
            6.756051135701855,
            6.783166314245572,
            6.772855756346739,
            6.8844986221679,
            6.9024681463848125,
            6.799881210585143,
            6.785437811984365,
            6.791762808673638,
            6.671330857512747,
            6.758630598604685,
            6.81595449343707,
            6.700668897883523,
            6.576293513234797,
            6.505912500158939,
            6.528693591907692,
            6.455256647633085,
            6.36350077790394,
            6.402605556426546,
            6.407717325317224,
            6.40424362238287,
            6.376315724657772,
            6.375756069833714,
            6.392487563899722,
            6.5210850268420995,
            6.545942476255065,
            6.495355012533814,
            6.415345600715375,
            6.437702033769734,
            6.413717197533948,
            6.338246880268309,
            6.275351027925202,
            6.362482121811306,
            6.419416454802879,
            6.475575950574849,
            6.6077777148273045,
            6.572794730895102,
            6.665153818008266,
            6.767056929055878,
            6.701368611092845,
            6.794442561398925,
            6.872011690466455,
            6.824503158513395,
            6.867956465588709,
            6.907608843604747,
            6.794668078035043,
            6.828678456790602,
            6.9093349242061155,
            6.938828763721637,
            7.011812763227239,
            7.01979994799491,
            7.060871592707685,
            7.074023887704812,
            7.2104877183676015,
            7.110036413903498,
            7.125534647781401,
            6.9866153184196795,
            6.906195122073262,
            7.022427732256798,
            7.0695420432475835,
            7.037701366628718,
            7.101165199951359,
            7.206799250371784,
            7.147185118539173,
            7.057127871912709,
            6.967227289094229,
            6.914685267080937,
            6.928265972626021,
            7.033784920333671,
            7.033518931027758,
            7.1423890654450295
        ],
        [
            7.101829765560625,
            7.163391200602883,
            7.071470246657839,
            7.041654781017478,
            7.159724862692847,
            7.21485339232135,
            7.130096808102426,
            7.095656325874302,
            7.12674005855222,
            7.1250115253151804,
            7.040023313567258,
            6.963073002139764,
            6.857360733970986,
            6.783472543030532,
            6.8615643245976505,
            6.887071144967346,
            6.772165931289092,
            6.822798408578178,
            6.931430666693611,
            7.02238264431891,
            6.929704366954742,
            6.8794320331119385,
            6.813693312768554,
            6.832941419626494,
            6.829008193482431,
            6.74356219403795,
            6.828427043711141,
            6.719123722802749,
            6.676973232871578,
            6.617287029202458,
            6.558383929796782,
            6.547927050153727,
            6.538626227957028,
            6.629874731513385,
            6.689111394093699,
            6.585079886063442,
            6.556004875787049,
            6.5594966624501545,
            6.463177130714267,
            6.570113760059341,
            6.567786781178843,
            6.461845544399146,
            6.395432037159522,
            6.293470374315811,
            6.340858337060238,
            6.227041619851888,
            6.130586080443956,
            6.2046996626578546,
            6.215254435995284,
            6.167995743282114,
            6.151504651081859,
            6.194185720992685,
            6.19055538991164,
            6.301219584235288,
            6.366555441791345,
            6.263849398720414,
            6.218914012216702,
            6.24809564356461,
            6.189438361145191,
            6.1184373602488105,
            6.06498183184122,
            6.145509870775361,
            6.199883888227301,
            6.2779289668277,
            6.37862090296291,
            6.370904093108765,
            6.47274295566534,
            6.5473962957866325,
            6.474131954256745,
            6.5483620299193355,
            6.635014842795715,
            6.637482360861292,
            6.617236545784606,
            6.664730206485046,
            6.601830551354784,
            6.5793924102594685,
            6.663074354986401,
            6.737841320880504,
            6.759205723786709,
            6.787185597889897,
            6.85497357028682,
            6.869120434946265,
            6.956266071421291,
            6.858672719739724,
            6.881854101354119,
            6.773370434130322,
            6.706152932733669,
            6.80536300375992,
            6.818250796330552,
            6.816751714345134,
            6.872720512968543,
            6.965205025938316,
            6.925570654248157,
            6.850651822496175,
            6.757958898098945,
            6.684218582557249,
            6.73163684240211,
            6.8375932692523165,
            6.819525572475706,
            6.905712493040682
        ]
    ],
    "angle": 90492.40000000001,
    "fluctuation": 1051.509515,
    "buy_difference": 1.033239339
}