{
    "id": 133,
    "name": "CNF Inc.",
    "record": [
        [
            9.433934022413357,
            9.264051530060556,
            9.009682709331353,
            9.008431982946641,
            9.131541903055066,
            9.179119259892312,
            9.2503772364745,
            9.387350773540087,
            9.600180184808474,
            9.426933956748542,
            9.193462496903205,
            9.365512528593765,
            9.600146128038288,
            9.57871153896602,
            9.766073728762034,
            9.99864398466123,
            9.903184955220777,
            10.054703325773998,
            10.296199953262214,
            10.372687625517846,
            10.46297596441316,
            10.388122583308963,
            10.391241999105713,
            10.443300790335915,
            10.418008413639141,
            10.245622546454864,
            10.343487458593113,
            10.364460980222596,
            10.278179333352451,
            10.02888482617086,
            10.126309691495337,
            10.19424492835084,
            10.299002998390371,
            10.587229841760966,
            10.698462577518095,
            10.750794344284175,
            10.55188591055483,
            10.705013048231454,
            10.895310351678685,
            11.127817943041583,
            10.860148438266187,
            10.95488965781099,
            10.910941135126025,
            10.919003129337998,
            10.894800907745363,
            11.14652983941515,
            11.026642798612261,
            10.918625994639031,
            11.012612168909238,
            10.772761006866967,
            10.576917103860522,
            10.556695937578636,
            10.545093871137942,
            10.627840267475475,
            10.344660657339235,
            10.51372513720608,
            10.636881128067511,
            10.35643246808971,
            10.609213721186322,
            10.804024566237096,
            10.617684096755,
            10.64930219894989,
            10.528320209861436,
            10.494880128357524,
            10.827357526673302,
            10.62508584435197,
            10.48560106075027,
            10.862792027169736,
            10.687321894757613,
            10.473914815610613,
            10.509115938560125,
            10.51615011600204,
            10.798203373834376,
            10.736715927748119,
            10.48507292453525,
            10.47839680294789,
            10.246805184583163,
            10.290263867083452,
            10.419608954063124,
            10.349945049042867,
            10.151438224416578,
            9.903991585034182,
            9.950764047970614,
            9.760366719823592,
            9.563459809449594,
            9.734689809079546,
            9.704807540011332,
            9.86412792064525,
            9.894171827464607,
            9.763341207223679,
            9.835020814284936,
            10.038890317468912,
            9.906495673431207,
            9.876391026705695,
            10.210239425780932,
            10.110106372092948,
            10.274358812116686,
            10.046326582378027,
            9.913030820700653,
            10.151253958481268
        ],
        [
            9.007938875733421,
            8.840431218513748,
            8.627828120747997,
            8.607666987357026,
            8.770872099656547,
            8.79624950158573,
            8.853002118162427,
            8.935799632751419,
            9.185939670408553,
            9.004851448139444,
            8.790614418769819,
            8.936360913424197,
            9.185907083162244,
            9.17365862991419,
            9.35028857467465,
            9.587355592719256,
            9.4901137309653,
            9.593014039016598,
            9.804835248180533,
            9.877672705532524,
            9.996502708335704,
            9.93491251181214,
            9.937895834619523,
            9.978701689948304,
            9.972470612760063,
            9.809420868327772,
            9.898164208156665,
            9.866890972748918,
            9.80133910875508,
            9.561703233404963,
            9.685490564652193,
            9.714517535599319,
            9.884279448831984,
            10.098065671091376,
            10.227621622807016,
            10.257142128791683,
            10.133081006077068,
            10.247201172628943,
            10.450281683560267,
            10.648726526679548,
            10.369751694348574,
            10.49059196629218,
            10.427621618705265,
            10.411394643992733,
            10.432005276032626,
            10.6166993701318,
            10.59218582657301,
            10.43392329704742,
            10.54164547231429,
            10.292476533223017,
            10.15609881657529,
            10.058909707413589,
            10.04385159081627,
            10.146920370931205,
            9.879514027537,
            10.090355087827048,
            10.157580394814431,
            9.915513119215811,
            10.163637860464522,
            10.34819348336785,
            10.154458780531574,
            10.183678987368337,
            10.090185143952246,
            10.06418849544556,
            10.316808627877597,
            10.202351092498162,
            10.068415917271118,
            10.336153556437583,
            10.200655089880502,
            10.026989817504923,
            10.04158886939418,
            10.061379449825019,
            10.308545176648485,
            10.240645017698023,
            10.042698685578987,
            9.989279382437708,
            9.809571020631047,
            9.869948862229124,
            9.939180749701231,
            9.925201299785867,
            9.694979821947582,
            9.516635704765548,
            9.4853302106831,
            9.337345687294516,
            9.102531371776713,
            9.300685901626238,
            9.246269605363162,
            9.389642805205913,
            9.464404769982053,
            9.372069044221695,
            9.432354544247772,
            9.585577993773017,
            9.435608022545688,
            9.467283564595975,
            9.719105625451219,
            9.645873102473953,
            9.794765609637011,
            9.58884867474654,
            9.49669391238908,
            9.738570512144417
        ]
    ],
    "angle": 88914.3,
    "fluctuation": 1570.790985,
    "buy_difference": 1.045722495
}