{
    "id": 134,
    "name": "Ivax Corp.",
    "record": [
        [
            9.587076789303403,
            9.675016155134234,
            9.531491941340386,
            9.480498400878284,
            9.556759226653439,
            9.558054263275626,
            9.49845934957233,
            9.444770246526847,
            9.362046089363607,
            9.402361278708812,
            9.451880488700922,
            9.50889534349963,
            9.377480693246305,
            9.275866778871356,
            9.204393984200202,
            9.228932157179255,
            9.313525595839826,
            9.213143284816608,
            9.19472141611894,
            9.205785706580587,
            9.149547719967817,
            9.11547085730209,
            9.010039688508124,
            8.920673572445464,
            8.982815408597883,
            8.951999662961644,
            9.079338960337376,
            8.984778980378254,
            9.04917823118659,
            9.11745043224377,
            9.003902501828197,
            8.906014317884031,
            8.97672420494023,
            8.886127929191538,
            8.901080063865416,
            8.871633471198155,
            8.915027361909779,
            8.955851654432589,
            8.957737203600386,
            9.022316411873728,
            9.052599009871559,
            9.146296149353683,
            9.056373937266827,
            8.921383189953952,
            8.89527707873874,
            8.790157489319471,
            8.871032810383433,
            8.97004416033261,
            8.879317571458287,
            9.0250974186005,
            8.94344449372974,
            8.8892386770802,
            8.790427331757591,
            8.926768438279788,
            8.929849808010285,
            9.022823821283856,
            8.886066283446015,
            8.98176821896353,
            9.001390050187497,
            9.019415715165126,
            8.98949592464895,
            9.044709295180622,
            9.09449346291711,
            9.003816552010775,
            9.076515829579497,
            9.077054254711799,
            8.969210316269384,
            8.979990225059707,
            8.99054731690217,
            9.026056876154023,
            8.95159178291348,
            8.976385730142722,
            9.066651996054997,
            9.025272365396338,
            8.975031427162566,
            8.957353119225301,
            8.847287895529789,
            8.718878062826324,
            8.58495256730026,
            8.564060202426429,
            8.68578893857425,
            8.603166238617986,
            8.601195823924789,
            8.581155285017545,
            8.548218871696411,
            8.618043072285522,
            8.602021443406153,
            8.571057161613952,
            8.489044160873389,
            8.393856217057738,
            8.50406591011993,
            8.480085353699964,
            8.455268607490401,
            8.463060337015603,
            8.620600859709178,
            8.590777687558884,
            8.42837547771149,
            8.45570405538637,
            8.603792753359702,
            8.448153266656847
        ],
        [
            9.406456995645042,
            9.53271703593052,
            9.402617449061783,
            9.353252375213316,
            9.371096377085703,
            9.396746596964658,
            9.314858648059026,
            9.264056442901934,
            9.214187054958959,
            9.262214880614493,
            9.332514564593021,
            9.304663518249068,
            9.185218190313426,
            9.11840918692542,
            9.012984933918371,
            9.093193994462025,
            9.126213178079905,
            9.077637343172128,
            9.017891813596593,
            9.046802612139107,
            8.98704188017987,
            8.922354504898363,
            8.837643907518059,
            8.723863134538705,
            8.800399025850835,
            8.795640126801986,
            8.882564054078703,
            8.79706027404734,
            8.881352820457368,
            8.927849407860947,
            8.88126989726523,
            8.794425713641967,
            8.79881776799314,
            8.724812179655332,
            8.725543169049638,
            8.721037728902276,
            8.74444952232884,
            8.834760345538802,
            8.82510284820052,
            8.886053087635513,
            8.909627213356607,
            8.986542945898057,
            8.916915003586269,
            8.80517775243665,
            8.743405296427689,
            8.660872778231075,
            8.76076289988261,
            8.795779650778888,
            8.71986803438746,
            8.841822404013755,
            8.801315081954126,
            8.741842223026227,
            8.673314165573865,
            8.76997269213264,
            8.731099043389941,
            8.852834510398775,
            8.766798648923842,
            8.840800582065192,
            8.873447288057642,
            8.898358281784978,
            8.790292278387222,
            8.91346818286652,
            8.91158619098115,
            8.880293701325298,
            8.893083296252469,
            8.900710818758052,
            8.83906471400956,
            8.794124085804368,
            8.809730596361224,
            8.845408062974508,
            8.767187177217176,
            8.855905839666649,
            8.932404974089637,
            8.84287544073546,
            8.796281104239375,
            8.761477371359735,
            8.68754529485969,
            8.583756126029765,
            8.467176087960983,
            8.44233350119077,
            8.50177563812884,
            8.415035705125428,
            8.435780693881243,
            8.432116206048006,
            8.381312949904931,
            8.438827423478479,
            8.47805411952898,
            8.387803474458632,
            8.369223321765089,
            8.261288243845595,
            8.36389323746728,
            8.362068917045738,
            8.333416200026718,
            8.34611837892841,
            8.456500631689305,
            8.410452809541734,
            8.30191450126157,
            8.34975764886311,
            8.419839162123065,
            8.309733925062861
        ]
    ],
    "angle": 90758.9,
    "fluctuation": 802.470676,
    "buy_difference": 1.017675169
}