{
    "id": 135,
    "name": "The Goodyear Tire & Rubber Company",
    "record": [
        [
            40.186507538567554,
            40.31086337665849,
            40.17936029681942,
            40.09956947389381,
            39.666054185130015,
            39.59467528704348,
            39.55024812431343,
            40.16020134724652,
            39.774610181665366,
            40.33983574089745,
            40.38139965400511,
            40.88116032901115,
            40.713669083841495,
            40.11541642169986,
            40.450806767844234,
            40.434868231713814,
            39.98260050854857,
            40.01459001747502,
            39.6368776852449,
            39.449100822612564,
            39.90700380362205,
            39.97504454203233,
            40.10772562136744,
            40.071872071895655,
            40.19683211796794,
            40.47536244197029,
            40.16930771998128,
            40.23213330125441,
            40.40963601428532,
            40.89116046002486,
            41.02787541957237,
            40.49399632699399,
            40.287369967868614,
            39.93710555392536,
            40.143237467101784,
            40.003019418456375,
            40.19417130438365,
            40.35610365927843,
            40.0951008997626,
            40.34216322411949,
            40.76960255409013,
            40.407958734704664,
            40.509934690233045,
            40.41864409286734,
            40.69788074691197,
            40.37259621690375,
            39.706810232053975,
            39.09100350863331,
            39.86632884971447,
            40.14428664036948,
            39.945273480875,
            39.73903469892975,
            40.32868624129328,
            40.523791556475125,
            40.27629661111759,
            40.277727890215616,
            40.47238911484632,
            40.77251730140431,
            40.4751062943113,
            41.455966612195745,
            41.63784662995875,
            41.22889090233076,
            41.16461105981989,
            40.51110564401219,
            40.565514468501235,
            39.80916332828378,
            39.42307375245229,
            39.338487278690614,
            39.375465716935224,
            39.254495397958955,
            39.358715019783936,
            38.924164872815425,
            38.731756744390424,
            38.19727210618191,
            38.04096324544828,
            37.83826347426278,
            38.513116414687836,
            37.69081371114536,
            37.88873791303417,
            37.51053239204179,
            37.160039921818885,
            37.09069302440197,
            36.3849722435825,
            36.15248734938624,
            35.60355797168397,
            35.264685003151286,
            35.85152194228801,
            36.37563580174887,
            36.389932893227375,
            35.97176581403134,
            35.52282869301366,
            35.594254266967795,
            35.36634735132565,
            35.42705511649298,
            35.09704906437762,
            34.61384757375715,
            34.21497415673127,
            33.89709816495447,
            34.16856505267012,
            34.16052284845949
        ],
        [
            38.466292126575304,
            38.423573776878904,
            38.382508843942105,
            38.460173185909284,
            38.06732039318572,
            37.66572786098416,
            37.6948069714709,
            38.211315567509786,
            38.1331801053558,
            38.65179789524577,
            38.73048126348486,
            38.947733409315745,
            38.98651866044546,
            38.413645001522326,
            38.51851977085384,
            38.49950378185807,
            38.31720013856263,
            38.07656405364606,
            37.883233767092946,
            37.53472317913839,
            38.08043129485913,
            38.1148902211758,
            38.383188197380214,
            38.272170842737005,
            38.57282913204351,
            38.64594477773926,
            38.25046759817864,
            38.521547947735215,
            38.67599289518081,
            38.93783829015496,
            39.08361077687681,
            38.86579818098957,
            38.42035403849261,
            38.193112948559126,
            38.47886886893324,
            38.061761330204604,
            38.34296123741092,
            38.443673521005636,
            38.38264533452518,
            38.71617896852619,
            38.98535207118523,
            38.40113834324439,
            38.65962847003131,
            38.754526465583325,
            38.749927531615846,
            38.547823411571585,
            38.04144487243715,
            37.51167740068298,
            38.07585894343839,
            38.14676518098102,
            38.13219002469021,
            37.96567264718231,
            38.42138794086972,
            38.863148639773065,
            38.3791334661231,
            38.30405737978381,
            38.485347467013085,
            38.956933142349165,
            38.80866400357538,
            39.39709796972709,
            39.96365611196036,
            39.38116434689042,
            39.19822647956753,
            38.78477038819288,
            38.63930629378237,
            38.11656176486899,
            37.54736810011554,
            37.72262931274974,
            37.427372021100524,
            37.39799970383811,
            37.41517407605204,
            37.20950117804145,
            36.94052065001054,
            36.50001443014835,
            36.25632795118867,
            36.258542859529356,
            36.64781129655377,
            36.1390063981815,
            36.03930929507589,
            35.991442817692416,
            35.59791884909339,
            35.32595943229767,
            34.89393588913625,
            34.41866213869146,
            33.96716929649467,
            33.75853575461932,
            34.094742319453786,
            34.5690766494157,
            34.64472011005106,
            34.36308117624677,
            34.03636058730405,
            33.91424872402866,
            33.825340075034205,
            33.82581237247263,
            33.387214043274106,
            32.91116119286068,
            32.69466591688177,
            32.41361758184962,
            32.758486862447,
            32.548187686029365
        ]
    ],
    "angle": 89936.3,
    "fluctuation": 896.087513,
    "buy_difference": 1.047128469
}