{
    "id": 136,
    "name": "Metaldyne Corporation",
    "record": [
        [
            21.458755985207354,
            21.54426240650848,
            21.594875296837746,
            21.514986326086746,
            21.523277002038263,
            21.51693994307972,
            21.48971958206885,
            21.3604378491857,
            21.565274494807095,
            21.442926498813158,
            21.556192117276876,
            21.461073166136917,
            21.363651112752446,
            21.545054991647135,
            21.53160269143312,
            21.370613745574023,
            21.53825725446857,
            21.40600318883393,
            21.585040579398033,
            21.502111154574578,
            21.472100068722508,
            21.685555858603795,
            21.57402297509206,
            21.52875501672308,
            21.644704181756214,
            21.636595997308007,
            21.532901146220187,
            21.47917928334109,
            21.486049218641018,
            21.643365561059703,
            21.530074796661005,
            21.43918811425636,
            21.58383207276303,
            21.51556845533402,
            21.49625143409402,
            21.47021855974206,
            21.664836271109383,
            21.702192726463867,
            21.674766974456386,
            21.524138304043596,
            21.596078338320282,
            21.74786534216749,
            21.64928724388762,
            21.622621275560547,
            21.775248932697245,
            21.573397240485384,
            21.57676868908267,
            21.574189097919977,
            21.668012316158244,
            21.654401170915342,
            21.557890985886868,
            21.588614334383642,
            21.636186694817013,
            21.717759530172845,
            21.62829473308871,
            21.689242515087226,
            21.651869535560564,
            21.622663454563476,
            21.631318213637112,
            21.624300177287854,
            21.615959893481495,
            21.610550705385826,
            21.699557483965755,
            21.664658217421227,
            21.70470932465003,
            21.61814625524605,
            21.763951135100267,
            21.70630848553154,
            21.719496015778216,
            21.643882956778043,
            21.698759999461398,
            21.599319312227873,
            21.652247996861526,
            21.562901307788373,
            21.747062977622207,
            21.5773493878591,
            21.636536291484802,
            21.748696833988838,
            21.62620326715841,
            21.657009125172483,
            21.768188704799762,
            21.744839743051312,
            21.722147249058768,
            21.840824184819212,
            21.710848249929704,
            21.806575356203226,
            21.68455149582339,
            21.66188178473685,
            21.82175039522498,
            21.79986938255902,
            21.689202199766655,
            21.826900842346767,
            21.78142509339039,
            21.802981848134674,
            21.825204286337883,
            21.764480072793063,
            21.804758271981925,
            21.88849089721525,
            21.811994310985153,
            21.820339654943314
        ],
        [
            21.231971583403173,
            21.26344230016585,
            21.283687435150544,
            21.28335311702158,
            21.285173449176238,
            21.276780942068243,
            21.268985451924188,
            21.234444524586166,
            21.25239725886671,
            21.277984707112285,
            21.25190933360327,
            21.22153771612181,
            21.197194298681374,
            21.230357583082075,
            21.246710966683427,
            21.244560399029908,
            21.25327748100426,
            21.281878263591594,
            21.284590112679304,
            21.302548031339168,
            21.33259456927209,
            21.36667934270979,
            21.375931736079888,
            21.34817334829279,
            21.356187167412205,
            21.326930279584747,
            21.356563286604025,
            21.326785486231483,
            21.299425054691483,
            21.329355350115144,
            21.298279143111515,
            21.306311433098053,
            21.328013257716314,
            21.322282239736825,
            21.3180778414357,
            21.34572127502453,
            21.380312900411752,
            21.391588179998006,
            21.381586980694028,
            21.407928512166176,
            21.42995848266382,
            21.455834696072458,
            21.452652131073865,
            21.47998207202003,
            21.448649026196733,
            21.437536605455104,
            21.43013088400993,
            21.425419188281364,
            21.39837980948095,
            21.408430929751027,
            21.407085882877023,
            21.435444100579446,
            21.452554988455525,
            21.44536857660349,
            21.472689238551776,
            21.447160377529638,
            21.442332690539043,
            21.46709847444946,
            21.48430968472413,
            21.451512299623325,
            21.458291072252802,
            21.45937722893775,
            21.483111624398344,
            21.459291185079934,
            21.45816763805026,
            21.492791196474027,
            21.467425552022696,
            21.46832481510942,
            21.462069266189122,
            21.49463245669695,
            21.478026059720918,
            21.452528250941068,
            21.45773391357465,
            21.448637224894103,
            21.47858949640735,
            21.452230893945536,
            21.47010522796761,
            21.505951103472817,
            21.509442421949423,
            21.54008195774897,
            21.544594246983376,
            21.560285871202435,
            21.535628959940844,
            21.55184104867563,
            21.56113597487455,
            21.578271814070558,
            21.563142632304206,
            21.54276386030722,
            21.53731335342966,
            21.528596072340637,
            21.55044900607003,
            21.559592752653735,
            21.568476758446693,
            21.59414288598331,
            21.564372084285093,
            21.545231893359265,
            21.580788185643684,
            21.570924314305483,
            21.562080576012097,
            21.546662109266485
        ]
    ],
    "angle": 90084.8,
    "fluctuation": 98.72079700000006,
    "buy_difference": 1.010176181
}