{
    "id": 137,
    "name": "Compass Bancshares Inc",
    "record": [
        [
            15.109091101273027,
            15.327639462744779,
            15.512259901491179,
            15.74077432550877,
            15.857213543884935,
            15.752298781909055,
            15.957156019684936,
            16.020001854484015,
            16.057015331614974,
            16.04002679144331,
            16.091944884714692,
            16.187266572719235,
            16.2249375626498,
            16.391975546568492,
            16.39279214003045,
            16.44076874916063,
            16.46165099264099,
            16.465983667469413,
            16.313917644390045,
            16.248717742057227,
            16.433895377866563,
            16.30266442906568,
            16.476537020930547,
            16.50052432758897,
            16.206016003291026,
            16.109355380243386,
            16.116279028118644,
            16.126645789399806,
            16.128899503047784,
            16.246709332029937,
            16.190391089728795,
            16.05883682153045,
            16.130829011974598,
            15.861286718958606,
            15.757918030644445,
            15.895153020213064,
            15.891314633709896,
            15.905627613071081,
            15.891316418953975,
            15.882718550064247,
            15.894869093731042,
            15.76149392429332,
            15.883367721097079,
            15.8425434781042,
            15.749170328725814,
            15.666577063412547,
            15.6272353695032,
            15.398141352030931,
            15.347063212544699,
            15.428717802438955,
            15.45017400570937,
            15.488922653457648,
            15.476422230287408,
            15.691887963815331,
            15.469272414027893,
            15.544327454738278,
            15.681024109704712,
            15.894441776924038,
            15.896565085191588,
            15.854298093808184,
            15.751824335610895,
            15.950277104613015,
            16.009756363179175,
            15.828776940521779,
            15.78154883381478,
            15.660212483183424,
            15.579598840022852,
            15.72869684385448,
            15.796059481813971,
            15.702602050880678,
            15.760424390722577,
            15.840844614730164,
            15.86442454587589,
            16.00115176331207,
            16.168995535928165,
            16.162223275888213,
            16.016850525205033,
            15.824613385495919,
            15.844245557571883,
            15.63559297867089,
            15.40513503328516,
            15.406663617438298,
            15.355926932799814,
            15.225116318170693,
            15.315081990289686,
            15.038935179332762,
            15.18079011678567,
            15.002056797346308,
            14.998696338088171,
            15.232824660346138,
            15.195643311620502,
            15.220447398034816,
            15.019336976608441,
            14.952169622204162,
            15.056005430964902,
            14.86691314114439,
            15.03981010727849,
            14.956266789762028,
            14.784095742407963,
            14.775646619124158
        ],
        [
            14.476666454239899,
            14.649322424345446,
            14.800591427324271,
            14.957352109928085,
            15.143336100321996,
            15.099010846382615,
            15.226597977671425,
            15.361779122486773,
            15.271529720025436,
            15.353231693347967,
            15.31084990337604,
            15.469358990944873,
            15.556732445392475,
            15.576142885806293,
            15.664201952568096,
            15.700620176879697,
            15.651694863205442,
            15.668294083620138,
            15.640477657233596,
            15.470802724627713,
            15.672115277170446,
            15.570290217666338,
            15.701804404084672,
            15.708987751064715,
            15.521447986941022,
            15.324361728011208,
            15.326367944878054,
            15.464041318696863,
            15.365912812034708,
            15.470432884217034,
            15.402982958482454,
            15.349697207447509,
            15.332570565302863,
            15.189757224959534,
            15.104397050566453,
            15.137183461970414,
            15.21851382857724,
            15.121523754907088,
            15.157714437406336,
            15.179836763550691,
            15.105280556568717,
            15.08511294009139,
            15.236878794654569,
            15.133866627652152,
            15.010136619966893,
            14.92099521508178,
            14.89095124307467,
            14.718177283815614,
            14.685523323164993,
            14.717941115237481,
            14.722232203977606,
            14.793104643885727,
            14.79300136925367,
            14.963008815447548,
            14.814339881706328,
            14.807517067878125,
            15.006592399507149,
            15.134996861008997,
            15.155152311821329,
            15.099782488457844,
            15.103103834434762,
            15.259677442927641,
            15.278316757821866,
            15.138888019208736,
            15.111879822737734,
            15.019788942042421,
            14.888641408883407,
            15.093051754570247,
            15.095501990330831,
            15.01971662380329,
            15.108315907938776,
            15.173223756856366,
            15.126020836172936,
            15.239647303287242,
            15.436451013144017,
            15.476400851743156,
            15.314163364843662,
            15.188144293109515,
            15.094724582053,
            14.912306694252107,
            14.721915096863526,
            14.644241589499094,
            14.603283170769638,
            14.611290645442297,
            14.589137975090715,
            14.403666522209294,
            14.479988659088319,
            14.336713438191673,
            14.36800939348981,
            14.504992163572291,
            14.501398184157802,
            14.545418384584059,
            14.409463512126798,
            14.346464823919936,
            14.365268911583,
            14.206141813114067,
            14.397284912564222,
            14.308704824703838,
            14.136907073038106,
            14.06124598152941
        ]
    ],
    "angle": 90675.29999999999,
    "fluctuation": 793.951446,
    "buy_difference": 1.047141359
}