{
    "id": 138,
    "name": "Briggs & Stratton Corporation",
    "record": [
        [
            17.623894333453876,
            17.547657535588197,
            17.362550594675632,
            17.81161733794646,
            17.408032911237257,
            17.897807054852482,
            18.121905860594882,
            17.64872610386312,
            17.526372814996336,
            18.043421351646554,
            18.225543662374324,
            18.34276160582589,
            18.243533932282038,
            18.58839917212409,
            18.694746852123153,
            18.498528070335407,
            18.6294924796886,
            18.23865010342803,
            18.50832385889307,
            18.25899348736526,
            17.96953378842283,
            17.838430426826687,
            18.28314193316228,
            18.22077659417943,
            17.94986979125931,
            17.6034293443176,
            17.782411864059092,
            18.072834372121537,
            18.115594695072033,
            18.015352290400923,
            18.1744964174198,
            18.38534853424717,
            18.373808192927232,
            18.279941685631258,
            18.234596121200575,
            18.30387020435805,
            18.06842960333007,
            18.52129175127679,
            18.643432132256045,
            18.340271203697625,
            18.226911812971085,
            17.88175472770924,
            17.788044896277718,
            17.464202120766657,
            17.11779120316702,
            17.37348049444034,
            17.6245019753884,
            17.83200113566252,
            18.109122553111735,
            18.123106109369683,
            18.438452732207875,
            18.624966973979042,
            18.81466233026657,
            18.744281539070613,
            18.33060556835064,
            17.986797541424504,
            18.113165313047908,
            18.08213545179848,
            18.014519572656006,
            17.996214418863026,
            17.669926907026603,
            17.527656462382787,
            17.084889542784946,
            17.218650800120976,
            17.473117870922728,
            17.496617407230282,
            17.526718654793257,
            17.45660051053456,
            17.323361250640975,
            16.904579661845567,
            17.127841977589416,
            17.503209754071204,
            17.1359424690653,
            17.509341213438415,
            17.580324605629336,
            17.435748711494607,
            17.555346967744782,
            17.260415143661717,
            17.56999414712624,
            17.497185022918437,
            17.3288610548382,
            17.276010531848577,
            17.649117659291594,
            17.664221730657054,
            17.39749276827355,
            17.297222884622983,
            17.37582994559401,
            17.188681863827174,
            17.051860917856956,
            17.389113606190318,
            17.45971422397635,
            17.635359857701406,
            18.05965007178559,
            17.647503653841806,
            17.795072789813656,
            17.98531749761388,
            17.799607271431793,
            17.679239856765204,
            17.521002122443228,
            17.358105696488124
        ],
        [
            16.906737147397823,
            16.885724223991144,
            16.77461794327207,
            17.138015178628923,
            16.805078320758195,
            17.18147926475209,
            17.44353752400671,
            17.076790053996017,
            16.929497390428445,
            17.304023656527505,
            17.588986031309815,
            17.735865470598082,
            17.636380864321445,
            17.930187844245324,
            18.061703220419773,
            17.763467418028313,
            17.864300044914767,
            17.496477077526098,
            17.81371073280205,
            17.580762952518974,
            17.336707861758317,
            17.141559151205954,
            17.52868625002088,
            17.543965626294682,
            17.371664020949417,
            17.038094713055308,
            17.1116231420039,
            17.49242478511536,
            17.392283332868104,
            17.384394545133613,
            17.478442972628493,
            17.654785203203073,
            17.691312864448406,
            17.668031289650667,
            17.480404169067537,
            17.698260845993598,
            17.44434906584874,
            17.75877601026911,
            17.91511287876301,
            17.738798333556165,
            17.474776471371474,
            17.28317340811667,
            17.18915159199464,
            16.842425843201266,
            16.5199236816708,
            16.683124923633223,
            17.020871631156535,
            17.171347341977267,
            17.494155070013097,
            17.53755832331972,
            17.828390521117296,
            17.854629089489954,
            18.10674352650458,
            17.99228234396137,
            17.605727076949,
            17.263467757454695,
            17.45779889800745,
            17.370546011983034,
            17.338438807547824,
            17.2673453466758,
            17.075010435121133,
            16.80772111583736,
            16.536207831914496,
            16.607279252489445,
            16.908570854370236,
            16.84333869338975,
            16.894261021093484,
            16.90107504520286,
            16.62836775676313,
            16.2815403781913,
            16.439054648495055,
            16.804349423882744,
            16.515933708023347,
            16.818616047183077,
            16.95780898736328,
            16.882583389361578,
            16.871217300200037,
            16.70777492174047,
            16.952936319521093,
            16.850619975869595,
            16.643596260268186,
            16.699381445339544,
            17.03952008624895,
            17.008083999937284,
            16.679583486629355,
            16.709826692965702,
            16.715369719372642,
            16.611634258277302,
            16.416828638521068,
            16.78513243859047,
            16.89390341551898,
            17.043316659769353,
            17.36106310618877,
            17.037961828277535,
            17.163234597726753,
            17.351935722338457,
            17.172765579352653,
            17.101162453951094,
            16.86681294602465,
            16.773687715912864
        ]
    ],
    "angle": 89928.70000000001,
    "fluctuation": 1292.241293,
    "buy_difference": 1.037955219
}