{
    "id": 139,
    "name": "Imperial Sugar Company",
    "record": [
        [
            26.25580947247914,
            26.56346744262055,
            26.013072000265286,
            26.138937560142367,
            26.0079822535422,
            26.32417352622485,
            26.7461602105757,
            26.15023682205469,
            26.373927754694513,
            25.9084065997554,
            25.581864063868014,
            25.042705149467942,
            24.77343406800628,
            24.891253503995568,
            24.691889808204564,
            24.87144997392027,
            24.60725085822173,
            24.685104411910455,
            25.465699835259112,
            25.093395645265712,
            25.88550100596107,
            25.992918528679574,
            26.300725966909937,
            26.091723709086974,
            25.65480975424625,
            25.977299771344576,
            26.458159401369524,
            25.903578843948512,
            25.49416415834367,
            25.9197456495847,
            26.01181432494752,
            26.521438682412867,
            27.035660830846066,
            27.191263148533633,
            26.822777569205776,
            27.103014112154913,
            27.33327349927147,
            27.566524775862582,
            27.8593392559577,
            28.442386528835144,
            29.203660384316926,
            29.58593309656237,
            29.783226807723594,
            29.618632031292744,
            29.804025800313696,
            29.336148925816314,
            29.762621636016146,
            29.682931634865838,
            29.763456461953307,
            30.280123368123423,
            31.05639695636397,
            31.384013382546737,
            31.833708722478573,
            31.369113585416468,
            31.170470905195778,
            31.4086879470479,
            32.040219815921546,
            32.32053954752546,
            32.0992258441615,
            31.837052201944683,
            31.284310855987314,
            30.948244742684714,
            31.380504770673618,
            30.78697686926731,
            30.986932514745547,
            30.534367666821844,
            30.143060404102798,
            30.20430750653107,
            30.75822791888134,
            30.669927835565037,
            30.314561464102937,
            30.216947450487375,
            30.02312010417965,
            30.745872442782023,
            30.156513172681468,
            29.691535851156953,
            30.540582163895735,
            29.751140915416197,
            29.220322295058324,
            29.128103967977225,
            29.822270054879933,
            30.266760368645297,
            29.986306277251924,
            29.760566591084196,
            29.59896513944947,
            29.099406529400458,
            29.746477162859755,
            30.3955389990034,
            30.20094394727443,
            29.80191647552916,
            29.19851895229595,
            28.545568463118357,
            28.845049346713523,
            28.81540949928496,
            29.011112994308785,
            28.585413049797257,
            29.000036770461485,
            29.6001539817432,
            29.775214632615015,
            29.60140640124183
        ],
        [
            25.84767145748278,
            26.064250179536575,
            25.631852306017606,
            25.6476986472676,
            25.62426391519149,
            25.790767253090976,
            26.185900552179135,
            25.612682728976697,
            25.85500307968621,
            25.52103216762656,
            25.091058020122407,
            24.503458462079433,
            24.2520777983752,
            24.484674474386026,
            24.310501514691705,
            24.31164717407366,
            24.149627436758138,
            24.320903638678157,
            24.92977485072894,
            24.738074948220262,
            25.280208044035426,
            25.542737913409905,
            25.788394627242994,
            25.65010730780845,
            25.145009727135285,
            25.456005770900433,
            25.95832539948582,
            25.383764222712255,
            24.89306668843669,
            25.504037397675205,
            25.60490016751725,
            25.927081081670064,
            26.564760123484124,
            26.674912501450816,
            26.226892868065853,
            26.671002853274064,
            26.734040052435063,
            27.16253934321479,
            27.415272475276016,
            27.941387695892313,
            28.526455927754306,
            29.093920120670017,
            29.185558166818126,
            29.061997907720862,
            29.296641456333603,
            28.715905440737266,
            29.147900450635266,
            29.02929243954045,
            29.242115348182548,
            29.773582110784197,
            30.457513617438092,
            30.84664107118018,
            31.086231913960745,
            30.912505776575678,
            30.456754121022545,
            30.78454962287753,
            31.561164420959784,
            31.783050167240468,
            31.382994206270315,
            31.345300493019398,
            30.84752587879412,
            30.454942037822686,
            30.772295730713967,
            30.067070369731386,
            30.453308697997713,
            29.85602768116243,
            29.470476783890334,
            29.509774532353855,
            30.062931507073934,
            29.958722064118234,
            29.870303751961902,
            29.548603706961195,
            29.559386196754712,
            30.252761396886168,
            29.663930271615918,
            29.215334555354872,
            29.942667349852968,
            29.276919569154703,
            28.748795504459395,
            28.689709419113413,
            29.12492175288231,
            29.772376666429054,
            29.375761095141,
            29.113923267990103,
            29.13009089588177,
            28.50122819577913,
            29.169938434447953,
            29.92905586527541,
            29.55946754735575,
            29.253539233957543,
            28.612583813322164,
            27.91141088981607,
            28.42803681631121,
            28.2512696240242,
            28.551550857721313,
            27.922545147100998,
            28.449338273298775,
            29.102071265657525,
            29.12825303405317,
            29.016079925507302
        ]
    ],
    "angle": 90476.1,
    "fluctuation": 1473.979086,
    "buy_difference": 1.019153333
}