{
    "id": 14,
    "name": "Steelcase Inc",
    "record": [
        [
            10.35828810348209,
            10.262660685768315,
            10.321227995893947,
            10.339213273073925,
            10.58553803857315,
            10.509206723024022,
            10.558173204368424,
            10.54468377956881,
            10.576981695955004,
            10.645960795296634,
            10.468434558887667,
            10.315998294711065,
            10.100981314532957,
            9.94785806765199,
            10.147207583472706,
            10.036320782079358,
            9.798878020342144,
            10.097126799829942,
            10.265718028330314,
            10.309024824996138,
            10.30318080661254,
            10.242740739982738,
            10.386845973239348,
            10.580119825771096,
            10.583747579925893,
            10.334587018318414,
            10.361663442403037,
            10.477778170723631,
            10.34492748935035,
            10.647688235823136,
            10.821381479464735,
            10.615447332231296,
            10.316294645709673,
            10.126229992459255,
            10.09075774419717,
            10.284971965156677,
            10.359867427104842,
            10.540605299454773,
            10.305509774154846,
            10.471488072341819,
            10.332512725950727,
            10.426762750955039,
            10.178662842070874,
            10.281541484969154,
            10.474399042773932,
            10.220500158757892,
            10.156327069134193,
            10.266830300057444,
            10.48855814473279,
            10.656468790554369,
            10.614110899748532,
            10.533557559209447,
            10.536941506374447,
            10.506235443908885,
            10.372015907460327,
            10.318137300215364,
            10.180561875461043,
            10.044519655200766,
            10.150877046799947,
            10.33647578054894,
            10.410343563984483,
            10.072144429771626,
            10.407979903925924,
            10.560783093552674,
            10.695242186483089,
            10.7369152275255,
            10.640814281830405,
            10.621362516609391,
            10.549080991041647,
            10.279865783135334,
            10.445814276445935,
            10.465693940870427,
            10.423901354025494,
            10.48385303179316,
            10.540361609726908,
            10.55068763655807,
            10.2339431383172,
            10.178058277434626,
            10.432618723049552,
            10.591798958136746,
            10.61150001595984,
            10.780728355601676,
            10.62577371829282,
            10.484811996976688,
            10.295707054510352,
            10.381027428894017,
            10.430269415926098,
            10.531406857319498,
            10.487621115018547,
            10.5691797387799,
            10.689535441210401,
            10.952734325685464,
            10.902052434044837,
            10.808334806996669,
            10.945593206281872,
            11.110697412616174,
            10.825834161187672,
            10.840309399103523,
            10.677421925680674,
            10.872035077312766
        ],
        [
            10.150680507233277,
            10.063998349863237,
            10.123453383184318,
            10.1613883924785,
            10.412853795164128,
            10.319165288272712,
            10.420374263012294,
            10.322012160453813,
            10.376378724051863,
            10.432587474493976,
            10.279130420563634,
            10.182383224401333,
            9.93520673986269,
            9.739730936204436,
            9.961720551399466,
            9.847939209020575,
            9.660311349181994,
            9.898703965200905,
            10.126648291124438,
            10.15610845157356,
            10.132058535879263,
            10.018457630389976,
            10.221497779039119,
            10.41691327678416,
            10.37679767004511,
            10.132509083641226,
            10.153988195400267,
            10.306851838077543,
            10.20273534183766,
            10.450963462774608,
            10.631008796348478,
            10.401647804354551,
            10.158176066050713,
            9.916347942025787,
            9.90630259336437,
            10.091923213554272,
            10.143120316810656,
            10.378008292664063,
            10.151627322986256,
            10.250362123725928,
            10.156835675239368,
            10.250509099455144,
            10.002598419649793,
            10.116856021384352,
            10.303527834595892,
            10.059815816639075,
            10.02276567171358,
            10.11048344623265,
            10.323659456891454,
            10.439760120495054,
            10.44409847732909,
            10.334810411575745,
            10.309296198816993,
            10.27311360288208,
            10.213043284070803,
            10.121432639433701,
            10.032569852908358,
            9.866826856305815,
            9.979286958087025,
            10.176007580933202,
            10.17428510563237,
            9.937693157099787,
            10.188195054482263,
            10.365663964284398,
            10.462092582775151,
            10.548028497662528,
            10.45570974617566,
            10.432421719707815,
            10.3717977901525,
            10.141622928242736,
            10.244629319890851,
            10.301154718759596,
            10.233356466786605,
            10.282962210091283,
            10.32395464496434,
            10.31144682354043,
            10.08517512705651,
            10.015030364911695,
            10.277869050067771,
            10.376405406026127,
            10.37707552832404,
            10.600613313760201,
            10.410727632531668,
            10.296241015370848,
            10.137904022321761,
            10.161811733668724,
            10.265258443926674,
            10.390824971816924,
            10.321702816541187,
            10.348053437436814,
            10.516207865560208,
            10.785942287388096,
            10.68141497602443,
            10.665127593086503,
            10.7875624620191,
            10.896706897650366,
            10.66846199323338,
            10.648538664002558,
            10.511660721443558,
            10.659448121465664
        ]
    ],
    "angle": 89506.5,
    "fluctuation": 1469.200683,
    "buy_difference": 1.018110924
}