{
    "id": 140,
    "name": "Prudential Financial Inc.",
    "record": [
        [
            15.19874552277703,
            15.253989446358315,
            14.929427159828691,
            15.140876835395135,
            15.089959085441034,
            15.437005461908878,
            15.552473208718348,
            15.479760981809386,
            15.877110410675416,
            16.101047077966033,
            16.08043309527007,
            15.824712713155876,
            15.952182362769479,
            15.963203986008025,
            15.673731616738843,
            15.400784216605011,
            15.60411964686655,
            15.723286354811037,
            16.022830798796754,
            16.34691037537113,
            16.445623719332236,
            16.456917418472035,
            16.185448870656487,
            16.369720442862697,
            16.249699502470982,
            16.507083123613047,
            16.1933905557928,
            16.37175565550551,
            16.069894868796176,
            15.932703073942141,
            15.618840035541025,
            15.529450379520497,
            15.693418792218718,
            15.553106442748334,
            15.36548751383182,
            15.177784050546228,
            15.067789464841017,
            15.03244206972314,
            14.924757956468873,
            14.646989238569923,
            14.640197606462872,
            14.88790967057216,
            14.834177348283307,
            14.655830077630016,
            14.546632117128338,
            14.672531749356583,
            14.836588933708427,
            14.97768093820696,
            14.86020962799881,
            14.977292008773901,
            14.771275603401936,
            14.782269914493368,
            14.69710353165676,
            14.465318727398964,
            14.384523978018317,
            14.6591719480816,
            14.67377529229956,
            14.809656569013828,
            14.89611988769758,
            14.880533599584204,
            14.955039975215158,
            14.784528439002827,
            14.79981972670067,
            14.920904238573277,
            14.978697603183887,
            15.27049609875865,
            15.324835560611902,
            15.260871891470009,
            15.549237676154581,
            15.269976971279299,
            15.30294536787508,
            15.50419549344738,
            15.498511249903112,
            15.290303759606424,
            15.43638796323322,
            15.837744083775615,
            15.912704544332966,
            15.544768190673986,
            15.349352878915944,
            15.378260736784343,
            15.253969172795788,
            15.242880573911492,
            15.149683870869108,
            15.158934523973079,
            15.039962057028013,
            15.347610697262835,
            15.44942258205574,
            15.736981631959939,
            15.520601409935937,
            15.447182195527255,
            15.559628925744219,
            15.350550233798037,
            15.155941565671519,
            15.126090298688782,
            14.855564375019712,
            14.806313161491783,
            14.650247949023923,
            14.574976181194959,
            14.781472430372764,
            14.851779231045711
        ],
        [
            14.70492903504609,
            14.628995974989571,
            14.360650664062645,
            14.577153549192213,
            14.579163739020366,
            14.874157266538136,
            15.023006295228983,
            14.963279506188288,
            15.220520979783489,
            15.429051057635,
            15.430801626546181,
            15.264534448665593,
            15.335247476041388,
            15.384249703556643,
            15.15991171421917,
            14.880960907320537,
            15.092581780077014,
            15.074559386791169,
            15.366336005922438,
            15.666212410714285,
            15.866645543688321,
            15.765360781845807,
            15.556385704839535,
            15.761821340580955,
            15.652519708045512,
            15.88931523006372,
            15.624858332813123,
            15.759052312990796,
            15.539965181146568,
            15.396471250349895,
            15.105301938347331,
            14.96173403159587,
            15.051920313538822,
            14.924778379582328,
            14.790443165675615,
            14.586428442378303,
            14.56944222579358,
            14.451077229814103,
            14.436941593631548,
            14.171099648157075,
            14.110638803471288,
            14.350827542428243,
            14.28758866713765,
            14.090437408132585,
            13.9408991286084,
            14.091014770445046,
            14.330055621745748,
            14.346857451184187,
            14.259873819318303,
            14.481937853581073,
            14.228428190937468,
            14.243294012373878,
            14.085104797301275,
            13.956058392258736,
            13.784169055709393,
            14.06555576732344,
            14.184185490182768,
            14.299738624865313,
            14.354429641129911,
            14.353778287332975,
            14.40832257889362,
            14.274043993299179,
            14.295976076515018,
            14.319543822417028,
            14.486207005413812,
            14.749148840384215,
            14.714529941346912,
            14.62103074823488,
            14.915118889720393,
            14.70880218111142,
            14.659881228949288,
            14.91352165927892,
            14.864979989426855,
            14.7505210207625,
            14.931848951375644,
            15.18278262633143,
            15.26224234154426,
            14.971996668224936,
            14.82531338540564,
            14.829428660818323,
            14.681630316843327,
            14.643141364098762,
            14.616330045022604,
            14.653157407583128,
            14.484341754688788,
            14.707060224973088,
            14.939953929639541,
            15.116293292749873,
            15.002757295407909,
            14.891415361429896,
            14.987809366754862,
            14.813093936514566,
            14.585822478779068,
            14.53384694207919,
            14.258258784930744,
            14.296510335710945,
            14.090699589090278,
            14.03653382065733,
            14.17442706669312,
            14.266004499853869
        ]
    ],
    "angle": 89702.6,
    "fluctuation": 1146.960528,
    "buy_difference": 1.038775576
}