{
    "id": 141,
    "name": "Avon Products, Inc.",
    "record": [
        [
            9.282741406399081,
            9.101393225329199,
            9.134637511736397,
            9.090935567532139,
            9.13226980626427,
            9.093471769915688,
            9.09811345836975,
            9.129884871962458,
            9.18941762793276,
            9.188477591194633,
            9.230352102171274,
            9.031176488306171,
            8.77924586255477,
            8.892453848898736,
            8.800608537131108,
            8.943426210511822,
            9.133607841916223,
            9.288735186547314,
            9.472982231440014,
            9.775783360694271,
            9.49674937679666,
            9.844485056220474,
            9.835675069233686,
            9.761783234502001,
            9.667770723976162,
            9.569041631834809,
            9.48760277751404,
            9.22706954276765,
            9.018667846236674,
            9.243137710025147,
            9.507841431536088,
            9.188261064091616,
            9.019375249334741,
            8.990707494506202,
            9.31110066936413,
            9.428822110906953,
            9.399564927140641,
            9.373920176112954,
            9.252626151070645,
            9.257476655081549,
            9.404655777625226,
            9.471871415084628,
            9.234028621877197,
            9.494276057537963,
            9.475544346930207,
            9.416311805574408,
            9.246659966402436,
            9.235822660755748,
            9.163919218898688,
            8.996693202210299,
            9.291135818064257,
            9.068129124351447,
            9.016883290875944,
            8.904353854592054,
            8.93979492368319,
            9.152116092915108,
            9.009367086187188,
            8.675150883675691,
            9.018335970422282,
            9.143470224508185,
            8.96009933494319,
            8.83124856979373,
            8.852848101957683,
            8.746233291009204,
            8.674829326975741,
            8.432295305179299,
            8.339876471052797,
            8.266717107214468,
            8.07778255638336,
            8.007675969299356,
            8.140358936492675,
            8.145591852020313,
            8.095489721443947,
            7.9309807192327755,
            8.036081986605428,
            7.9817847138809555,
            7.953797019148597,
            7.895580983121867,
            7.930871859043588,
            8.051184796506332,
            8.201517165639943,
            8.122862746123408,
            8.123642497762269,
            7.930603804997014,
            7.877038161050162,
            8.023459771424568,
            7.787508840006628,
            7.984825227065709,
            7.858610878558878,
            7.755535575728082,
            7.602715439463039,
            7.778234462349461,
            7.598636449504429,
            7.763719752972342,
            7.5483607224532765,
            7.741788912139963,
            7.596863616654919,
            7.662896096018677,
            7.464926653316807,
            7.56627008650189
        ],
        [
            8.872858095191384,
            8.715250495366368,
            8.714687725388622,
            8.665188429414718,
            8.67768339219483,
            8.663273786144396,
            8.712985291300104,
            8.739021217990858,
            8.714609420218531,
            8.745916852121416,
            8.841403009568026,
            8.602205843997751,
            8.396647247698413,
            8.46246072502468,
            8.416234359690865,
            8.542528341427888,
            8.712833237448855,
            8.853724687019962,
            9.071985662187343,
            9.278987751188728,
            9.095660684198812,
            9.353513415324477,
            9.357269664010175,
            9.309274028233446,
            9.170984087531036,
            9.152023800103025,
            9.051425999371455,
            8.7844046318867,
            8.59802493053328,
            8.851870586294183,
            9.019272898056862,
            8.76409145113359,
            8.55931467647952,
            8.609260802744311,
            8.875042748454113,
            8.980066282199132,
            8.994445890952997,
            8.894889284118394,
            8.778919642591955,
            8.854036792392867,
            9.008361867006935,
            9.011161351905244,
            8.789273928734403,
            9.040598155604577,
            9.04716691361324,
            8.948478511253512,
            8.810095544981035,
            8.798010828787575,
            8.758404163105025,
            8.597715924177024,
            8.862217064406881,
            8.631364939267053,
            8.606654694216548,
            8.522289602217118,
            8.488865098109688,
            8.747123340426116,
            8.546413081687836,
            8.30292117551983,
            8.564297749399561,
            8.750267350631189,
            8.57306041331427,
            8.431154301829107,
            8.468741606481435,
            8.344975076384008,
            8.28099202693461,
            8.062389547155561,
            7.931059707538314,
            7.840364067340001,
            7.687182727088234,
            7.630370757385956,
            7.73669060293309,
            7.7254858047655075,
            7.748910028754683,
            7.540703000309236,
            7.685099166450272,
            7.589006967804984,
            7.575243608052533,
            7.497322076075961,
            7.560208977638214,
            7.6458388841207094,
            7.80571357218929,
            7.733944252121859,
            7.781327996304133,
            7.563736076119639,
            7.511896649465903,
            7.6316765882334,
            7.436935436485567,
            7.621550740549481,
            7.457016101958676,
            7.400469285538699,
            7.258279107017427,
            7.384423159743395,
            7.214636838842324,
            7.395690992266561,
            7.217955291665053,
            7.37037973580643,
            7.267251651466105,
            7.313535519146124,
            7.136741208878895,
            7.2076011633952275
        ]
    ],
    "angle": 88963.8,
    "fluctuation": 1763.952345,
    "buy_difference": 1.049237974
}