{
    "id": 142,
    "name": "Ruddick Corp",
    "record": [
        [
            52.6771363105745,
            51.83779552647815,
            51.622297849781084,
            51.30315351675067,
            52.434491920619834,
            52.66725447646599,
            53.18535508215438,
            53.25213751048758,
            54.275185137018845,
            53.28238528806768,
            52.866502341501125,
            51.88597328087983,
            51.91128136359686,
            51.506810448510464,
            50.654412029620396,
            50.4911746493666,
            50.87373282842161,
            49.944469852984916,
            49.908409781931944,
            49.93307905610454,
            50.082208939992874,
            49.84802556720706,
            48.8596310706294,
            49.90667676761667,
            48.915244766018475,
            48.53316302431842,
            49.11030244918641,
            47.95823224165814,
            47.59131536136,
            47.39684627163223,
            47.48551957905235,
            46.79217146037272,
            46.498780072060995,
            46.14516553384983,
            45.868540649082156,
            46.46207872216411,
            47.20674520444843,
            48.11413064806582,
            47.30282967167819,
            46.80266949192556,
            47.5129449977475,
            47.43056825133156,
            48.14882026183704,
            47.30293877882357,
            47.2331604391403,
            48.098618669446196,
            49.19776012912909,
            48.17132776293436,
            47.36380463924006,
            47.848411281255224,
            47.9507003743288,
            47.33462791724057,
            46.59124144348647,
            47.33429600046725,
            46.32975878675592,
            46.62826513975706,
            46.027168180746,
            45.42749857484827,
            45.0109761247165,
            45.90165497912436,
            45.987587140391945,
            46.3404801697624,
            46.30640760390529,
            45.623816209445934,
            46.132274206414884,
            46.69935191745987,
            47.849338383293656,
            48.44862566876837,
            47.918118371523,
            47.62875644342453,
            47.91234527948358,
            48.74526382540554,
            48.62828835328214,
            49.83394717673002,
            48.91180935998606,
            49.1253960857828,
            49.708803845165,
            49.53356846343495,
            49.00581868026107,
            49.53399529437793,
            48.70370073305532,
            48.81967857373239,
            49.002388502258356,
            48.42036048060176,
            47.743562745792225,
            47.2058173418468,
            46.77788481392522,
            46.63794566831204,
            45.90089861472682,
            45.944363472554066,
            44.84278678355315,
            44.58565682662094,
            44.46710998372744,
            43.70991437591147,
            43.25646868179682,
            42.836206801425035,
            42.414139833971795,
            43.14107742982225,
            42.13326288708571,
            42.89336188152967
        ],
        [
            50.5262520967918,
            49.83548438933291,
            49.882584672332946,
            49.37083988081222,
            50.24341210739292,
            50.85656130797318,
            51.28991174085445,
            51.45749741864462,
            52.00718828691282,
            51.23963895509236,
            50.601918716008484,
            49.77235674446552,
            50.001086314554826,
            49.33974976509379,
            48.528047536782,
            48.647850510528926,
            48.82569782650909,
            47.914720578311794,
            48.23614783005856,
            48.197032178446584,
            47.970308477639634,
            47.88906662905741,
            47.17037247439753,
            48.07987521369213,
            47.257266335448605,
            46.635192237546825,
            47.05344299066265,
            46.304786019935506,
            45.66630814558378,
            45.443437371871006,
            45.57843245781345,
            44.79224458146149,
            44.864126403766136,
            44.48724263585815,
            44.251603978299805,
            44.662948494717405,
            45.198095618838,
            46.076044775387345,
            45.357816876184415,
            44.79337804114672,
            45.54113245694987,
            45.74480296779124,
            46.21048266177113,
            45.70419995345884,
            45.618450108964105,
            46.43567109342403,
            47.17953435336676,
            46.30601105179903,
            45.69874123590026,
            46.078490267705,
            46.172372884894415,
            45.39283288637022,
            44.702226405744774,
            45.52413971551027,
            44.71450308668746,
            45.074968211133324,
            44.25814828185098,
            43.63790171597122,
            43.44605831794853,
            44.06257517395015,
            44.167103880010714,
            44.751793357058034,
            44.464423822041496,
            43.77402487037323,
            44.40360492360995,
            45.021517978202816,
            45.863565337705325,
            46.67987059802708,
            46.228930930776386,
            45.620314825469954,
            46.09391004708087,
            46.81561405826054,
            47.00364197408924,
            47.72301090182132,
            47.08369696136868,
            47.43647153529617,
            47.64586199185339,
            47.57271254943924,
            47.19308496673012,
            47.44048806870961,
            46.83181030068577,
            46.905817219754134,
            47.237075499698726,
            46.647964570943714,
            45.95911436508782,
            45.45966598931737,
            44.85445686805556,
            44.90830376141075,
            44.33173291697368,
            44.08597333272783,
            43.3010977683902,
            43.01394378553199,
            42.758049758717256,
            42.13526296509282,
            41.73998468533426,
            41.363503737813765,
            40.731049502309666,
            41.33010674525633,
            40.60320259113405,
            41.26541401075465
        ]
    ],
    "angle": 89205.8,
    "fluctuation": 1102.04992,
    "buy_difference": 1.039658593
}