{
    "id": 143,
    "name": "Del Monte Foods Co",
    "record": [
        [
            20.153193629683624,
            19.862546990508225,
            19.397364882362247,
            20.085241991078515,
            20.42585808875851,
            20.369713004785638,
            20.702279761896616,
            20.895184376231168,
            21.465941506097963,
            21.07140125063419,
            21.303077018029377,
            21.610584512110393,
            21.62314895780124,
            22.113610284220073,
            22.267403843525695,
            22.822289568902264,
            22.867509208052763,
            23.052554137743282,
            23.62619449422383,
            23.357277539624082,
            23.676938698972403,
            24.25216768434759,
            23.740890537508204,
            24.3117200735836,
            24.545418144571425,
            24.99192945578155,
            24.23772234495641,
            25.14014873930365,
            24.894486676242405,
            24.78582057719328,
            24.227135700492962,
            23.833393108439402,
            23.39762494505849,
            23.575477413558357,
            23.91406542236411,
            23.287653319936023,
            24.103902486309998,
            23.534421124359717,
            24.113257661636908,
            24.89621649575767,
            24.80201472374019,
            24.72237445833845,
            25.384772214583634,
            24.575140824316577,
            23.971569153578226,
            23.525759922908804,
            23.339379812831545,
            22.787949682158114,
            22.947115494570504,
            23.58985926670963,
            23.653258761978577,
            23.907547280259962,
            23.46049538033157,
            24.007994302218663,
            23.704235092997628,
            23.89983952675871,
            23.05776082191928,
            23.029514906078486,
            23.227415143606926,
            23.489098123230306,
            23.584493718523156,
            23.51710321871996,
            22.786092363535797,
            22.920487718072096,
            22.803861766213203,
            22.66079931625423,
            23.338372413516364,
            23.75904460175788,
            24.38423995360194,
            24.032547590280465,
            24.683174759831175,
            25.3338063561424,
            24.51570578022915,
            24.995580319241014,
            25.210224886279885,
            24.39277181762518,
            24.4764898757931,
            23.636645193708517,
            24.381879213295605,
            24.141587866173072,
            24.79555441139773,
            25.05510989724467,
            25.893589903980054,
            25.877320681532847,
            25.542174023143154,
            25.291892485410568,
            25.488660031433756,
            26.321075637907793,
            26.169415261159774,
            26.313636728570415,
            25.900516842396865,
            25.535035276063518,
            25.707026991107494,
            25.200483831172715,
            25.54521898744877,
            24.812915501624747,
            24.005436628576373,
            23.952599120405406,
            24.444355519925388,
            24.390904011029555
        ],
        [
            19.450859400145404,
            19.149207860041184,
            18.66145673433147,
            19.263513908675495,
            19.645036286210352,
            19.56560726390172,
            20.000877103649966,
            20.09240390242072,
            20.65155453367711,
            20.23353500724899,
            20.519494746517655,
            20.878408075631327,
            20.800717480806725,
            21.168797118063065,
            21.345758127290324,
            21.989432147127538,
            21.897022472934996,
            22.138120759542993,
            22.69807015163449,
            22.54102014696711,
            22.71506113839769,
            23.399941912969176,
            22.824216718566248,
            23.30778295305423,
            23.72810655604691,
            24.13307286742334,
            23.367254132077413,
            24.118828151820086,
            23.83323111525128,
            23.859799475170135,
            23.352366922946597,
            22.910857905072067,
            22.516708367030102,
            22.635781589596498,
            23.07140654568301,
            22.451305676413796,
            23.154699542400543,
            22.591851962774463,
            23.20075562627898,
            23.963672854546694,
            23.808677598503508,
            23.796342460637565,
            24.346229576989693,
            23.607380685447804,
            23.085209787544034,
            22.53855500173524,
            22.418044824373,
            21.82083941729037,
            22.165204594943955,
            22.674484829441166,
            22.76499502492495,
            23.012036462503527,
            22.65881612095377,
            23.122602906789748,
            22.75259427804193,
            22.919763383261063,
            22.20741310971166,
            22.052152722501642,
            22.444968129303827,
            22.62284311238287,
            22.774004162321226,
            22.575227650731634,
            21.899718855702325,
            22.11727581596551,
            22.04011067037342,
            21.731533294296945,
            22.423794255388216,
            22.93795145243456,
            23.54863067786777,
            23.102303580216123,
            23.772883368175727,
            24.28282272014275,
            23.649475102783832,
            24.068948142380425,
            24.2271326720672,
            23.56396703632209,
            23.522010225703053,
            22.79918866176163,
            23.536899215383958,
            23.272239850589123,
            23.969913803241802,
            24.16012888782076,
            24.928676132712603,
            25.000585282191235,
            24.605130515563527,
            24.412925141076855,
            24.543748481930507,
            25.20151249583667,
            25.171550440180468,
            25.237092355362357,
            24.79637407018338,
            24.64761800758445,
            24.85103623378599,
            24.307619821932732,
            24.57361248263319,
            23.90262566670888,
            23.16188103328549,
            22.9292143939056,
            23.423269352391085,
            23.355765090350815
        ]
    ],
    "angle": 89097.4,
    "fluctuation": 1886.338753,
    "buy_difference": 1.039538611
}