{
    "id": 144,
    "name": "Consolidated Freightways Corp.",
    "record": [
        [
            34.13942081416551,
            34.13046825759103,
            34.6167278917195,
            34.63681364881183,
            34.800032940494724,
            35.522590605875884,
            35.00166811400813,
            35.58419861618476,
            35.55690746359973,
            35.21186038132514,
            34.5949876305633,
            34.445906434472214,
            34.41194105397403,
            34.477229272514585,
            33.87442537383701,
            33.34865145312685,
            33.08630749917909,
            32.87289640976247,
            32.63402221962981,
            33.47015856152049,
            33.60784770894166,
            33.580041908784445,
            34.16913952236747,
            34.396497409300714,
            33.69471127783422,
            33.55282090130182,
            33.70687321490887,
            33.394455566761955,
            33.889174067443925,
            34.15501889321782,
            34.57772213433534,
            34.22416036616754,
            34.13321909462349,
            34.82392076514109,
            34.68857537458337,
            35.47782817434506,
            35.580113759312276,
            36.13772159565276,
            35.792167275602196,
            36.726782599483954,
            37.021798767162636,
            35.94093686981035,
            36.19088738373082,
            36.923779947083695,
            36.22887270149214,
            36.7421231103083,
            36.40310718725651,
            37.0808485329342,
            37.315073142408096,
            38.09620657757738,
            38.43979667114454,
            38.30651041014666,
            38.53625153735553,
            39.351010763961845,
            38.89539613151588,
            38.037597759741146,
            38.97516465089823,
            39.07302730017172,
            39.67808727470353,
            39.051956742038996,
            39.79408908089421,
            40.791742342186616,
            40.54233904721618,
            41.04581078917374,
            40.27925968042424,
            41.00947982178075,
            40.11875274708877,
            39.58840785272175,
            38.466387034681574,
            39.060119963507525,
            38.95491278783812,
            38.305637313541375,
            37.717381922561586,
            37.81855737059261,
            37.11021113666961,
            36.51732941980115,
            36.367955260725985,
            36.06551493705772,
            36.549996938860026,
            36.543195035270124,
            37.06176552871823,
            36.424095915153295,
            35.43473585019277,
            36.0281574081319,
            37.016054340539114,
            37.059236438042106,
            36.97715369677395,
            37.23833896036866,
            38.069599140566176,
            37.19882827271674,
            37.188420979419725,
            36.17929306235219,
            35.72173797101368,
            36.035584507800664,
            35.31566403851845,
            34.89432353663815,
            35.42554253455249,
            34.94982156708562,
            34.268363362758144,
            34.28474992827763
        ],
        [
            32.75002194821259,
            32.75453817703394,
            33.098656268968895,
            33.223848945869754,
            33.35039156016807,
            34.070084410828244,
            33.69175256506974,
            34.276562510128706,
            33.97051306340185,
            33.81940700531971,
            33.03505654505547,
            32.991237742425234,
            33.14738267268222,
            32.90622702110889,
            32.64273291825658,
            32.02025914798182,
            31.870463051797845,
            31.481513005889713,
            31.312153427980274,
            32.043896574692134,
            32.285291141121746,
            32.26181092306456,
            32.686989292373184,
            32.90776734932417,
            32.39469368836003,
            32.2485799122189,
            32.257644245926166,
            32.11890098526922,
            32.38363823679431,
            32.72570651641049,
            33.01856957155919,
            32.94003665373365,
            32.668919080335904,
            33.46021131370673,
            33.236934833211826,
            34.04076860677015,
            34.22450653176087,
            34.60469539885573,
            34.4630440574789,
            35.21095303752488,
            35.33484971581681,
            34.58892699543641,
            34.7145262218802,
            35.26937517608861,
            34.74401247953197,
            35.1729221094818,
            35.037227275367144,
            35.51845173385629,
            35.940221900937395,
            36.40377217654335,
            36.97152722571211,
            36.59015109716346,
            36.886744321604475,
            37.708024597443774,
            37.331108884903294,
            36.59937179939849,
            37.497726874768304,
            37.63718489658926,
            38.063276942602656,
            37.39530352544739,
            38.31251035985057,
            39.229702588952534,
            38.795347809754105,
            39.29280573890119,
            38.53975954249813,
            39.24627485816078,
            38.51297277943229,
            37.8749644141168,
            37.01194827692118,
            37.64743788695743,
            37.187279934239754,
            36.60754615451239,
            36.18960732798003,
            36.26854305040652,
            35.735730620823425,
            35.193075467910724,
            34.7107994857644,
            34.58043462730112,
            34.89843749267961,
            34.93715778034726,
            35.46475407981934,
            34.858039798565876,
            34.15660503025506,
            34.72513191130433,
            35.48473857109284,
            35.37410164923578,
            35.387318828786604,
            35.77291308147084,
            36.40373545891905,
            35.59591071631702,
            35.632167400817224,
            34.84978862668402,
            34.35039974982807,
            34.7288004151156,
            33.93949799377961,
            33.457469719439736,
            34.03827349318372,
            33.51068249117424,
            32.808087519568254,
            32.86642538904666
        ]
    ],
    "angle": 90007.90000000001,
    "fluctuation": 1379.5243209999999,
    "buy_difference": 1.042632891
}