{
    "id": 145,
    "name": "Harman International Industries Inc.",
    "record": [
        [
            0.6021349936213158,
            0.6002527212424452,
            0.6021196668184985,
            0.6014415924787267,
            0.5982757763318012,
            0.6039141750757503,
            0.6017671998435,
            0.6026432846554172,
            0.6002306381279984,
            0.6045373573948429,
            0.6038204598040776,
            0.5999724011476162,
            0.599405206403687,
            0.6012108383749762,
            0.6048303011614167,
            0.6016845892572962,
            0.6001773037715166,
            0.600499614554024,
            0.6057856191869996,
            0.6056270663935943,
            0.6003722040058914,
            0.6024068541045376,
            0.6010430490786153,
            0.6006281651339213,
            0.602788084634187,
            0.6039211720979843,
            0.6026569680898402,
            0.6037524916784494,
            0.6010792011926752,
            0.6033900022520976,
            0.6026492448540532,
            0.5991273953488553,
            0.6018332114479771,
            0.6035837695028001,
            0.6002834520209864,
            0.6052294315991135,
            0.5996681408679962,
            0.6031556470994731,
            0.6005085172478178,
            0.5985363544151393,
            0.5989529497938215,
            0.5990523589196656,
            0.6010250777601626,
            0.603681238230218,
            0.602339285397552,
            0.6000471185288191,
            0.5993006197280363,
            0.6033697270877192,
            0.6033049938115727,
            0.6032746413679972,
            0.6019336735627044,
            0.6036465595828755,
            0.5997430419497018,
            0.602544161956552,
            0.6000632580395256,
            0.603156242666326,
            0.6012508984386422,
            0.6023364028964698,
            0.5990602092969467,
            0.6017743896917441,
            0.6013302266252609,
            0.6016536263199269,
            0.602971748480775,
            0.5987793634623861,
            0.6034926087805216,
            0.6045795383690642,
            0.6010858673727727,
            0.6014796382674663,
            0.6030082933474447,
            0.6013906129322825,
            0.6038232628709475,
            0.6016315576434972,
            0.6003301646623848,
            0.6012760464482346,
            0.6037284165073381,
            0.6011938228341458,
            0.5990114926318199,
            0.5996401210123967,
            0.598899017307933,
            0.6024729373567959,
            0.6002987680113373,
            0.5991119702987984,
            0.6028273955381345,
            0.6009308789007838,
            0.6036645082757768,
            0.6024204153278219,
            0.6023045908774118,
            0.5986575369286566,
            0.6006360539098168,
            0.5997564466426893,
            0.6026228382071914,
            0.6001408662548894,
            0.602840501465425,
            0.6007869247899043,
            0.6032531739127065,
            0.6026728247880023,
            0.5987289696876377,
            0.5975104665588492,
            0.6033684230685705,
            0.5987110265128914
        ],
        [
            0.5830838717242771,
            0.5832396173326791,
            0.5835930583375571,
            0.5833436173087415,
            0.5835972410654756,
            0.5835259499219742,
            0.5838928205769568,
            0.5838673445580713,
            0.584153835504859,
            0.5844772088271529,
            0.5847160109586946,
            0.58437127792223,
            0.5845814570638423,
            0.584755978244364,
            0.5844693325659862,
            0.5845723799641931,
            0.5846295207403333,
            0.5850021935410432,
            0.585334213824052,
            0.5851810137946389,
            0.5852892951819637,
            0.584922798255631,
            0.5846513694348614,
            0.5845993332007665,
            0.5843576177504586,
            0.5839978160028271,
            0.5841721629429144,
            0.5844169629407434,
            0.5842181306109663,
            0.584124337596394,
            0.584281381155936,
            0.584251809514512,
            0.5845997382811322,
            0.5847201607259688,
            0.584674240518547,
            0.5846222022488372,
            0.5844855062168002,
            0.584188802104301,
            0.5838973414868707,
            0.5835581806187276,
            0.5839056963212506,
            0.5838853148788574,
            0.5835227505022526,
            0.5832428140582929,
            0.583572816693982,
            0.5838581435977952,
            0.584127290122105,
            0.5841629746075458,
            0.5842751473825101,
            0.5841874618287825,
            0.5841711486928809,
            0.5845476128165066,
            0.5842651462184896,
            0.584179501030785,
            0.5839909385874784,
            0.5839562859239167,
            0.5836252350283279,
            0.5833371084047458,
            0.5837171127777333,
            0.5838414302310524,
            0.5838190131902229,
            0.583724265624301,
            0.5840106863653826,
            0.5838537577427617,
            0.5838160565468608,
            0.5838782191906123,
            0.5839322343530546,
            0.5837305115735177,
            0.5838130461982082,
            0.5839944749452319,
            0.5836705292369344,
            0.5837612073770856,
            0.5836654506693786,
            0.5839416458472243,
            0.5836951107380084,
            0.5835698325945434,
            0.5837868583493564,
            0.5836961903085861,
            0.5838531187594607,
            0.5839937768342941,
            0.5842201405718397,
            0.5844129192383865,
            0.5841040247390871,
            0.5838401055054872,
            0.5836333231506127,
            0.5834184708602429,
            0.5833645082138594,
            0.5834418988778167,
            0.5830867291644034,
            0.5828741119564125,
            0.583090878977329,
            0.5830725612125838,
            0.5827786076057254,
            0.582883391918906,
            0.5831775467507221,
            0.5829648964269344,
            0.5828092657376308,
            0.5826750270492951,
            0.5828245584980116,
            0.5824413184704129
        ]
    ],
    "angle": 90015.3,
    "fluctuation": 37.730248000000074,
    "buy_difference": 1.030303341
}