{
    "id": 146,
    "name": "Lowe's Companies Inc.",
    "record": [
        [
            11.723275494488718,
            11.57276426598361,
            11.842703566707883,
            11.643754859621756,
            11.517676296277504,
            11.394670513090931,
            11.513390754753008,
            11.536768454975078,
            11.694210466638722,
            11.901520841992387,
            11.995787355892231,
            11.936271855906543,
            11.793900332657296,
            11.591855812181983,
            11.565725397069347,
            11.71827353236991,
            11.84602552062435,
            11.626055749985172,
            11.572136508359652,
            11.681516518925545,
            11.551824215572497,
            11.672797087636642,
            11.677508958791954,
            11.850505886623628,
            12.026571250549237,
            12.282272577829671,
            12.445726277095712,
            12.23692312317634,
            12.134296181608287,
            11.937763262029964,
            11.970449793695748,
            12.140635786552235,
            12.308262230601702,
            12.14669696233612,
            11.965599921402967,
            11.775928243363646,
            11.85917903649362,
            11.88949633992506,
            11.842131280239405,
            11.983309662554069,
            11.985422485460221,
            12.140106719188209,
            12.370511168315875,
            12.516953190191156,
            12.630176273802753,
            12.763948403830865,
            12.654552163684043,
            12.61364645547799,
            12.590875038317911,
            12.596950786944348,
            12.426699952417994,
            12.6012057988716,
            12.601454195596334,
            12.586382898195646,
            12.502951490063676,
            12.695313113414597,
            12.811447770389611,
            12.717270203314976,
            12.561071262692032,
            12.687422299345808,
            12.928602408113726,
            12.995690292211922,
            12.93083249166286,
            13.086003969940698,
            13.198011337673993,
            13.211750290387839,
            13.37033396979613,
            13.518639504581095,
            13.558226147942374,
            13.648767415894138,
            13.635840612105083,
            13.576182424041503,
            13.765277789376746,
            13.755202882419429,
            13.952563675872677,
            14.175360859435091,
            14.129872339069559,
            13.9291162418931,
            13.694520838882765,
            13.61759504386119,
            13.67602796084435,
            13.636530535154582,
            13.498689257539008,
            13.346159805020347,
            13.566471659839596,
            13.508981090154037,
            13.279173461090153,
            13.446304970925162,
            13.17880930293125,
            13.043340294137495,
            13.094479777835955,
            13.161156955365188,
            13.287751859295685,
            13.325354832482084,
            13.22267363837638,
            13.423780204686672,
            13.686791176620464,
            13.462621157210148,
            13.594414719811608,
            13.581044031546236
        ],
        [
            11.554049937468589,
            11.469872046194492,
            11.626460690716195,
            11.521713397230206,
            11.361632798865122,
            11.225703023759305,
            11.373324789419446,
            11.414703556867932,
            11.526555852539483,
            11.732066147247743,
            11.880779943084327,
            11.756925290912022,
            11.598167374146358,
            11.431378589853702,
            11.444501783373026,
            11.56645079121814,
            11.645945194362069,
            11.508816712669523,
            11.429067312795256,
            11.486503823115433,
            11.364639684693293,
            11.49626164598611,
            11.492871701201613,
            11.686447922249043,
            11.892168652758526,
            12.108606484818955,
            12.237955768131485,
            12.107450231351821,
            11.963917847130228,
            11.753700786786212,
            11.869983614051584,
            11.951060116962067,
            12.087126543162537,
            11.949873176742006,
            11.846125400135897,
            11.652501434643908,
            11.653070911118707,
            11.682861311080906,
            11.735665275444036,
            11.776217006185608,
            11.859799908796523,
            12.02009588698901,
            12.177346001422082,
            12.36963220003823,
            12.515368327578026,
            12.560880109199251,
            12.529455789212184,
            12.425362533094036,
            12.440191983333692,
            12.444948779976679,
            12.276752289312869,
            12.421788940269119,
            12.476882720244861,
            12.444476950075765,
            12.316319911619274,
            12.477158530661569,
            12.593806521335965,
            12.511200909613072,
            12.397088972401626,
            12.478104051248971,
            12.692531467763342,
            12.780012286035877,
            12.754368124625064,
            12.911294236789923,
            13.046594737046075,
            13.079833165345011,
            13.243477742732782,
            13.362205674406141,
            13.430935573125847,
            13.531495470996365,
            13.409538595850076,
            13.409679021680413,
            13.648376192974652,
            13.628799710378782,
            13.813249652624961,
            13.940104901633365,
            13.921735609590671,
            13.69931241409424,
            13.560504683900936,
            13.431758571882966,
            13.44771864190465,
            13.431637002278766,
            13.377330062879304,
            13.215552751156622,
            13.45261030939705,
            13.29008299745213,
            13.084874407561895,
            13.221830676272003,
            13.05245988401842,
            12.91699303303514,
            12.914491088713826,
            13.041522409715903,
            13.082874576678936,
            13.134315238270183,
            13.06050580059002,
            13.256491702427072,
            13.47979676842481,
            13.346948604633024,
            13.414258679111807,
            13.334386581250817
        ]
    ],
    "angle": 89579.5,
    "fluctuation": 1028.363921,
    "buy_difference": 1.013531543
}