{
    "id": 147,
    "name": "McKesson Corporation",
    "record": [
        [
            32.44179359215336,
            32.13675700205718,
            31.648667782664898,
            32.09197015543001,
            31.935865931253574,
            32.230006472077626,
            31.782380502653,
            31.846852170672395,
            32.22775653366048,
            32.54864656301069,
            32.409103815707994,
            32.83198127554431,
            32.9802551176301,
            33.051041814226,
            33.200907363275306,
            33.055140853367696,
            33.133196344399785,
            32.62241127744287,
            33.29568730653623,
            32.64093718368986,
            32.24569710295344,
            31.98279635123191,
            32.388506187594096,
            32.273984350797704,
            32.22015858625009,
            32.444183217908524,
            32.33299868549561,
            33.03936686736055,
            33.5460924457456,
            33.49055901815934,
            32.89659372190133,
            32.7524684311153,
            32.1188092050279,
            32.33404830157692,
            32.54763309386977,
            31.95352514895136,
            32.008815049857176,
            31.917524176822546,
            31.501302751790956,
            31.043072256306697,
            31.3493564857755,
            31.746437163096505,
            31.957836848140445,
            31.37613561930451,
            31.3403161819627,
            31.409079500399848,
            31.174880055112844,
            31.409735331162093,
            31.103959236189763,
            30.944589558976674,
            31.045639602042662,
            30.64120912889487,
            31.00409146067725,
            31.09620644817942,
            31.517359306854946,
            31.710026562887144,
            31.66979702304041,
            32.11610619016185,
            32.16023110251441,
            32.9096302397907,
            32.29809092757675,
            32.21252500749298,
            31.861299495609586,
            31.7772661140543,
            32.339150580869074,
            32.79850756410195,
            32.910700182286824,
            32.81778510815538,
            32.85489586734627,
            32.70062146121238,
            32.232534226015936,
            32.19350377211649,
            31.801032519909466,
            31.440150304272336,
            30.927889254059014,
            30.757924726241786,
            31.37545826015828,
            32.13397789295099,
            32.22931771543151,
            32.14041443490548,
            32.78550525001916,
            31.855340144746723,
            32.545641793197674,
            32.76856642890456,
            32.362408519529346,
            32.731255383763994,
            31.996478839434793,
            31.936013684488323,
            32.093317206865926,
            31.70551120321365,
            32.057243265032206,
            32.41824054137996,
            33.07868089926227,
            32.939726167739956,
            32.18647772596795,
            32.13746064738817,
            32.11453175224319,
            32.362184515843985,
            32.5779981444537,
            33.158358766053944
        ],
        [
            30.873317045539853,
            30.552524464611064,
            30.0525268678935,
            30.62908913086227,
            30.413104839486714,
            30.76083319722587,
            30.28206529767155,
            30.480601387034728,
            30.614609854974628,
            31.1147968697435,
            31.003166667347035,
            31.154436626269593,
            31.52739198266866,
            31.362304302983905,
            31.80211315731426,
            31.441315013431673,
            31.455918661614007,
            31.113542783782037,
            31.727106565920476,
            31.259452520066187,
            30.76964664621157,
            30.35770717796249,
            30.899731876938603,
            30.796639042064662,
            30.63181463509336,
            30.83556893500093,
            30.921053217301075,
            31.448278811744963,
            32.045805448227505,
            31.826890915396845,
            31.507454355979352,
            31.12856906632283,
            30.645499131632185,
            30.85704266093601,
            31.03290781747612,
            30.42384273587808,
            30.37030651740409,
            30.480907451841784,
            30.023259445559663,
            29.666621024229592,
            29.98337382411914,
            30.157382721274903,
            30.40365182931584,
            30.03912772208947,
            30.01387858873904,
            30.02241962679585,
            29.59673679249332,
            30.01401701602426,
            29.614947329091645,
            29.39567125874616,
            29.48872440453556,
            29.171436103824753,
            29.505124081854703,
            29.738270297572868,
            29.930822439185917,
            30.116791689895873,
            30.223134099650697,
            30.73213250241969,
            30.78053615777378,
            31.38747714741082,
            30.77650757892163,
            30.630667612619952,
            30.43941240226947,
            30.36521625585661,
            30.9331435785503,
            31.215901426052675,
            31.47668523361084,
            31.340647385880636,
            31.44855715264069,
            31.150732229361655,
            30.64052409148613,
            30.670715286675527,
            30.25145385707814,
            29.950002771077617,
            29.42673010970128,
            29.462056320487207,
            29.96924533334638,
            30.489062363361768,
            30.806445656126034,
            30.546861304863352,
            31.101046769866176,
            30.500975839339745,
            31.12128800826376,
            31.234186129501406,
            30.843962071053703,
            31.105306246402176,
            30.513508111125024,
            30.510792290835983,
            30.508183196435823,
            30.345324039506632,
            30.543952921777326,
            30.968394636218076,
            31.596131439849405,
            31.306542381524505,
            30.750078772279966,
            30.49540241465945,
            30.552726290469337,
            30.945859703545878,
            31.102304847226556,
            31.593089297809172
        ]
    ],
    "angle": 89398.4,
    "fluctuation": 1148.699506,
    "buy_difference": 1.049125029
}