{
    "id": 148,
    "name": "Hubbell Inc.",
    "record": [
        [
            12.872087565224243,
            13.026425349956536,
            12.965202657320852,
            12.959702864594332,
            12.984106763988988,
            12.968534422299559,
            13.05558034722938,
            13.018896982886542,
            13.020603921590881,
            13.049588468749176,
            13.05661362045626,
            13.139134859704072,
            12.989895007306307,
            12.957364154007742,
            13.016476734615418,
            13.011568347150797,
            13.085159659729419,
            13.146094606646237,
            13.277344132118431,
            13.39395041801938,
            13.506575571526257,
            13.342875789778365,
            13.371846052378803,
            13.366031592441134,
            13.420898824103642,
            13.451839463753354,
            13.473114583812446,
            13.374951800906047,
            13.435268078028427,
            13.393071250422423,
            13.393117302721759,
            13.458694391611605,
            13.60745506454816,
            13.626775806214678,
            13.712291169010399,
            13.513186790218203,
            13.46334069501341,
            13.611308353986182,
            13.640933734344364,
            13.504129990740665,
            13.654746762932824,
            13.61105952291328,
            13.696204769415973,
            13.627957314331585,
            13.630784447400067,
            13.688290421679774,
            13.858096717025086,
            13.888641637475526,
            14.039445339633135,
            13.933569813060235,
            13.841577141805224,
            13.733731989733066,
            13.786813912308391,
            13.7071871493051,
            13.895646771396724,
            13.808408117397201,
            13.864813524563386,
            13.953980293465728,
            13.927412130633419,
            13.771690369755879,
            13.757489243331655,
            13.653656151227356,
            13.708753693291243,
            13.641103846750525,
            13.703597868124927,
            13.747323920125549,
            13.663361797699316,
            13.748859547300027,
            13.824254315281474,
            13.813233397625247,
            13.856865803731253,
            13.964581992292764,
            14.098925256947282,
            14.013686538836712,
            14.123609970572172,
            14.011154241654195,
            14.059720771566488,
            14.030025623380098,
            14.02317314466335,
            14.007674860371747,
            13.93098675596032,
            14.071460188000732,
            13.895419413234217,
            13.808785336748437,
            13.839187275758443,
            13.734413740409526,
            13.87143829416462,
            14.031035987475287,
            13.844995574001313,
            13.921542205112122,
            13.895514426572566,
            14.018899925680168,
            13.818187768843524,
            13.797247773708234,
            13.745588495956392,
            13.724941445403596,
            13.631528119534675,
            13.690076280795026,
            13.72213845467515,
            13.586435341956925
        ],
        [
            12.581154205732625,
            12.68235381728801,
            12.62401049588602,
            12.572138523121959,
            12.589541049836624,
            12.66525033316575,
            12.673987843754258,
            12.653515474189161,
            12.647599581966084,
            12.651772987182897,
            12.704123002801103,
            12.753828631173112,
            12.70650295579866,
            12.66831837589976,
            12.632248823885408,
            12.70727786020245,
            12.74973552572064,
            12.848968173289846,
            12.949952577704025,
            13.02844688732035,
            13.092221647730339,
            13.025611375018485,
            13.052584127180811,
            13.019499019810743,
            13.036427141130863,
            13.120145219185437,
            13.07280141155528,
            13.073965148618228,
            13.106608234677756,
            13.008099055139771,
            13.102244693223193,
            13.112382935710036,
            13.193946817663553,
            13.232446087057953,
            13.298245650137565,
            13.219706503629991,
            13.15112313129025,
            13.237228606276576,
            13.28727394928772,
            13.214829570092883,
            13.256963370979294,
            13.235664633743708,
            13.327778895359614,
            13.28393643713334,
            13.302672989186629,
            13.365492868900395,
            13.46916267040064,
            13.55704086595927,
            13.607389425667108,
            13.579115313679761,
            13.474627391508367,
            13.393745209342306,
            13.397205824516456,
            13.406799528248525,
            13.505658864715162,
            13.478722975778663,
            13.54736298173241,
            13.60036783611254,
            13.556831423561261,
            13.465831175565876,
            13.437102292030206,
            13.331675344542626,
            13.33332758885177,
            13.343504797506082,
            13.350984695501152,
            13.398948410687412,
            13.313116067588242,
            13.39508172693587,
            13.482026600377086,
            13.509164791617469,
            13.481423503814115,
            13.59029502537578,
            13.699129888581682,
            13.647632011010803,
            13.698508987211374,
            13.639708885559807,
            13.68425158023435,
            13.633544500942017,
            13.652774163581674,
            13.610467028662137,
            13.599738348211275,
            13.6384190353563,
            13.59090675606689,
            13.511600302270379,
            13.518253754649065,
            13.434779010185743,
            13.538890981874326,
            13.596532011650345,
            13.498198447732587,
            13.587793725317242,
            13.520375925484904,
            13.58477177150557,
            13.485565258657243,
            13.385970028057615,
            13.367818325524423,
            13.330429929742374,
            13.279440663308272,
            13.263490896845411,
            13.302495795816553,
            13.27802351354525
        ]
    ],
    "angle": 90457.2,
    "fluctuation": 462.459343,
    "buy_difference": 1.02702724
}