{
    "id": 149,
    "name": "Smurfit-Stone Container Corp",
    "record": [
        [
            38.918214641357004,
            39.067846716623286,
            38.679323893900666,
            38.857162536293565,
            38.74302648631382,
            39.044738889696255,
            38.74789296717255,
            38.68627827852065,
            38.607294670013104,
            38.324386230206606,
            38.604563382922656,
            38.525160207626556,
            38.13521476554741,
            38.53232281150519,
            38.41294143041509,
            37.85567710333744,
            38.31482563087669,
            38.345597297684975,
            38.31141314242213,
            38.167008633989994,
            38.46306344259407,
            38.45393540936561,
            38.342463056344016,
            38.35857744460545,
            38.492962892206805,
            38.02765371903459,
            37.82824092968387,
            38.07840349796594,
            38.085237890204624,
            37.725609026664266,
            38.15377959732319,
            38.053387379893856,
            38.017406372688754,
            38.128094826155895,
            38.15620347228961,
            37.904841308745894,
            38.041138733453465,
            37.944438068316295,
            38.160175771347184,
            38.39693344322056,
            38.473016052628225,
            38.19958319200838,
            38.436479571338715,
            38.43172975831184,
            38.37415959484774,
            38.17159659932788,
            38.4038738069117,
            38.74942994853216,
            38.70479509675812,
            38.76471439844254,
            38.836447682591,
            38.882880982250846,
            38.43974062866298,
            38.46911402634548,
            38.26170198401009,
            38.04520293638124,
            37.89198724454872,
            38.043078609254955,
            37.871462679109314,
            37.783383101997025,
            37.595433619771065,
            37.25939506237445,
            37.577855297665565,
            37.19002556913586,
            36.86927798000284,
            36.96630023220547,
            36.72931337945238,
            36.887861700789195,
            37.20896970560202,
            36.96432341506181,
            37.27118441222789,
            36.97346933956848,
            37.138053630363316,
            37.20552278973641,
            37.291539008451956,
            37.220209507119094,
            37.14066414411206,
            36.788915299334064,
            36.407189196036114,
            36.46380944330276,
            36.45013977408714,
            36.244670396427104,
            36.364566499353515,
            36.72511127896397,
            36.838755140017355,
            37.102583891946836,
            37.092243325311145,
            36.882216943391064,
            36.46719944469403,
            37.122349302871974,
            36.79945569370483,
            36.778372711357406,
            36.65389771729607,
            36.8263018518543,
            36.54388465727847,
            36.509024596769585,
            36.4900432397331,
            36.165440838144285,
            36.00613339209623,
            35.98647668676239
        ],
        [
            37.67169791389613,
            37.77514204940327,
            37.74503602801322,
            37.631345698873716,
            37.65592572089136,
            37.81677386856103,
            37.63430373369526,
            37.51820500552104,
            37.33354422628909,
            37.383653741719726,
            37.49884173326211,
            37.280090984573576,
            37.18792573099383,
            37.27588500160871,
            37.13821102245811,
            36.90792360537524,
            37.169097388047014,
            37.41561278159933,
            37.3709990988304,
            37.21892983115723,
            37.436244704342705,
            37.22599765126344,
            37.12918260411248,
            37.11149990710167,
            37.24893423293806,
            37.079315201625036,
            36.822058034635496,
            36.873478750477055,
            36.88744937168217,
            36.72215600915624,
            37.01656285718202,
            37.13048974517513,
            36.86584907485289,
            37.12509381227542,
            36.93409330297916,
            36.77504445706716,
            37.00334397966071,
            37.035340212682655,
            37.19360270694425,
            37.45818065295322,
            37.214806902413066,
            37.109170891356165,
            37.414118305255904,
            37.41699172394089,
            37.27503722864784,
            37.145117252286695,
            37.3262894156812,
            37.500847471940126,
            37.67529698038785,
            37.508167680408505,
            37.754278708940774,
            37.66376078751808,
            37.39855962341003,
            37.51353084397225,
            37.25145330389325,
            37.04809508982075,
            36.76257352285444,
            36.813589463167204,
            36.82355119230972,
            36.59508797828068,
            36.48943292802413,
            36.33021547811463,
            36.40328149793302,
            36.20807306058221,
            35.913787258694775,
            35.911092161473626,
            35.71300540849509,
            35.92108603642488,
            36.063904208128136,
            36.00997955403942,
            36.08461023890293,
            35.8714330873854,
            35.9628846163792,
            36.053370674938336,
            36.285091490068254,
            36.20843523457509,
            36.09491391033473,
            35.82114285979738,
            35.53849167583304,
            35.43002962953031,
            35.59472111255213,
            35.39051689260469,
            35.35127594488601,
            35.626920264896995,
            35.79792509138054,
            35.99310531421571,
            35.864908826635336,
            35.69024491922051,
            35.60064656035085,
            35.89401863622238,
            35.87454602696331,
            35.84320437622264,
            35.61829056936669,
            35.643236449798,
            35.596826710292895,
            35.51302722513206,
            35.28614617402599,
            35.03501498153877,
            35.1223060748556,
            35.13487706997405
        ]
    ],
    "angle": 90156.9,
    "fluctuation": 470.83882600000004,
    "buy_difference": 1.029178068
}