{
    "id": 15,
    "name": "Stewart & Stevenson Services Inc",
    "record": [
        [
            16.596279072834847,
            16.48682767193095,
            16.580308050200937,
            16.57178389854334,
            16.429058315796496,
            16.44182669008135,
            16.407176227336233,
            16.596050888224323,
            16.36636466723283,
            16.38326066420828,
            16.52566348111166,
            16.362793859890896,
            16.310996461247292,
            16.354285350978397,
            16.46832982863394,
            16.329650339778947,
            16.405479878074598,
            16.411772328032157,
            16.364853590304442,
            16.489491273273963,
            16.454381631183356,
            16.703077126614165,
            16.483810304847186,
            16.505430782468007,
            16.497403433011886,
            16.549485510323997,
            16.58763518120136,
            16.77298230446406,
            16.830674827208377,
            16.782819590930597,
            16.90166879978414,
            16.75768472471634,
            16.72792317625368,
            16.70565213875223,
            16.868194012723464,
            16.663418460416516,
            16.800234526191947,
            16.781584368095483,
            16.92727429644446,
            16.986958632361613,
            17.072687102319883,
            17.146710613152123,
            17.13378533577761,
            16.99048544910496,
            17.11580677008671,
            17.203051205435862,
            17.216072687423043,
            17.302135427403577,
            17.160592625585068,
            17.099920292552408,
            17.002367984874898,
            16.92811846214641,
            16.913729206851457,
            16.955962003060378,
            17.004350024770492,
            17.04872983120313,
            17.141959584390964,
            17.191839061732544,
            17.200008574405068,
            17.318386100892788,
            17.47928477876316,
            17.512327721433813,
            17.24508331905085,
            17.30740328031114,
            17.21011907252183,
            17.078831896124935,
            17.118929517858984,
            17.230499068295824,
            17.234941284263318,
            17.371831189420664,
            17.339993763760248,
            17.454383935703977,
            17.494263549304673,
            17.468418027390864,
            17.358588009951944,
            17.292915507494403,
            17.173843075918352,
            17.320964131708404,
            17.13569083314318,
            17.154810587460503,
            17.128599458210232,
            17.199510537456653,
            17.074084279519013,
            17.050092364956594,
            16.933111480989545,
            16.882817426588247,
            16.729996875394836,
            16.6177708957145,
            16.830964770925906,
            16.726601197266138,
            16.630397140049656,
            16.483030954259075,
            16.464361725891152,
            16.540799273080665,
            16.527595066996362,
            16.588538947221622,
            16.574762877590143,
            16.661775271569997,
            16.614328484274928,
            16.669830482959032
        ],
        [
            15.906981252381579,
            15.846494772910782,
            15.844088948703565,
            15.790238444575618,
            15.701122324531019,
            15.766835882144646,
            15.739913989607782,
            15.827537709159953,
            15.733869532526525,
            15.743789124416494,
            15.850406059933821,
            15.744665258466405,
            15.671199658622108,
            15.63278332681296,
            15.740224996040215,
            15.68282667734998,
            15.730405664287264,
            15.67677793622712,
            15.726100515544351,
            15.765172366968397,
            15.80896056314392,
            15.91850821744154,
            15.811847088066992,
            15.767815099003737,
            15.766439217627168,
            15.800441598989451,
            15.917818787078621,
            15.997869535923519,
            16.052895972803277,
            16.005657715231514,
            16.128642966214063,
            16.0392035863641,
            16.012318807787747,
            15.98141357296476,
            16.08387442624279,
            16.016226941061294,
            16.05424998052675,
            16.047639994653732,
            16.146639940533905,
            16.247277754552773,
            16.365240822471666,
            16.35921630445035,
            16.37299005941951,
            16.283184835266592,
            16.383609116771336,
            16.39499775418382,
            16.469705907600737,
            16.502569443885616,
            16.44456448055163,
            16.415999125463298,
            16.35679073317965,
            16.2657474137239,
            16.14176063737982,
            16.186906445998872,
            16.306265792525032,
            16.345549313805467,
            16.456357031596777,
            16.415358630008292,
            16.464208849369967,
            16.552698217300648,
            16.656598184030482,
            16.689747082349857,
            16.593624935798637,
            16.547156696154676,
            16.487073851836787,
            16.394110322178893,
            16.41121016929067,
            16.49009762937913,
            16.509201301784675,
            16.57399780306238,
            16.52715306011749,
            16.651099859792566,
            16.73583638721468,
            16.779853750232085,
            16.69445264789439,
            16.573024966983088,
            16.51511703307487,
            16.502444067042266,
            16.460241885583162,
            16.448901930349056,
            16.408979104446313,
            16.403052957848317,
            16.402709420305584,
            16.30603341473691,
            16.197393447144524,
            16.133165934051814,
            16.08829515552959,
            15.969145950998517,
            16.038792249640487,
            15.947277028937041,
            15.869778365414072,
            15.776325521017206,
            15.711336856091382,
            15.8221266101694,
            15.770106291933718,
            15.886839132413169,
            15.905466273051315,
            15.974554823347354,
            15.938641586714693,
            15.921690548640967
        ]
    ],
    "angle": 89781.3,
    "fluctuation": 445.694255,
    "buy_difference": 1.044481968
}