{
    "id": 150,
    "name": "Timken Company",
    "record": [
        [
            8.571913610807787,
            8.55572235487787,
            8.560645565315816,
            8.549488646313579,
            8.493223773936027,
            8.656750044517135,
            8.692195815640595,
            8.69093996964453,
            8.546600450208727,
            8.616810282946957,
            8.543849195250605,
            8.543435783033964,
            8.676709504489585,
            8.740629591391622,
            8.852761040825776,
            8.858981677888911,
            8.843398543739298,
            8.971387011044545,
            8.842204243394576,
            8.845475411122406,
            8.801895130308507,
            8.834719391075812,
            8.947894676337373,
            8.94693313832521,
            9.010031967230955,
            9.094919140227043,
            9.226655560337758,
            9.081625381332012,
            9.150842016997858,
            9.04927100932545,
            9.047980641655798,
            8.990097295516515,
            9.097188878697846,
            9.20111257021683,
            9.118352221255098,
            9.215718530545592,
            9.065135769783556,
            9.08569456264063,
            9.166471582881538,
            9.096368860095458,
            9.06605036838853,
            8.926954759345849,
            9.045395269902427,
            9.18397729964505,
            9.3219962620713,
            9.153214830847382,
            9.14361604356814,
            8.9942832073409,
            9.082203719847652,
            9.002446084019144,
            9.00977918474115,
            8.944487933057081,
            8.96696922398435,
            8.947942382261184,
            8.88441039154236,
            9.043621438690161,
            8.998481311800164,
            9.03141492677104,
            9.117304792793284,
            9.02739655539969,
            8.870345664393803,
            8.889508665391142,
            8.90164848398065,
            8.988350643902757,
            8.980515840821328,
            9.12406792818411,
            9.281421235519293,
            9.193538063731342,
            9.056023037428236,
            8.917166174557632,
            9.084705232282719,
            9.09775965070446,
            9.128575914812213,
            9.21487467021165,
            9.296064061055036,
            9.29469974852454,
            9.187469154287564,
            9.062916156181107,
            9.094193157514054,
            9.320586569698468,
            9.165105856261796,
            9.17511750966065,
            9.267782700433658,
            9.201185801414839,
            9.178234870082932,
            9.258645469275017,
            9.44474915245665,
            9.38271924995096,
            9.230417897920283,
            9.3750054199754,
            9.262158643692299,
            9.226981708277414,
            9.10166793518964,
            8.982542324890195,
            9.095005522204062,
            9.111098488934276,
            9.142702583940153,
            9.27464434947441,
            9.178777085143615,
            9.211418604637792
        ],
        [
            8.235091996450391,
            8.185816620053252,
            8.225093106744756,
            8.19872080408428,
            8.146398381416525,
            8.242886778107446,
            8.288192891538333,
            8.331861843728472,
            8.21077348185508,
            8.206490896492717,
            8.201538119794172,
            8.191273257862266,
            8.285820393025203,
            8.368590942683387,
            8.424493294858586,
            8.445542353091023,
            8.418097089862846,
            8.56465650312414,
            8.443016324613799,
            8.459656340036103,
            8.38944710362656,
            8.444301877929757,
            8.526055598775601,
            8.554977379331193,
            8.628254296152532,
            8.731405893241487,
            8.833045109484994,
            8.707278548491711,
            8.729003615172582,
            8.692818902466227,
            8.637777653254545,
            8.606578454203127,
            8.720451702533309,
            8.762969598451578,
            8.712787820514416,
            8.776880045187273,
            8.631748334448497,
            8.692875536475118,
            8.740424885162096,
            8.664076580167032,
            8.655028163390897,
            8.529903299875583,
            8.676021655303304,
            8.808944612808936,
            8.89670564020253,
            8.780319108358665,
            8.716893133338033,
            8.633058714590252,
            8.666987922677146,
            8.63742560815313,
            8.649668881881835,
            8.563772199801548,
            8.55702166176401,
            8.57652607192124,
            8.519901402590769,
            8.609547856078215,
            8.616330143580877,
            8.651330504120628,
            8.712657635688123,
            8.608672363097593,
            8.500446103750987,
            8.529923344044951,
            8.487910448950704,
            8.562044657720637,
            8.580224679102653,
            8.7078072460233,
            8.845621353267205,
            8.802221689743027,
            8.697557416981411,
            8.557320830020569,
            8.700634838061784,
            8.738519678915614,
            8.77252520226308,
            8.798862266497336,
            8.879933309127418,
            8.925890026119701,
            8.812293875676025,
            8.681506013619673,
            8.73509401456245,
            8.871452762981015,
            8.76885349136673,
            8.781068194008235,
            8.873306156571566,
            8.834312179798571,
            8.818474703340724,
            8.857462651250723,
            8.997693131309893,
            8.98875078486522,
            8.838416752325106,
            8.94640345628831,
            8.839597949750566,
            8.798122571892733,
            8.66826036553847,
            8.595903287402647,
            8.734996853497094,
            8.684161501270564,
            8.709943579574078,
            8.844451885867617,
            8.768772590620575,
            8.792928037042346
        ]
    ],
    "angle": 89655.1,
    "fluctuation": 983.736374,
    "buy_difference": 1.045816107
}