{
    "id": 151,
    "name": "Scientific-Atlanta Inc",
    "record": [
        [
            8.76552989829389,
            8.7505282326948,
            8.80974124514832,
            8.807947638892282,
            8.823503713616907,
            8.7807435737396,
            8.779297184151542,
            8.705398808618051,
            8.682000047600873,
            8.680085876140888,
            8.753036150786532,
            8.690317377208048,
            8.713077816361416,
            8.748406181799625,
            8.706681517771328,
            8.736323490019183,
            8.771040287386604,
            8.693797436004372,
            8.722687213607047,
            8.677799021434515,
            8.73774127991641,
            8.686215943585578,
            8.737355007210747,
            8.759901315730534,
            8.768777273277374,
            8.693253110145488,
            8.657565774110262,
            8.684829775363589,
            8.639226494192862,
            8.70622057634282,
            8.74090537600808,
            8.678460263475811,
            8.714300095683692,
            8.724430522928417,
            8.792480769488865,
            8.731369373675204,
            8.819785113516271,
            8.825437485139055,
            8.787195703501489,
            8.778459189835107,
            8.83204073521298,
            8.812317282315068,
            8.858836125000384,
            8.836055096536896,
            8.804412970458479,
            8.793916732220534,
            8.800025835564956,
            8.79261144278301,
            8.748698437403103,
            8.793840277921698,
            8.76616101080049,
            8.742423617029221,
            8.824120138402671,
            8.74700560339285,
            8.73107341527223,
            8.77477904948261,
            8.73478789217725,
            8.775451968706209,
            8.8074877149038,
            8.745710879485049,
            8.801907815993886,
            8.746944879361667,
            8.799196984899234,
            8.778081843678802,
            8.810363020540013,
            8.835771739498856,
            8.780674960815565,
            8.794964194181064,
            8.811279829377655,
            8.783045206813012,
            8.827155686775276,
            8.82597295526099,
            8.852350885133074,
            8.849022063685133,
            8.8686257267092,
            8.862473637960548,
            8.837144555005723,
            8.775466195324416,
            8.82577492517164,
            8.775738531184707,
            8.831659882380828,
            8.834642041948877,
            8.7902942575882,
            8.80010862024723,
            8.752886279169235,
            8.811792846448752,
            8.78725566071877,
            8.789390740508587,
            8.720119715149773,
            8.737693357835479,
            8.718152739084895,
            8.695896180590156,
            8.728068657886125,
            8.656669724913252,
            8.698525357794955,
            8.70663535135791,
            8.680565616764886,
            8.711465493384296,
            8.705117241449255,
            8.750289977025695
        ],
        [
            8.409359016852068,
            8.403389677853074,
            8.392052984139603,
            8.407078250605645,
            8.418568308738145,
            8.399539693908892,
            8.383911993404823,
            8.359211875470312,
            8.340927463263318,
            8.33323356335276,
            8.340526601916128,
            8.321355591838486,
            8.334811552124153,
            8.347749326069989,
            8.356252036283367,
            8.381339356246887,
            8.365177179111571,
            8.348071853760104,
            8.324868055534246,
            8.346106286230924,
            8.344227604483276,
            8.344140224851174,
            8.350523817337113,
            8.376253781387483,
            8.357189833341153,
            8.333337022242654,
            8.325809820525237,
            8.309450754506948,
            8.298168472803708,
            8.31827606402029,
            8.340592039909497,
            8.341713085667354,
            8.33598076787431,
            8.361548812877574,
            8.386461181747153,
            8.390883927803486,
            8.404966577883519,
            8.41454194313639,
            8.413279124115327,
            8.409961861748672,
            8.42335494792271,
            8.440709015359145,
            8.444703226640568,
            8.460059430974539,
            8.436514991793356,
            8.416346607784773,
            8.406223187444535,
            8.403333870371073,
            8.393211470833625,
            8.41627343608003,
            8.4007024098603,
            8.406571303305416,
            8.404913667705786,
            8.386543895512991,
            8.36372809492552,
            8.363742692410296,
            8.38406785237686,
            8.405398282102093,
            8.422597510950842,
            8.401292164319166,
            8.386260193935952,
            8.36637218772548,
            8.390358926920307,
            8.40203171530156,
            8.410222376785324,
            8.421039724215051,
            8.426422442506736,
            8.445215521149155,
            8.427065857566285,
            8.446480909874005,
            8.4549216963474,
            8.46310477607023,
            8.479903017951866,
            8.501388015358314,
            8.487847943478785,
            8.465876440095364,
            8.45687282500792,
            8.440888473981712,
            8.418217878353367,
            8.425909107775244,
            8.418797419094398,
            8.433398716813906,
            8.42551667677811,
            8.421430585916056,
            8.409028927489777,
            8.423348197185124,
            8.404089257641868,
            8.40193362900672,
            8.378390549311735,
            8.369231921203625,
            8.345504504215178,
            8.325031865261685,
            8.33000406608632,
            8.308253135088295,
            8.33421762063055,
            8.326152429938952,
            8.34876713359801,
            8.354979145753898,
            8.343038843040523,
            8.365391972674056
        ]
    ],
    "angle": 89959.3,
    "fluctuation": 179.42361700000004,
    "buy_difference": 1.044757047
}