{
    "id": 152,
    "name": "Marathon Oil Corporation",
    "record": [
        [
            18.403878136204316,
            18.22420198897101,
            18.337059739558757,
            18.305938112661988,
            18.202580991051324,
            18.2748931702511,
            18.21864393504995,
            18.319219101162894,
            18.488721333925167,
            18.62673927030888,
            18.859832912093022,
            18.962401282216767,
            18.65589021729545,
            18.71087148481828,
            18.913868701327168,
            18.930445448375604,
            18.97838325664712,
            18.67899531806153,
            18.971313171905795,
            19.01453786271558,
            19.072424757222652,
            19.16482851817765,
            19.31212862661141,
            19.042764408922043,
            18.863044338149116,
            19.080715204118107,
            19.005727052512828,
            18.90509518027436,
            18.921143754448142,
            18.92902496613774,
            19.099356812917783,
            19.272011706903474,
            19.348654041490146,
            19.474852320422897,
            19.423889722669553,
            19.198762574342478,
            19.143533503538862,
            18.862041389272527,
            18.707210556135276,
            18.84530389438298,
            18.653124801583672,
            18.45512809883858,
            18.425156913207747,
            18.53637822813112,
            18.634034777511225,
            18.764756304731463,
            19.01950981202406,
            18.90450067172492,
            18.9528430130659,
            18.966709541414698,
            19.00431487887215,
            18.992188522411382,
            18.834502966813236,
            18.85719461200035,
            18.679144896677286,
            18.826902184960385,
            18.833700002841073,
            19.146260705597676,
            19.14822883901944,
            18.938324386195486,
            18.730017801033746,
            18.713451696445848,
            18.559152864470136,
            18.76418329132854,
            18.816607091529207,
            18.789514346085912,
            18.95690782221852,
            18.87468536704716,
            19.096742822046853,
            19.114765909933098,
            19.490076589736454,
            19.233958402560326,
            19.50556975839433,
            19.499246110942583,
            19.407650329087335,
            19.800492835355538,
            19.88770409784401,
            19.674993532659478,
            19.514312733635812,
            19.64051756381374,
            19.525999046858935,
            19.189161225590983,
            19.424981968506113,
            19.57593007839346,
            19.57396052504461,
            19.597678962135763,
            19.811343911858156,
            20.117030207480056,
            19.899634317701732,
            19.54160444161326,
            19.413431494704206,
            19.39420964352564,
            19.345313402177176,
            19.460528523365426,
            19.22865951778072,
            18.925275022656503,
            18.95633638272396,
            18.735910914405572,
            18.607454389299715,
            18.50230803618425
        ],
        [
            17.94690084941515,
            17.77168614871261,
            17.915645696589696,
            17.833630144688325,
            17.761216283415248,
            17.980507605029757,
            17.85161245836888,
            17.973545761438007,
            18.071035138740214,
            18.242357852950047,
            18.487284923515773,
            18.48051146244551,
            18.26177361405916,
            18.36885239024357,
            18.562555144354754,
            18.502780084736873,
            18.50714072699754,
            18.376253500970165,
            18.48919687507332,
            18.65761393757994,
            18.706914966626965,
            18.850424238927115,
            18.86830598991455,
            18.625577379478724,
            18.38917095800517,
            18.60878518687052,
            18.60794078530314,
            18.41732847670575,
            18.530687005747193,
            18.5476822048311,
            18.690265759678006,
            18.953944904385846,
            18.996881645965917,
            19.12462121385752,
            19.02305830747266,
            18.84593554263587,
            18.72413883457745,
            18.467262435778014,
            18.39476969232781,
            18.38652242499865,
            18.244473958738492,
            18.07428804985169,
            18.10288195588973,
            18.13028505785545,
            18.309943756736903,
            18.412521055952084,
            18.58983235925775,
            18.585031683393083,
            18.48591711375246,
            18.504972499573224,
            18.627047920902264,
            18.511384384342755,
            18.403493400483594,
            18.40179118971004,
            18.378247344115334,
            18.410765769432857,
            18.472765206568067,
            18.659698482628233,
            18.73621830542711,
            18.5940120778426,
            18.358196091934747,
            18.236073153256545,
            18.11997737378105,
            18.360436227551517,
            18.424621531433598,
            18.40361481579379,
            18.591749306072042,
            18.542686912996995,
            18.723264181875336,
            18.780428981526708,
            19.034566562051367,
            18.81446228037261,
            19.04399868172021,
            19.146655885388267,
            19.041438905531482,
            19.30306907383526,
            19.471458218136597,
            19.203668273143727,
            19.126921478080657,
            19.18723333809854,
            19.039262608660206,
            18.789414657349973,
            18.952088465688597,
            19.195002072967434,
            19.21616488407466,
            19.222103039053458,
            19.462869994360368,
            19.63120161042173,
            19.422927664991004,
            19.184400242809335,
            18.946483304172073,
            18.94850065788952,
            19.02030493773076,
            18.996234643586963,
            18.747467950906266,
            18.581199961083797,
            18.64347951067558,
            18.40266036101407,
            18.19435123688369,
            18.171389541208168
        ]
    ],
    "angle": 89435.1,
    "fluctuation": 806.697258,
    "buy_difference": 1.021377232
}