{
    "id": 153,
    "name": "The McGraw-Hill Companies Inc.",
    "record": [
        [
            21.840815144319144,
            21.259715705179907,
            20.931642613332464,
            21.564389647796954,
            20.897848853232492,
            21.271526380803245,
            20.915552381998573,
            20.768560625019628,
            20.243671875304685,
            20.436757509264215,
            20.52222517528579,
            21.236340305535247,
            21.475425856175335,
            21.485053104358364,
            21.54805507147022,
            21.139814470317056,
            20.59261655763026,
            20.96407511858483,
            20.8108909715281,
            21.21404775443776,
            20.67402700457648,
            20.079017160551583,
            19.55002443627526,
            19.443837951586282,
            18.878961096513432,
            18.21572121399875,
            17.807397064438245,
            17.50840253906671,
            17.372483752661168,
            17.177112321706538,
            17.377458597952486,
            17.106390382535242,
            16.568465266005997,
            17.126753281387565,
            17.598923728224303,
            17.38498401178492,
            17.032602732008222,
            16.88196324470641,
            17.186409708949135,
            17.28776237813479,
            17.281840157291885,
            17.220769842142726,
            17.77586406177289,
            17.27514021816825,
            16.788403534808484,
            16.66319790708282,
            16.23593965996258,
            16.141702088075295,
            15.918868892970893,
            16.179335631791478,
            16.37317217504547,
            16.967057769665505,
            16.68131547067737,
            16.38454497725254,
            16.677585174040566,
            16.886590556875788,
            16.249282088562364,
            16.809172312493402,
            17.42651845651312,
            17.37181749413425,
            17.706920142272242,
            17.333140990583455,
            17.236465219810444,
            17.43723464814825,
            17.508738088934066,
            17.073556735882978,
            17.12409908483754,
            17.386126675887034,
            17.844065105330195,
            17.87718410916911,
            18.09205947752179,
            17.826426652279245,
            17.251523728210522,
            16.73034230125991,
            17.242456956473415,
            17.370944441140356,
            16.938901397171982,
            17.299073846405,
            17.85830095576231,
            17.383633845562706,
            17.49424741819357,
            17.909945827654774,
            18.301966793166756,
            17.979941072789163,
            17.73485673103936,
            18.053230590238766,
            18.124563627812908,
            17.823063024427086,
            18.237710868748323,
            18.098330141560723,
            18.333685271008772,
            18.066901484782964,
            17.58252655239716,
            18.1849798959465,
            18.031308455855672,
            18.32709895316085,
            17.83765435690735,
            17.786202824697636,
            17.981891333680526,
            17.859200942128247
        ],
        [
            21.240184459383723,
            20.774804484138397,
            20.394772336195075,
            21.00497545232514,
            20.40888456033469,
            20.672078003113057,
            20.285584738111773,
            20.13297892505341,
            19.641778108237247,
            19.83110178947196,
            19.991849155842182,
            20.545475065598172,
            20.782986509693902,
            20.973922860445523,
            21.045991264983414,
            20.50922957192849,
            20.10271741366352,
            20.442761613929314,
            20.157935718802054,
            20.71352408046078,
            20.11554321877118,
            19.542473693524997,
            18.995292180256747,
            18.839405303324426,
            18.281157815639464,
            17.743176746276756,
            17.312492117073145,
            16.948934147716574,
            16.871109594323563,
            16.780261512031913,
            16.901262372103787,
            16.61933551085822,
            16.148359696755836,
            16.669099029138685,
            17.19232761357225,
            16.983330645838258,
            16.554265162691173,
            16.472071574262927,
            16.67208837689103,
            16.830860017507245,
            16.766335755166928,
            16.688769773385157,
            17.202710924949884,
            16.731454635625724,
            16.28761797909946,
            16.153252906855,
            15.728093338346815,
            15.760855201762649,
            15.501249627516957,
            15.723389202609269,
            15.975633879528063,
            16.423252529798006,
            16.14345423056394,
            15.93715185552363,
            16.141450805218916,
            16.369809055906344,
            15.864303841108018,
            16.38296343981932,
            16.87134635580064,
            16.826765410698137,
            17.17873592124385,
            16.9326853780516,
            16.735673466873855,
            16.969585179802188,
            16.950946644250795,
            16.565918228190284,
            16.59012479195944,
            16.83391755622531,
            17.329080993047697,
            17.340460561942155,
            17.613900158629907,
            17.355287806150628,
            16.856340945198454,
            16.33724766888999,
            16.731466273424697,
            16.891547400101498,
            16.399263746892228,
            16.816614775060255,
            17.367190918707106,
            16.908959802190964,
            16.967328041342807,
            17.469835527651956,
            17.75249007029628,
            17.48024076521156,
            17.18697501106948,
            17.5462300704282,
            17.5786593917423,
            17.352013076414504,
            17.716674674859046,
            17.57249759055715,
            17.86165940372432,
            17.489586661924676,
            17.14530199152907,
            17.690194184241808,
            17.46382464281457,
            17.7981743651034,
            17.42379213051557,
            17.236734873356742,
            17.403827431754934,
            17.432579602325315
        ]
    ],
    "angle": 88716.4,
    "fluctuation": 1835.7948609999999,
    "buy_difference": 1.028483732
}