{
    "id": 154,
    "name": "Sequa Corp",
    "record": [
        [
            110.5457788395126,
            113.18650343232483,
            112.06297103228923,
            112.15636816846776,
            109.40572365263422,
            107.67301916073667,
            105.23337422391506,
            105.93424277268835,
            105.81830481822578,
            107.74197151022209,
            107.82531289889715,
            106.90273755663617,
            105.65148903766675,
            105.04876312274341,
            104.33697106118345,
            104.23241118548424,
            102.64432011797727,
            103.22828584218976,
            102.83839779442029,
            102.10395605314754,
            101.85206703193045,
            102.47292131589809,
            99.93343557204328,
            100.48024966112273,
            99.88912650541383,
            96.86199451365809,
            96.29041053170535,
            94.49695367299263,
            95.24915940241883,
            95.2292237897352,
            93.26069300960445,
            95.88632817442839,
            94.95237593986043,
            96.04884697174498,
            97.46684842294665,
            95.93083492043863,
            94.00971150721149,
            93.00917006172638,
            94.20363764268117,
            92.94220362772845,
            93.07914069024356,
            91.19566472589611,
            93.00565946871878,
            90.55399616158473,
            92.29830900080684,
            92.71101979255153,
            92.3195925230428,
            95.504252884485,
            96.49564420403762,
            97.10478294064524,
            97.56632920472273,
            98.93624806515085,
            99.92317617817287,
            100.69539586965057,
            99.52485732596794,
            97.75747303746809,
            97.64568176202383,
            100.39146757203699,
            101.99340704687931,
            101.89708276525396,
            99.63922724628296,
            101.77628442931326,
            99.57831385058239,
            98.47783792846347,
            98.14281068141463,
            95.61253225252625,
            93.59192651818837,
            95.23793833416735,
            96.69155794039928,
            95.43939520942865,
            94.51667034493059,
            94.28835828276698,
            94.26068158687742,
            96.91322818685465,
            96.46491359704822,
            96.87026121619316,
            97.4452425849448,
            99.74930858934853,
            102.06931328565169,
            103.30800122710664,
            102.96463661869254,
            102.85830341546665,
            104.98111035700552,
            105.8017066016667,
            105.94811426063808,
            107.60259375857785,
            104.62481890075262,
            106.01140065802035,
            104.16154126727913,
            108.01807800219481,
            105.11553495167153,
            107.0025089623996,
            109.45795948932245,
            111.91245940481389,
            110.00212617703892,
            108.79789846631977,
            107.31357098296421,
            105.64816370422992,
            107.32931022019358,
            108.62581065124522
        ],
        [
            108.69708030571513,
            111.77432071727087,
            110.70928560514822,
            109.8522684514357,
            108.00816656329027,
            105.58724878172258,
            103.0304418182585,
            104.56003254714514,
            104.35131468361737,
            106.2163522331368,
            105.8844461912783,
            105.55835238796993,
            104.04071623046579,
            103.39539898469152,
            102.95247444680015,
            102.80803023500243,
            100.52561795673228,
            101.02708569887989,
            101.01756501768969,
            100.60773065309446,
            99.96879487541587,
            100.9510543931864,
            98.49863159407933,
            99.26647986340284,
            98.02257840345008,
            95.38522718898533,
            94.99362016799375,
            93.20561195730643,
            94.00412201085574,
            93.78674354951752,
            92.06937377765526,
            94.33939443158464,
            93.44856385172271,
            94.55606469398695,
            95.95202769805546,
            94.42097799803486,
            92.11511667947545,
            91.08027633623045,
            92.19487561599806,
            91.0781994388821,
            91.2396720288855,
            89.45584989883545,
            91.06776805369998,
            89.18233371451653,
            90.76384704359171,
            91.24270527290308,
            91.12199555399309,
            93.54224817944706,
            95.22475474446067,
            95.74898720058007,
            96.03073121200798,
            97.76077577901324,
            98.05599181724597,
            99.05105336968421,
            97.56773332422085,
            95.68245482893582,
            96.30165023556764,
            98.49587080819565,
            100.36803549386659,
            100.41395240927983,
            98.16928126501928,
            99.88444202087096,
            97.45494430191482,
            97.2980333660224,
            96.45330016420745,
            94.38169342090097,
            91.83388317574733,
            93.21640023537947,
            94.74291537334314,
            93.61861923975786,
            92.75977141443869,
            92.29616441505925,
            92.45316880661393,
            95.05485101860894,
            94.76639636896047,
            95.56566171784517,
            95.32940066769414,
            98.08116347813487,
            100.13204313360822,
            101.4079320382336,
            100.85941625833327,
            101.12805160080988,
            103.1120372775145,
            103.65913476160843,
            103.947596613225,
            105.70796852676233,
            102.84428243105432,
            104.0096880336538,
            102.92398670628106,
            105.88337985316048,
            103.8457723662301,
            105.2867739727036,
            107.19861562042699,
            110.09595884394585,
            108.33587408469104,
            107.11769732498401,
            105.97466249619866,
            104.38245572186827,
            105.0825019494853,
            106.72383286073952
        ]
    ],
    "angle": 91577.6,
    "fluctuation": 1609.0874210000002,
    "buy_difference": 1.017109514
}