{
    "id": 155,
    "name": "Smith International Inc",
    "record": [
        [
            30.71110938866583,
            30.638519817405726,
            30.35853627432653,
            30.331610340827297,
            29.81086423288047,
            29.424442820422474,
            29.29841100271638,
            29.737441456495947,
            29.417579140068447,
            29.870417917840307,
            29.779742817028747,
            29.499187988288394,
            29.568687706016952,
            29.051780200229025,
            29.44972801727184,
            30.250686613177145,
            30.42612751662829,
            30.323084830185,
            30.66103240035402,
            30.044103116118162,
            30.614512346293658,
            30.053851263117732,
            29.428573798607403,
            29.297304428322875,
            29.70196009450896,
            29.21762332069772,
            29.10872111458872,
            29.17917330835135,
            28.713069674129923,
            28.933869911677125,
            28.961314727280012,
            28.88679382909957,
            28.57861611930482,
            28.396100659521828,
            28.052126466258795,
            28.748035107334463,
            28.2884623161283,
            28.7577557973003,
            28.56284791800171,
            28.417845469577266,
            28.74704210404664,
            29.239453969547604,
            29.31836375662534,
            29.2059929062046,
            28.92994494764225,
            29.301456405995502,
            28.902561603498153,
            28.436077721219277,
            28.550724511671145,
            27.892840345262233,
            27.265566946968956,
            27.580437631371726,
            26.90094529073896,
            27.12814442307005,
            27.21083318833605,
            27.075509114688852,
            27.634020897903852,
            27.202228893369657,
            26.923443182465146,
            26.731812091986974,
            26.820336114511427,
            27.03256245622554,
            26.62136410874437,
            26.54023268199617,
            26.91725380763186,
            27.51960580678132,
            27.756056339912636,
            27.412604109161197,
            26.997628570007716,
            26.803194824140437,
            27.428803168673745,
            27.56735932658038,
            27.150172315278823,
            27.16206900746079,
            27.517716158984836,
            27.92599715878254,
            28.250862309448323,
            27.681271590796268,
            27.31059959285348,
            27.42945187807616,
            27.08337518511445,
            27.17354021414693,
            27.538262991516945,
            27.78445044348517,
            27.243972808353284,
            27.434819730077063,
            27.91692424708371,
            27.632892119235525,
            28.216953010407277,
            28.126454884650013,
            27.90641320980732,
            28.56620022947307,
            27.825899924207295,
            28.26391077755019,
            28.506489854647327,
            28.548811048691693,
            28.899499424800105,
            29.538915613050122,
            30.024474758327692,
            29.70460332237706
        ],
        [
            29.91896168259428,
            29.824484655530533,
            29.807004915900805,
            29.543367291348122,
            29.10279728212694,
            28.696917361905587,
            28.697017533393883,
            29.036913654595722,
            28.770531920398565,
            29.09126372911566,
            29.133467133046384,
            28.835932119044404,
            29.011124570872354,
            28.521126599071355,
            28.85389510954562,
            29.473349840501037,
            29.742030460743848,
            29.721488444234264,
            29.92381394346363,
            29.43329693876348,
            30.049283249094,
            29.51081693984584,
            28.911346790539866,
            28.55299716345707,
            29.124358464421594,
            28.629353638781712,
            28.3466134250672,
            28.48042611716675,
            28.208418133025077,
            28.413924151275488,
            28.36684066046578,
            28.20630481612755,
            27.910958484274836,
            27.741015156882543,
            27.41318875554461,
            28.073616884889187,
            27.575279181460843,
            28.15900223024326,
            28.024251440804022,
            27.89877118457168,
            28.08666527714802,
            28.530723674662354,
            28.656310175317106,
            28.629427515074767,
            28.189354038315955,
            28.757584695756574,
            28.303626005716414,
            27.76066466756999,
            27.91158269782248,
            27.282057535098833,
            26.789046444854087,
            26.911919959464985,
            26.2829769854304,
            26.552689689882758,
            26.490504140357082,
            26.46939174630599,
            27.11565833657859,
            26.516430893629874,
            26.286581338558776,
            26.109906310950024,
            26.175463934558564,
            26.541454921972687,
            25.99683679777322,
            26.055454470430575,
            26.35154552919309,
            26.855241187285483,
            27.037437427077855,
            26.74015328352205,
            26.36690618767748,
            26.276696818761547,
            26.790682146469038,
            26.91795236056769,
            26.523829829345505,
            26.57791728644777,
            26.952874100241466,
            27.43517894731953,
            27.748761214615136,
            27.19475459604167,
            26.704556620728695,
            26.869111714336544,
            26.519483217523785,
            26.5546138879267,
            26.924476893320808,
            27.129929440908175,
            26.57300901237051,
            26.925595133184988,
            27.43177499303256,
            27.10367663875316,
            27.68210265286126,
            27.496810849355597,
            27.227278602575016,
            27.88213176864905,
            27.33135166356923,
            27.65053146188556,
            27.912967793849113,
            27.929248868429138,
            28.22152790574281,
            28.805688124320206,
            29.508627624119793,
            29.083224884779344
        ]
    ],
    "angle": 89818.5,
    "fluctuation": 1401.598745,
    "buy_difference": 1.022183274
}