{
    "id": 156,
    "name": "E.W. Scripps Company",
    "record": [
        [
            23.630800945115016,
            23.592539813875142,
            23.650508247645273,
            23.66898690877998,
            23.616261713376268,
            23.640859450900486,
            23.64338814367428,
            23.614519262480712,
            23.48362479015272,
            23.556409723225517,
            23.654653048360075,
            23.638263055792272,
            23.55251062020416,
            23.518643832327687,
            23.51031408500604,
            23.61089200631272,
            23.416702677051873,
            23.549583873172296,
            23.474346877995067,
            23.518763446218355,
            23.462426996997262,
            23.39444839812339,
            23.455835541084788,
            23.36847886960055,
            23.581507732522898,
            23.57561676841441,
            23.471587125294395,
            23.569399957609434,
            23.44447828963959,
            23.568507680145945,
            23.5444774538253,
            23.367198969609333,
            23.542162142949003,
            23.356966879579613,
            23.392094591657436,
            23.443816916406423,
            23.50063792172427,
            23.455049728675167,
            23.54128279271785,
            23.524685673555204,
            23.38877335352844,
            23.534474050579213,
            23.60178464087316,
            23.49883152431054,
            23.579739204321776,
            23.466748608963442,
            23.512661584428194,
            23.576158311150206,
            23.455264895750727,
            23.555896582355803,
            23.60932372060798,
            23.556314869682232,
            23.602482380391425,
            23.491152847001597,
            23.48318901257872,
            23.499455871019546,
            23.435361336855582,
            23.516391516751558,
            23.448949901322173,
            23.487724247705465,
            23.574033316443927,
            23.50671591114274,
            23.47222703619023,
            23.579922585646575,
            23.513312764722897,
            23.464667276539245,
            23.519762452513536,
            23.610086327886112,
            23.447279463548067,
            23.445013790361998,
            23.62014721557965,
            23.481216478373213,
            23.569793646072455,
            23.39313478424877,
            23.417867829723722,
            23.476624021588748,
            23.451361539910717,
            23.407791875350153,
            23.59975387526479,
            23.468661180900284,
            23.457374398111092,
            23.509957405443966,
            23.548785472481192,
            23.621892379981222,
            23.4954775348225,
            23.513475724468307,
            23.54978437189581,
            23.615629166219545,
            23.574533178664286,
            23.60030423963825,
            23.505147299952625,
            23.44527391605538,
            23.376255608544206,
            23.494063528750473,
            23.544726570471624,
            23.503046896499914,
            23.548670859423055,
            23.43652304944397,
            23.47482032255947,
            23.45783416004837
        ],
        [
            22.59015973894485,
            22.582868049134532,
            22.577469548014744,
            22.570378854491576,
            22.57175768470418,
            22.563763302057826,
            22.554945361757046,
            22.558843250030176,
            22.56199349859885,
            22.568571559721565,
            22.572432399705214,
            22.5635323407129,
            22.555816344953776,
            22.550424310623548,
            22.54243748375366,
            22.535161197813256,
            22.536105187979633,
            22.526001159108816,
            22.516962271380372,
            22.521246733342476,
            22.51228830456884,
            22.510166771335186,
            22.505963777448628,
            22.503253761948333,
            22.493674598382096,
            22.4970120973,
            22.489554278816726,
            22.497800153061768,
            22.492814467487275,
            22.48575036078908,
            22.480728117964883,
            22.479433395547375,
            22.487479246718955,
            22.494428299126398,
            22.503383184240445,
            22.494431861171666,
            22.485915625568342,
            22.489448259825632,
            22.497851217407327,
            22.497694153872494,
            22.49792975164192,
            22.50256412885259,
            22.506295813997124,
            22.513407902875702,
            22.509911341491318,
            22.516434907754245,
            22.50865647462855,
            22.50873504493595,
            22.514432834116658,
            22.520800440341283,
            22.52693387926403,
            22.532439592840866,
            22.524891429415465,
            22.5173065076102,
            22.51868209561957,
            22.51400606760224,
            22.5043438054721,
            22.505482910323572,
            22.499356979800744,
            22.4960196281186,
            22.50446433339925,
            22.51420942075027,
            22.519436830337835,
            22.510086402688014,
            22.504783837968876,
            22.50993046637757,
            22.519953172968396,
            22.523176622395958,
            22.531592182243244,
            22.536194152440558,
            22.530531612292602,
            22.539343452968755,
            22.529591707523487,
            22.526996783783765,
            22.523655332262393,
            22.523655332262393,
            22.52196507775209,
            22.52526745442882,
            22.515561079087494,
            22.525035657284118,
            22.53451422239591,
            22.544351050922884,
            22.536484334013586,
            22.53443917319135,
            22.544000421829256,
            22.543213515229777,
            22.535189924859583,
            22.530707045652626,
            22.520644725344116,
            22.516086159252815,
            22.512707039857613,
            22.511606915208414,
            22.510742564744014,
            22.504340335022555,
            22.507875863881107,
            22.503948183995956,
            22.495938568959552,
            22.50320453654443,
            22.512909768915716,
            22.507881459976737
        ]
    ],
    "angle": 89981.5,
    "fluctuation": 25.900233999999955,
    "buy_difference": 1.043457485
}