{
    "id": 157,
    "name": "Novellus Systems Inc",
    "record": [
        [
            23.913826789248155,
            23.968376751110235,
            23.821232797908696,
            23.860939721642346,
            23.850794808311704,
            23.812130103022994,
            23.957759081257475,
            23.880222394447344,
            23.95447261600437,
            23.900007102331458,
            23.787476804866575,
            23.87131771013934,
            23.764452636262696,
            23.86504838388399,
            23.860086242460223,
            23.683858346978255,
            23.73157252935329,
            23.788465285697246,
            23.711181466353672,
            23.805460403726645,
            23.77108120264581,
            23.79967658618805,
            23.708953452173667,
            23.847653485374817,
            23.73584582394501,
            23.892891053691272,
            23.90033169887693,
            23.814494001320035,
            23.922813185078976,
            23.924486926145885,
            23.7902307162544,
            23.753425297739266,
            23.71307244568943,
            23.687904550058644,
            23.85026789657887,
            23.903975288160918,
            23.856164080928878,
            23.822598030417407,
            23.7009043293718,
            23.69879223713761,
            23.79559601377971,
            23.68628824888861,
            23.6484261279301,
            23.6601726971837,
            23.834592500064858,
            23.90124776307379,
            23.79219757657104,
            23.77427892578519,
            23.74584821769005,
            23.82430010958848,
            23.820148628645263,
            23.798925136585726,
            23.88122350658576,
            23.69846852284853,
            23.774718608485163,
            23.779531042573083,
            23.76404471938668,
            23.90925564656539,
            23.853608457265807,
            23.70417552324369,
            23.707394365197718,
            23.908801676020435,
            23.911240322843796,
            23.83737412003942,
            23.84109829520276,
            23.92408951716349,
            23.967676483530873,
            23.952947267857116,
            23.781208973011292,
            23.725864745926653,
            23.912332122536608,
            23.784181491822153,
            23.833698382308718,
            23.658040062061257,
            23.89816309750608,
            23.786988924445893,
            23.9320741630726,
            23.798295963413334,
            23.975422693971588,
            24.01076864811036,
            23.804329471852046,
            23.90912324395837,
            23.962516071692445,
            24.034220337357816,
            23.9944544959868,
            24.02454349758384,
            23.82740316867674,
            23.939125411643357,
            23.7995506421929,
            24.0021138001716,
            23.762368686735016,
            23.93051484779283,
            24.00515393547577,
            23.84949211401507,
            23.87412584253145,
            23.933709293924217,
            23.927523037364114,
            23.94256565704948,
            23.784766186333812,
            23.84031346072535
        ],
        [
            23.179574850967185,
            23.206955398615047,
            23.196388726340682,
            23.20246311691073,
            23.16938467659955,
            23.19683425506436,
            23.166630515383286,
            23.18868769480436,
            23.198121482427748,
            23.212544299097658,
            23.189110648496538,
            23.154558121217207,
            23.17364846422487,
            23.141538738952807,
            23.102105035554153,
            23.090417925317873,
            23.078978287667407,
            23.055759873830183,
            23.075333061625944,
            23.11377816285274,
            23.14755263507566,
            23.117413063168723,
            23.121852140080488,
            23.096979743076258,
            23.09702005498099,
            23.113115712466172,
            23.13645577220839,
            23.15265978565406,
            23.148983149302072,
            23.129848150414045,
            23.10130203790894,
            23.097915706613872,
            23.067921182437146,
            23.09436274371562,
            23.131828553054742,
            23.1054146645668,
            23.08909394714337,
            23.070410774455524,
            23.08616532045592,
            23.102656911904337,
            23.138922661702683,
            23.102069541307717,
            23.06282364502618,
            23.07659812572513,
            23.100466329893482,
            23.088981436077837,
            23.063983554724302,
            23.0282128550791,
            23.046675686195766,
            23.085880232954576,
            23.058835424446354,
            23.09588022076881,
            23.113347613042475,
            23.08610964432737,
            23.05625101666262,
            23.05170470864949,
            23.057419184512298,
            23.092120358516095,
            23.109665636146318,
            23.114869890658678,
            23.106400952575218,
            23.144655041324874,
            23.15625422845895,
            23.16098378289873,
            23.187815634154134,
            23.166386162351195,
            23.17160319022251,
            23.164285486128268,
            23.152768863246106,
            23.131371780599643,
            23.118097061972794,
            23.097738919116477,
            23.108830361032965,
            23.074518091724563,
            23.095196463331316,
            23.10277699026217,
            23.14179375968386,
            23.176378849074315,
            23.21146191896036,
            23.19708919167375,
            23.1938911945191,
            23.16344903586236,
            23.19202630030272,
            23.219746147606376,
            23.227570320739588,
            23.208087055728715,
            23.18146484961203,
            23.192515500368216,
            23.193891853616677,
            23.21877383362699,
            23.178602740407655,
            23.21429784485692,
            23.22171475019121,
            23.23323084674555,
            23.219938176027973,
            23.189583091413496,
            23.206756544607522,
            23.20048021078438,
            23.179483637450513,
            23.210311461033175
        ]
    ],
    "angle": 90067.6,
    "fluctuation": 105.869462,
    "buy_difference": 1.03033724
}