{
    "id": 158,
    "name": "Oglethorpe Power Corp.",
    "record": [
        [
            65.69523810306875,
            64.63838857593949,
            64.90399349556917,
            63.3406349714745,
            63.65137839028715,
            61.59361146031822,
            59.745301925091916,
            61.172354971228394,
            61.710673075971265,
            60.62695220553852,
            60.022034553914274,
            60.81896838568533,
            59.97833374357055,
            58.914940429587325,
            59.45691369021333,
            58.99841012466,
            58.660696728288684,
            59.11429400457893,
            60.169201201009756,
            61.27940735891458,
            59.550300118183216,
            58.980782227250664,
            60.542434324426836,
            62.015555857716556,
            61.68841260281079,
            63.09379265372931,
            64.26156830971395,
            65.46156969116154,
            65.54728376062434,
            64.35943420944076,
            64.4381844742394,
            64.1095482919245,
            65.67862284432634,
            64.06946548466544,
            65.56413491659501,
            66.88167719593002,
            65.4956908310772,
            63.4853999893748,
            63.74728272237907,
            64.3723099294084,
            62.887797974930024,
            61.61380302444458,
            62.530193826650304,
            61.06512847305971,
            60.6707535368808,
            60.15200592376258,
            61.37453334766956,
            61.883093128176114,
            62.88921167304169,
            63.32829357035855,
            62.383120962150755,
            62.60516039284851,
            62.01475275850808,
            63.580283631535536,
            64.96565372935385,
            65.81471675622915,
            65.3457818589827,
            66.08921051072227,
            66.08539439899988,
            66.9669691679411,
            68.79892864760066,
            67.59677460261842,
            67.55787750672994,
            66.56456076431927,
            65.68158138368359,
            65.76724409711937,
            66.451648392895,
            66.1125880886864,
            67.62248028403691,
            69.8862311175324,
            68.51578642622665,
            70.06695509265265,
            68.56661813549064,
            69.38505412295723,
            71.56241668548185,
            70.26411516537637,
            70.88967069214,
            69.29992544631618,
            68.91252761096138,
            68.39960026602637,
            66.03613635828385,
            64.92645158878409,
            66.79405390668052,
            67.12430808600575,
            67.71282044804619,
            66.39521350993343,
            68.07350562049908,
            70.40507844693212,
            68.62702993751674,
            66.63080545923467,
            67.56120163282358,
            69.73286654489355,
            70.85396583610857,
            68.96243799574692,
            66.69515722937817,
            68.5123186271236,
            69.33847454389189,
            68.81517045239463,
            69.14052947666904,
            67.55981322880679
        ],
        [
            63.40660411670093,
            62.57356362527676,
            63.00063274905873,
            61.25606480460824,
            61.433946624005685,
            59.70956786464769,
            57.96999406208569,
            59.07070589508802,
            59.667834787558974,
            58.54404109067454,
            58.040888009818616,
            59.04131899757659,
            58.40666019179767,
            57.210138704015534,
            57.66707599956679,
            57.05674462519361,
            56.92331778915661,
            57.01516569771954,
            58.55133426081332,
            59.30410731503925,
            57.77500105629647,
            57.25686032887916,
            58.64360609168788,
            60.293544450363264,
            59.51565116714893,
            60.85335371460739,
            62.32085727454835,
            63.345133566120175,
            63.72081159407274,
            62.191675890577194,
            62.24914922550984,
            61.96256578897599,
            63.72062771600383,
            61.868282728043006,
            63.27376539421182,
            64.51315355095853,
            63.46054313344094,
            61.69162377095869,
            61.76028728375054,
            62.490801571169094,
            61.013002238763335,
            59.485130761598136,
            60.46022654605259,
            59.10263874348029,
            58.71507303524952,
            57.99870888160004,
            59.610507600825606,
            59.888333683861006,
            60.886346029297684,
            61.08560817421214,
            60.547621108519394,
            60.95240167983886,
            60.32302806417673,
            61.567712756976896,
            62.90294381468965,
            63.77603356890778,
            63.151099424553244,
            64.04202457766422,
            64.01911901772569,
            64.99659865408898,
            66.85501899150293,
            65.51599472427252,
            65.41939983958083,
            64.52846430182439,
            63.78097565507363,
            63.43818658481587,
            64.26469330724896,
            63.955942034401026,
            65.55402386653041,
            67.687581122661,
            66.11572083827829,
            67.80839442058058,
            66.13184104041652,
            67.22233000102521,
            69.1313635158908,
            67.9991991723721,
            68.35879364086219,
            67.23397292568227,
            67.01245337116872,
            66.12873616667527,
            64.2798828571277,
            62.670842660850575,
            64.63453727282952,
            64.84402229512362,
            65.62190425940902,
            64.10773786026161,
            65.91211899681754,
            67.97945325428934,
            66.32214455936086,
            64.55393094999123,
            65.40954467925981,
            67.3438224659251,
            68.3583794198456,
            66.54672647979096,
            64.88226758090492,
            66.49647926428813,
            67.46050810552151,
            66.43108155783327,
            67.1196530432134,
            65.19323479022654
        ]
    ],
    "angle": 89237.2,
    "fluctuation": 1812.7871049999999,
    "buy_difference": 1.032069497
}