{
    "id": 159,
    "name": "The Black & Decker Corporation",
    "record": [
        [
            5.470676796236851,
            5.464580362296313,
            5.466691736459164,
            5.478792972084699,
            5.465639008344032,
            5.4438116340284335,
            5.456149889682388,
            5.429275426258883,
            5.424184876565377,
            5.469383211611,
            5.464381115026834,
            5.425291108690416,
            5.44097115333533,
            5.450473845428745,
            5.479809085402256,
            5.448087632824439,
            5.48512894572903,
            5.447741170144153,
            5.446131386824874,
            5.473617728048545,
            5.4495868749990946,
            5.4114208957528795,
            5.4516309939004,
            5.442524402084019,
            5.4157010768008575,
            5.456305115350876,
            5.4065854872108945,
            5.436603474407906,
            5.463858067433036,
            5.420166936690848,
            5.4831587531887465,
            5.456288315555795,
            5.464950091074404,
            5.481029754955765,
            5.458699417622685,
            5.431201887852306,
            5.421899150135997,
            5.463612101119641,
            5.467170111343605,
            5.4367356356434335,
            5.473866555229253,
            5.445577684772029,
            5.454562181063904,
            5.453585255004214,
            5.503416038452046,
            5.459255527041654,
            5.480377200267198,
            5.4430728367646815,
            5.435300190142375,
            5.443774511280949,
            5.457089465728371,
            5.455083355132346,
            5.448029341928002,
            5.4351677222533885,
            5.438694328846506,
            5.468881786212554,
            5.46963694888199,
            5.472575414479417,
            5.493790656562752,
            5.518747361307281,
            5.544413521016093,
            5.5331398436010435,
            5.5311278117307765,
            5.527964405264233,
            5.527404386358974,
            5.513495550799978,
            5.517382144733141,
            5.513914069202195,
            5.502142322472493,
            5.520173851628,
            5.505989166754678,
            5.527524086541975,
            5.531233753505047,
            5.582201734404453,
            5.554434932516816,
            5.590159655131741,
            5.574349693854229,
            5.580029784972108,
            5.590606693400476,
            5.589107643027455,
            5.536762088496455,
            5.586463109977175,
            5.532955095789237,
            5.532819115581386,
            5.563497154072997,
            5.5746437705323295,
            5.5724556620648364,
            5.567556230680703,
            5.545635777131317,
            5.51092599964895,
            5.504596944711292,
            5.533402962109582,
            5.511557242992116,
            5.524204858821151,
            5.518280239489835,
            5.530682032405863,
            5.505498477244734,
            5.518818009934366,
            5.538868076261949,
            5.569796119901872
        ],
        [
            5.40283007999192,
            5.385525601971114,
            5.404286327467855,
            5.39630899982359,
            5.404864971176248,
            5.403252363496776,
            5.3857966156386885,
            5.385044721555066,
            5.384311724610453,
            5.395093282605485,
            5.410106707148566,
            5.3940645613900715,
            5.389624613890197,
            5.4060704434596625,
            5.412929213146631,
            5.415641959513975,
            5.407930610006819,
            5.394711194891202,
            5.398517759725012,
            5.406273925502083,
            5.395999117253699,
            5.38297756541744,
            5.370090286251597,
            5.378783337020963,
            5.382907718043595,
            5.382729219983125,
            5.369534013728454,
            5.375078350097711,
            5.392867620800371,
            5.3884286585229235,
            5.4016840154933385,
            5.399394051509372,
            5.413377261976602,
            5.4038891117160155,
            5.406644533055472,
            5.401026298831348,
            5.386904627824391,
            5.386716595943488,
            5.392372886053788,
            5.404900337958882,
            5.404362691599008,
            5.410973441114424,
            5.404709931617236,
            5.403201073254836,
            5.420561362582755,
            5.43056076990992,
            5.414571039147447,
            5.403602717051319,
            5.40618806537198,
            5.396721918314027,
            5.392101121897075,
            5.401981908809815,
            5.390682289982353,
            5.405513148521483,
            5.399255959623516,
            5.411856206479832,
            5.416393833436004,
            5.435071710278331,
            5.452859015928645,
            5.466119851552664,
            5.471830838077159,
            5.482020678778433,
            5.476190449097857,
            5.46322269483896,
            5.4653975681424365,
            5.456550262083506,
            5.470241179159913,
            5.4569644578829335,
            5.46388779763554,
            5.458248146067843,
            5.4644187195205385,
            5.480296467386103,
            5.497740816897822,
            5.516824814126148,
            5.504220864020348,
            5.508739708854638,
            5.506865506666982,
            5.5069808446040724,
            5.51796943576788,
            5.507703019169442,
            5.500474117053036,
            5.513879688815852,
            5.493935182994363,
            5.503184667659456,
            5.517620116814699,
            5.519826283125595,
            5.512696775147232,
            5.494122814359646,
            5.476859428064676,
            5.469318279121108,
            5.4521043752137075,
            5.468051625414105,
            5.472139318138159,
            5.465509635642274,
            5.4815632613753245,
            5.476296836662117,
            5.472161373859312,
            5.4870531464133725,
            5.503671013325122,
            5.5045644901216395
        ]
    ],
    "angle": 89815.9,
    "fluctuation": 208.650122,
    "buy_difference": 1.010234087
}