{
    "id": 16,
    "name": "Kennametal Inc.",
    "record": [
        [
            21.152347099339927,
            21.103947795707285,
            21.262824441502893,
            21.181490242744882,
            21.0709496166092,
            20.96313294439709,
            21.421164406693354,
            20.62336826663543,
            20.2275564934269,
            19.671540883598013,
            19.716299322562445,
            19.418828905357152,
            20.112209134802765,
            20.473181920572873,
            20.66384074629954,
            20.239679307593864,
            19.776117456617225,
            20.222923623300282,
            19.64463695556165,
            20.227485389148534,
            20.167890446769043,
            19.658872411655,
            19.93703332328357,
            19.523777067473308,
            19.78608977879308,
            20.076254484993317,
            20.661658590650823,
            20.370654022042086,
            19.651875593919822,
            19.862616699659963,
            19.579976809228246,
            18.986955093639544,
            18.643665697232457,
            18.54800574728872,
            18.97742549914057,
            19.253671756627757,
            19.432330182501307,
            19.276354464044758,
            18.929862853050924,
            18.465682210182308,
            18.934543143146744,
            19.163029072546617,
            19.22610789750456,
            19.89756966388166,
            20.162547823907286,
            20.65757329380162,
            20.898340962473657,
            21.111209377894145,
            21.179335986155444,
            20.871392604321134,
            20.89481210761537,
            20.36679903815449,
            20.130013164990206,
            19.508270621401852,
            19.8045395991547,
            19.619032062965086,
            20.244218086965503,
            20.51363742082291,
            21.08499453337182,
            20.469472185596693,
            20.94880687130556,
            21.687542494438315,
            22.036129632192186,
            21.610208629981848,
            21.89724991243778,
            21.88175598550434,
            21.47068881243505,
            21.323773483391406,
            20.899203841677892,
            20.709717276209403,
            20.85945193727471,
            20.686504048978204,
            20.782110855431114,
            20.18222946261679,
            19.942159142483128,
            20.151533047976518,
            20.13801495063246,
            19.907595130243468,
            19.83067526272342,
            20.484278557979053,
            20.69872192887433,
            21.217855104286368,
            21.514401448162157,
            21.251362017853566,
            20.85499150086651,
            20.96101933905599,
            20.760172286946418,
            21.27281972861744,
            21.337570882521767,
            21.223566696358386,
            21.554832729063563,
            20.911169446425113,
            20.563912559650646,
            19.91492249133317,
            19.706332115973144,
            19.274398420303232,
            19.33329464608812,
            19.61969802825548,
            20.36397357206168,
            19.869458772401817
        ],
        [
            20.752537358805586,
            20.814877511456814,
            21.05163822570766,
            20.960583129219984,
            20.701530713020716,
            20.729932441758834,
            21.05820136090344,
            20.400088319008916,
            19.898712460964273,
            19.388508100463216,
            19.424851840264978,
            19.20666216544279,
            19.834738080097765,
            20.12026058992421,
            20.378759299119768,
            19.861074719209114,
            19.491580032911184,
            20.010004404926498,
            19.3736165967924,
            20.03060698268414,
            19.955550651091496,
            19.352796223590875,
            19.599217591064413,
            19.30465136247227,
            19.579735649273093,
            19.761705923297264,
            20.35827196934973,
            20.00354193971863,
            19.425465236761166,
            19.537755312202194,
            19.261660628449633,
            18.78139185663168,
            18.298560272581874,
            18.204671045637763,
            18.76819785515762,
            18.917999582005713,
            19.11641432684986,
            18.995208174475252,
            18.696768423032264,
            18.13651508784138,
            18.74648183806407,
            18.92137460300001,
            18.958964403915605,
            19.585820680838072,
            19.970314795469953,
            20.277208673822198,
            20.4931316399088,
            20.85543504087507,
            20.956347077734097,
            20.50138475745062,
            20.656153640265117,
            20.168564662389546,
            19.784980428518313,
            19.23528184184382,
            19.43020535618139,
            19.373568234136734,
            20.00295805983456,
            20.297657391080204,
            20.717394729221507,
            20.072578433481166,
            20.678417601080703,
            21.33709300970333,
            21.745172124299387,
            21.292893921044175,
            21.664527216979803,
            21.49812190864319,
            21.2020579510058,
            21.105620964051283,
            20.498057003601975,
            20.421959283073196,
            20.540838967316258,
            20.399068599679424,
            20.405550421108064,
            19.840259094549708,
            19.57106871051491,
            19.911377592774464,
            19.822498745014034,
            19.70788940047348,
            19.574717878358086,
            20.1512609359404,
            20.301423212766206,
            20.827174104212567,
            21.16463688166435,
            21.014955164094832,
            20.503667017319934,
            20.74032900084755,
            20.475810850774888,
            20.97094246306878,
            21.12988777845063,
            21.00432983708016,
            21.293683642237387,
            20.71179893700536,
            20.17522507706384,
            19.540447144064036,
            19.50864538331846,
            18.927042634281193,
            19.110554677836507,
            19.32581450820342,
            19.977076465271026,
            19.501663183348487
        ]
    ],
    "angle": 90171.59999999999,
    "fluctuation": 1888.6836739999999,
    "buy_difference": 1.014699436
}