{
    "id": 160,
    "name": "On Semiconductor Corp",
    "record": [
        [
            5.438714403839429,
            5.465043754486366,
            5.522711813415409,
            5.5121519420042375,
            5.545860640982636,
            5.547200039182014,
            5.539143349103266,
            5.5508348258719415,
            5.58808624792165,
            5.538134372601769,
            5.466577350495108,
            5.544346903361826,
            5.544541677283769,
            5.520536911805747,
            5.516382845526443,
            5.545714468819951,
            5.567315968367587,
            5.530701882286912,
            5.592951109648753,
            5.574395649100567,
            5.590696521265742,
            5.5514976816045065,
            5.62295022306558,
            5.6169947853605215,
            5.583433509360086,
            5.565029969289305,
            5.595405118241351,
            5.587979524365044,
            5.588723772642935,
            5.547238684854139,
            5.539641979153038,
            5.528476464105134,
            5.55494436528602,
            5.530080339279332,
            5.501437197488208,
            5.480969181645226,
            5.504687479821641,
            5.501156927491306,
            5.478972785158588,
            5.480293093775452,
            5.445591399356695,
            5.415777444872365,
            5.453282881858894,
            5.4758697417312625,
            5.504600234615072,
            5.492012156721063,
            5.48895079827402,
            5.531170063065199,
            5.539241950538639,
            5.5293470363634265,
            5.4850339456781585,
            5.454376401575062,
            5.496213773138627,
            5.538620791102808,
            5.593945693466646,
            5.604117459704933,
            5.622035911222037,
            5.645510121472852,
            5.67823565208699,
            5.70603623229788,
            5.65465811581897,
            5.694255514138104,
            5.750641850430464,
            5.734904155454732,
            5.7758098624080185,
            5.731943477918876,
            5.694266528499216,
            5.725578060907421,
            5.735171314081606,
            5.750079698401289,
            5.792623228996625,
            5.82924766746469,
            5.829219011468717,
            5.780914326555028,
            5.751939501022626,
            5.685904092519452,
            5.714805744892671,
            5.726680782843568,
            5.702385266986688,
            5.757147969585976,
            5.791813660661536,
            5.749522818562586,
            5.7264209378656,
            5.679705699550032,
            5.748769810835777,
            5.822219078335808,
            5.803477848268154,
            5.789053832291121,
            5.807442202279324,
            5.724195886274524,
            5.805967359899991,
            5.736426603065505,
            5.783861265166977,
            5.816535324747649,
            5.843055508102188,
            5.795662998857352,
            5.792057127520266,
            5.832056138941912,
            5.820203017362937,
            5.8864601684765585
        ],
        [
            5.258251106089686,
            5.28582602076504,
            5.330378843445675,
            5.336740556241326,
            5.374231325300514,
            5.348662373161517,
            5.333962658020982,
            5.3329760313254395,
            5.373046724181111,
            5.33086232988268,
            5.296869502427042,
            5.329396828450602,
            5.3232184685140185,
            5.302810910932294,
            5.3280021276497065,
            5.337093549092981,
            5.358951765625421,
            5.339159124521985,
            5.379333029575484,
            5.366837598064868,
            5.393297660276763,
            5.35977111683099,
            5.400109610134391,
            5.4224634773207745,
            5.398709367478459,
            5.358355461050864,
            5.370982406173552,
            5.400939407496389,
            5.383856413567226,
            5.357804261075182,
            5.3692839335107525,
            5.330608926233805,
            5.341712667660536,
            5.310920210970055,
            5.2897320837247355,
            5.296980141383102,
            5.3140456692594125,
            5.28788129480215,
            5.3051497338843765,
            5.278873305457347,
            5.246494850731895,
            5.238175324264947,
            5.2781555395286235,
            5.288872518762343,
            5.327824881022904,
            5.312442718097195,
            5.306820594573062,
            5.315671417849294,
            5.345798404200673,
            5.319219028141141,
            5.291365867068587,
            5.285047327400212,
            5.3191740112272035,
            5.360752897517508,
            5.405081103890329,
            5.422513894705311,
            5.411623741859736,
            5.428801973199341,
            5.458094813129095,
            5.4924802392276195,
            5.466481629193334,
            5.497048463783555,
            5.541499307992246,
            5.5379520514906515,
            5.5757783703989,
            5.53121693603853,
            5.502014874697998,
            5.536706164776167,
            5.524383866716348,
            5.567096816442303,
            5.607723643425288,
            5.631874590626717,
            5.602666350985579,
            5.573454761298904,
            5.552734702432519,
            5.511048115805378,
            5.496533529154971,
            5.5030166163707745,
            5.5054476474543526,
            5.538915397761152,
            5.558960132019914,
            5.52276577840237,
            5.53031381090004,
            5.4967554384649215,
            5.543017839990909,
            5.590368155309025,
            5.624441023409839,
            5.588004418919172,
            5.5761797202416306,
            5.542593013973575,
            5.583099911533408,
            5.546084844844527,
            5.5919455659528055,
            5.62579096370652,
            5.635055555246668,
            5.5910270880547035,
            5.5920225999528395,
            5.613783683302126,
            5.627081453681483,
            5.652613726221048
        ]
    ],
    "angle": 90298.90000000001,
    "fluctuation": 487.20394699999997,
    "buy_difference": 1.036704443
}