{
    "id": 161,
    "name": "The AES Corporation",
    "record": [
        [
            15.338622544872443,
            15.32864686319235,
            15.390250762059976,
            15.334060047616152,
            15.30518819895549,
            15.200750064123289,
            15.205851360910385,
            15.121828994144334,
            15.185734652711194,
            15.04101694570573,
            14.926253458128341,
            14.966827865898644,
            14.993676998010034,
            15.027002153969612,
            15.092514258492544,
            15.004130007386207,
            15.091259652899756,
            15.15357636213346,
            15.25115080402719,
            15.352919009208794,
            15.287400926655566,
            15.225023725173576,
            15.276420016351612,
            15.31708951664709,
            15.322225556778548,
            15.418493968727248,
            15.488950725671678,
            15.313586861845232,
            15.430378556191933,
            15.289777254547616,
            15.299227768903341,
            15.362429114504542,
            15.434490956633653,
            15.436111743072361,
            15.493930580617508,
            15.552658682881743,
            15.424413383588627,
            15.471295108875637,
            15.522959748399327,
            15.627501613078456,
            15.492509238142167,
            15.621987406074973,
            15.564070349847778,
            15.538218879925294,
            15.331016342337355,
            15.475279083066448,
            15.480194931752202,
            15.546236510153555,
            15.515871276911225,
            15.626309626003064,
            15.562787134666458,
            15.600901989919272,
            15.628369562801405,
            15.685562292288031,
            15.628927442361165,
            15.49331971689046,
            15.466116409862744,
            15.482166625602895,
            15.487420268172444,
            15.421381360979035,
            15.350453695769628,
            15.312190248709301,
            15.392227450478138,
            15.526536843614423,
            15.350094513010907,
            15.43174663249803,
            15.452905179073193,
            15.515425700729965,
            15.460339146978676,
            15.389969760493162,
            15.33647936930979,
            15.387753821222688,
            15.326772145165592,
            15.374449667488099,
            15.377644697571492,
            15.263848112352361,
            15.381038175384816,
            15.48262834542127,
            15.470764710857804,
            15.674879111017354,
            15.604830466137273,
            15.596767585601382,
            15.682782161379404,
            15.63338941179497,
            15.561348137577378,
            15.804923719528796,
            15.626217957534106,
            15.568793292625593,
            15.679606634946646,
            15.77341373102476,
            15.895111968783313,
            15.708143877050379,
            15.71906535611176,
            15.732845321389856,
            15.6384660818548,
            15.884445911306921,
            15.95722195057056,
            15.835019468355709,
            15.827000843558197,
            15.838852769197132
        ],
        [
            15.165483022389328,
            15.184484898134627,
            15.152854643434392,
            15.229539235921413,
            15.15213370478945,
            15.051755748683233,
            15.059825044723521,
            14.961614966658814,
            14.950003725751278,
            14.868261600062517,
            14.782912203815869,
            14.843924277552139,
            14.803695615162,
            14.891648069103741,
            14.985121756512306,
            14.879426785202725,
            14.96583227359834,
            14.928755202661394,
            15.035374248788585,
            15.114592849009812,
            15.117864669762312,
            15.07579148479586,
            15.17076739337302,
            15.156324179893677,
            15.21319851792569,
            15.268895326194759,
            15.266763683862429,
            15.160448379616874,
            15.219657857311311,
            15.150536943833814,
            15.167505679043945,
            15.210325976806944,
            15.19187166800728,
            15.263398884066513,
            15.31903796987187,
            15.312757406241959,
            15.297752225327951,
            15.301250674669161,
            15.332399392372194,
            15.394114560095236,
            15.294679175735052,
            15.388682704356462,
            15.379153906016139,
            15.283313365091152,
            15.1868320929402,
            15.242645976734362,
            15.282522115660978,
            15.338526460712924,
            15.281104881561669,
            15.371488934707292,
            15.439638314712681,
            15.417089504820076,
            15.381170650412297,
            15.42823959896799,
            15.472635500507646,
            15.370720594780028,
            15.271674651709208,
            15.35194972987605,
            15.349458273044055,
            15.280942563435394,
            15.192380606048898,
            15.200180225546493,
            15.265830594493737,
            15.322149531993446,
            15.233216594028482,
            15.303489377459298,
            15.315250644481917,
            15.298962594125125,
            15.238562534651956,
            15.205601394577704,
            15.166398835760114,
            15.183677168407536,
            15.094866956945905,
            15.117716698737741,
            15.204064700276195,
            15.155236464845753,
            15.230276716638931,
            15.30786331220739,
            15.326802531680599,
            15.42848109051219,
            15.473581873431666,
            15.406841076327687,
            15.434722587541595,
            15.489466767953182,
            15.44751550246618,
            15.55338320618711,
            15.469953110991291,
            15.459565029811216,
            15.547729117310041,
            15.656457094417263,
            15.635907875363268,
            15.566654482317183,
            15.532307419359197,
            15.482451959251836,
            15.516276114683532,
            15.62541575096542,
            15.69075745571182,
            15.67666657106798,
            15.67343864439924,
            15.669473127918614
        ]
    ],
    "angle": 90071.70000000001,
    "fluctuation": 407.929387,
    "buy_difference": 1.011922645
}