{
    "id": 162,
    "name": "Walgreen Co",
    "record": [
        [
            23.427777517679978,
            23.55497543065604,
            23.48909729796402,
            23.653746122348792,
            23.64298578533212,
            23.893612380676217,
            23.66087359716252,
            23.780062369225927,
            23.65373465772423,
            23.59490978342548,
            23.65401687060136,
            23.651185334352604,
            23.65102657587758,
            23.464543493241013,
            23.51128224619618,
            23.793350316106835,
            23.87693450147454,
            23.77263541161991,
            23.772150874160737,
            23.884516159791374,
            23.93950093435809,
            24.029761260798896,
            24.0669606911723,
            24.029536946940908,
            24.058094734541935,
            23.856504432923217,
            23.971165421008433,
            23.993185056163128,
            23.96250733871102,
            23.88475780097351,
            23.99352324463438,
            24.039287668852385,
            24.00541247593295,
            24.091364462047174,
            24.237171808487723,
            24.25419735767179,
            24.16590728772533,
            24.31242219933219,
            24.30960408715814,
            24.381140331338106,
            24.333757745884142,
            24.244242450096344,
            24.30456590071967,
            24.27339028298337,
            24.436146399838,
            24.235800864443032,
            24.300929494199966,
            24.25015553098345,
            24.33163380010449,
            24.437134505256203,
            24.38744580139602,
            24.466045851812243,
            24.337709397669048,
            24.41942554642264,
            24.531358032940584,
            24.335849514350883,
            24.556505135917188,
            24.550623095236155,
            24.652542760806575,
            24.433384779500045,
            24.61060357131976,
            24.62682012489099,
            24.613261625020353,
            24.544819413411847,
            24.684934224975443,
            24.722377267504598,
            24.656541440901943,
            24.580106792304125,
            24.542732347000193,
            24.490742249173906,
            24.591393060116218,
            24.70835986398553,
            24.648754902190273,
            24.574542929448985,
            24.840894143393978,
            24.737734797331072,
            24.663272281602293,
            24.65454454916223,
            24.68414183805143,
            24.64292222589778,
            24.444894275946766,
            24.594324708120507,
            24.679914326896746,
            24.562721052363887,
            24.84378141884616,
            24.638084198279966,
            24.54684395429629,
            24.67917196379277,
            24.659813684620435,
            24.588341505383852,
            24.53878447075428,
            24.282076262583793,
            24.21468224297385,
            24.28067977784169,
            24.441702724893283,
            24.33263215547102,
            24.456906216630582,
            24.401025260491096,
            24.297242187887775,
            24.424776755252818
        ],
        [
            22.747969539179742,
            22.796151305640883,
            22.892321838718768,
            22.923769315625076,
            22.975337265597755,
            23.068624866515208,
            23.025022815829534,
            23.000214479311772,
            22.974271293802556,
            22.988514790090907,
            22.992969253566,
            22.96719440064447,
            22.923424664796272,
            22.820228563465395,
            22.865683912959643,
            22.964965295159857,
            23.0686001134021,
            23.110589437174728,
            23.10317007181087,
            23.158990124642997,
            23.256487566826355,
            23.27887430783164,
            23.30559839627403,
            23.379086646315724,
            23.283062608517675,
            23.201426613795036,
            23.280251970408255,
            23.204033594347244,
            23.288169645389804,
            23.235895212755075,
            23.306633710668713,
            23.197722296494625,
            23.297179408740124,
            23.394643573019916,
            23.472768851941815,
            23.564566151969014,
            23.495264469167882,
            23.498709559910576,
            23.566452584410126,
            23.612196829988292,
            23.59222637401025,
            23.50778921896051,
            23.53333688196439,
            23.635310021358016,
            23.663104853787072,
            23.579767250770924,
            23.532165557395448,
            23.45255214311551,
            23.561898527487916,
            23.63338125731213,
            23.62538184787942,
            23.628351074037628,
            23.688423985954955,
            23.72034322898756,
            23.715045237074555,
            23.69374824311475,
            23.80342616924135,
            23.76683997605579,
            23.787141490190745,
            23.812618292063938,
            23.832043043701308,
            23.857276152974006,
            23.858442096406677,
            23.768339978544383,
            23.820766111974944,
            23.88304159546261,
            23.900394642025596,
            23.79300713795135,
            23.837732154784185,
            23.863721781899375,
            23.904149034253795,
            23.850491926485816,
            23.883297395404206,
            23.942971122958276,
            23.985587377263037,
            23.90502208840663,
            23.911699494494666,
            23.917585407099434,
            23.88894158886621,
            23.90391914303122,
            23.823835372631898,
            23.885450131068175,
            23.94219684636226,
            23.924241905978715,
            24.007499006786098,
            23.92315653600763,
            23.91117919980297,
            23.824688982449036,
            23.913127961843944,
            23.815241631296356,
            23.712768755986435,
            23.627160569075876,
            23.563948678099415,
            23.618691968297775,
            23.65903502010609,
            23.633667178622172,
            23.695038886435416,
            23.70484422981324,
            23.6751757762156,
            23.58379749341892
        ]
    ],
    "angle": 90121.09999999999,
    "fluctuation": 269.0651200000001,
    "buy_difference": 1.031224929
}