{
    "id": 163,
    "name": "Ames Department Stores, Inc.",
    "record": [
        [
            15.899319063904347,
            15.99782095730931,
            15.987356292584849,
            16.110971291314694,
            16.03725805704705,
            15.901178322258444,
            15.948758858655221,
            15.846593186962096,
            15.668006840593865,
            15.522027936779184,
            15.432705997608393,
            15.282636459632403,
            15.470523680316376,
            15.321204078877997,
            15.289536802794887,
            15.26986563230434,
            15.208435551005936,
            15.20461160600625,
            14.95588154590929,
            14.949794208529099,
            14.989882809638214,
            15.055522520345189,
            15.109687366030203,
            15.166907738573736,
            15.09884234820124,
            15.082151783594442,
            14.934841433651226,
            15.133264328895866,
            15.142509533152083,
            15.034163855999724,
            15.130849464194387,
            15.29912582814298,
            15.36659333957032,
            15.332260513269167,
            15.375206977850342,
            15.429232111869267,
            15.571747466491958,
            15.372572900891669,
            15.108513121572376,
            15.262884052051835,
            15.295856586163142,
            15.091499689759848,
            15.12739281037231,
            15.244665127782294,
            15.171764853014158,
            15.336212254722168,
            15.282380073906996,
            15.319444899345207,
            15.085650074581729,
            14.963635985001455,
            14.902465327288729,
            14.737549178851669,
            14.824084625506702,
            14.89500738779505,
            14.974913268235488,
            14.958086288089394,
            15.019807712967951,
            15.0934506860896,
            15.118623849996386,
            15.215823721241991,
            15.15907641139749,
            15.051590800440572,
            14.884321559976803,
            14.758493154770383,
            14.771303537313566,
            14.81699014173535,
            14.755470024468936,
            14.952220827951448,
            14.952717485550057,
            15.18210924299979,
            14.974005228307995,
            14.935913178949436,
            15.015337618002652,
            14.954804847797478,
            14.967674584258353,
            14.833852137936972,
            14.939904486657804,
            14.97802504589714,
            14.904608757240329,
            14.903597847358,
            14.75158828926465,
            14.753183112186772,
            14.92658323225746,
            14.923147333469249,
            14.978673846972628,
            14.732936858050218,
            14.673892750446415,
            14.660595107467914,
            14.598522467762708,
            14.844431139480564,
            14.61839468049022,
            14.68031865733841,
            14.75518109980084,
            14.88814631527489,
            14.89139476943898,
            14.658744383359208,
            14.65492336023295,
            14.732475977575424,
            14.603786630770573,
            14.84541094431561
        ],
        [
            15.489159284051816,
            15.600713009402224,
            15.556267196863237,
            15.71734473776955,
            15.611057216739614,
            15.546911489434587,
            15.576244816191556,
            15.40545829851115,
            15.233362795735998,
            15.083910325525204,
            15.024071988521243,
            14.9256809913396,
            15.038357817788395,
            14.897666693762682,
            14.918966186148054,
            14.88635930628865,
            14.819061043444254,
            14.750452474999129,
            14.640298235501108,
            14.629931413185131,
            14.569690504075753,
            14.646635385703272,
            14.693462949890945,
            14.766786562010715,
            14.718159202511064,
            14.766870179587995,
            14.593320672297644,
            14.76648126891374,
            14.799207205111001,
            14.669782681949446,
            14.817526771389263,
            14.9387914730398,
            14.947766010505536,
            14.97714741178186,
            14.99955676885288,
            15.080941550307722,
            15.106622050539166,
            14.967026031224748,
            14.792680452635626,
            14.833559835955029,
            14.844882158348348,
            14.783447811478185,
            14.803730151000627,
            14.85436305120346,
            14.826312619865242,
            15.003562591086094,
            14.970431892270964,
            14.864814773030293,
            14.72002103540546,
            14.65230372277679,
            14.564605144390448,
            14.42802192186323,
            14.420043753705711,
            14.523821061491223,
            14.568215369209685,
            14.595548996664022,
            14.638189316117387,
            14.766066635162069,
            14.790693781292942,
            14.852987416934013,
            14.772442424150471,
            14.664765879359896,
            14.555629744014148,
            14.432580018832901,
            14.352944525734584,
            14.388730617075453,
            14.394961355770512,
            14.502713592091695,
            14.597617163241626,
            14.741827832530388,
            14.574605473507505,
            14.619282978319026,
            14.648479810982824,
            14.620155974361532,
            14.64448856363107,
            14.512098901730123,
            14.583647748280539,
            14.619395149517311,
            14.491142034690354,
            14.461308677194879,
            14.40559302965897,
            14.313932769771107,
            14.47784673707276,
            14.519304502532227,
            14.571873815838003,
            14.401808287475138,
            14.332591797731542,
            14.288103467847478,
            14.257545802013468,
            14.411071096138329,
            14.294141204995846,
            14.307325888167872,
            14.406214843862553,
            14.512775393313468,
            14.460984707444036,
            14.29058651361528,
            14.279720168056654,
            14.430302309266452,
            14.304252473434197,
            14.462439166702538
        ]
    ],
    "angle": 90409.7,
    "fluctuation": 687.707774,
    "buy_difference": 1.025967458
}