{
    "id": 164,
    "name": "H&R Block Inc.",
    "record": [
        [
            28.640301938099704,
            28.69255960484754,
            29.015873564329603,
            28.833031451719293,
            28.95020550771564,
            28.907080697103908,
            29.37349161542351,
            29.082918216216914,
            29.383207166739,
            29.118744937597764,
            29.21411101004772,
            29.416503667785122,
            29.145461161340403,
            29.15902344133182,
            28.91426195777664,
            29.2617889382576,
            29.01766622644563,
            29.23061950333596,
            28.969360234518266,
            28.878475111928367,
            28.690449116924437,
            28.694079578858574,
            28.712014384295937,
            29.017504422784988,
            28.858730340686964,
            28.778981514985155,
            28.821925956337008,
            28.518746503356844,
            28.602040232756007,
            28.72059629591777,
            28.8743504821032,
            28.721481737648798,
            28.817796184874588,
            28.935578149866704,
            28.591917864574384,
            28.58631260858539,
            28.5502637111481,
            28.561167923004906,
            28.952878452238185,
            28.853482905816755,
            28.526835212886652,
            28.591354312961457,
            28.77768738555871,
            28.64995724623412,
            28.733123526913793,
            28.395389112768846,
            28.515248994768516,
            28.16024213471988,
            28.20444110727778,
            28.13898922181019,
            27.878880236296393,
            27.89289050564587,
            28.044770718988705,
            27.893810605957604,
            27.9865040717987,
            28.03049232429468,
            27.951463051570954,
            27.798178419974768,
            28.00041081885059,
            28.241019981981694,
            28.103134678722927,
            28.144771533324075,
            28.37030163050271,
            28.701268637848337,
            28.425755378218074,
            28.64122540138101,
            28.83469265808238,
            28.82293179730084,
            28.90370090113622,
            29.07925027882754,
            28.961382709520297,
            28.64437700302681,
            28.87895218990052,
            29.214528662235768,
            28.784836081038726,
            28.9168061297148,
            28.924719332228943,
            29.13070291451179,
            28.90305326907796,
            28.968318688573266,
            28.78916191216155,
            28.93800430224086,
            28.953417003525082,
            28.66114230810389,
            28.90846663518355,
            28.978662096559198,
            29.184187220854387,
            29.244924995890006,
            28.941130961900363,
            28.974905165316663,
            28.807120246184454,
            28.794297400674353,
            28.82801026125382,
            29.188755512308557,
            29.113442484786987,
            29.426880223687075,
            29.214157223661125,
            29.439255702281457,
            29.494818750277556,
            29.576694977083097
        ],
        [
            27.72986924383598,
            27.852955892407945,
            27.92855856646328,
            27.8579119968738,
            27.94321077482785,
            28.09221273436054,
            28.315041018055126,
            28.149961965315857,
            28.299023657438944,
            28.17618061942251,
            28.325132657563504,
            28.512792139296124,
            28.286926785931,
            28.139149215745313,
            28.085082707956886,
            28.16525872673641,
            28.117754401733826,
            28.199800586733506,
            28.020418798093143,
            27.9688703060874,
            27.82019438190453,
            27.885215950800724,
            27.866247998932845,
            28.064179522356234,
            27.866040508672654,
            27.950874849262295,
            27.925286972225845,
            27.70647418450209,
            27.659599077685073,
            27.824322467967406,
            27.906196297201408,
            27.76122713058486,
            27.85710522757216,
            27.851272070832753,
            27.78314266121584,
            27.56172105146306,
            27.5929761243977,
            27.764419629003633,
            27.954159418109832,
            27.927886752187362,
            27.714332511015396,
            27.757497855533362,
            27.757304072994344,
            27.68656050197817,
            27.75306613932869,
            27.592173088125076,
            27.523383650770775,
            27.30880765924586,
            27.28328424661853,
            27.106112959164385,
            27.00346420580649,
            27.057677960780087,
            27.134256086115155,
            27.061284509057632,
            26.9404436572237,
            27.028516726226822,
            27.03856845254363,
            26.922600447577274,
            27.132046678328926,
            27.19898097049703,
            27.22340306129594,
            27.285597799146828,
            27.482206703526835,
            27.645000004756092,
            27.53868254996912,
            27.711345992036087,
            27.792887384902283,
            27.82314059608645,
            27.889974311249574,
            28.073369801553028,
            27.96516181562038,
            27.792236888081312,
            28.014213444136548,
            28.144976404835184,
            27.973414098271448,
            28.056561534532015,
            28.047358582126733,
            28.044666487407813,
            27.970268966328266,
            28.07837595929928,
            27.885162410436095,
            28.06305392374375,
            27.96305323531865,
            27.7500471294064,
            27.886227060728842,
            28.043437680415003,
            28.242329920357857,
            28.219230805759192,
            28.03797498403781,
            27.88912538073925,
            27.816205711123168,
            27.86781113645884,
            27.995681714229157,
            28.150989534922687,
            28.221869498261466,
            28.358027228945325,
            28.220510375503864,
            28.398246761850935,
            28.50586032422741,
            28.73717653646364
        ]
    ],
    "angle": 90253.20000000001,
    "fluctuation": 463.046971,
    "buy_difference": 1.033866069
}