{
    "id": 165,
    "name": "Hughes Supply Inc.",
    "record": [
        [
            25.22229675930408,
            25.817241402284303,
            25.175152937050157,
            25.15309931064925,
            25.765471597527796,
            25.67700889947997,
            26.38785754441083,
            26.098488802243068,
            26.271156751505217,
            25.83386106608358,
            25.917305458534358,
            25.252511301620608,
            25.125118396687423,
            24.386281324278222,
            24.585547645442166,
            24.209221975359334,
            24.488104305530747,
            24.48568565139993,
            24.479837027538654,
            24.854616090138375,
            25.12400093426097,
            25.29913682603849,
            25.65575855754319,
            25.288950190206563,
            24.8459305745454,
            24.438022290761964,
            24.702342582630422,
            24.61563997847789,
            25.187949568223925,
            24.608061168679487,
            24.502719364228593,
            24.981828920574472,
            25.052265431162304,
            24.21489162140578,
            24.802729685685286,
            24.628762861445548,
            24.05305503571246,
            24.490856421088733,
            24.059114266868267,
            23.80758491192982,
            23.799785782351883,
            24.256154286189542,
            24.694898320217078,
            24.200870975257356,
            24.793031149827225,
            25.630087693361702,
            25.92839263789588,
            26.485950647625195,
            26.464175390404726,
            26.1303519338485,
            25.358624053547324,
            24.95800375558578,
            24.887599104717125,
            25.329336536154305,
            25.475529309935588,
            25.41084900669988,
            25.420753112931635,
            25.688118659964374,
            25.322231358245016,
            26.124742607824228,
            25.648457207888875,
            26.156601044379208,
            25.666341768968426,
            25.09798656189131,
            24.476494629102476,
            24.64031018014988,
            25.34561168133412,
            26.100604067177503,
            26.43260560690382,
            26.41303836503037,
            26.14041254249934,
            25.96155051043456,
            25.884040092752755,
            26.846495335439073,
            26.227043333280218,
            26.281786998124712,
            25.975604013833802,
            25.505157621842955,
            25.199651886377687,
            25.96499657355477,
            25.57490972042882,
            24.920429900970205,
            25.75524030759449,
            25.837199436943227,
            25.469542488231173,
            25.415343825294116,
            25.596620661462445,
            25.684856795629578,
            26.362416822611277,
            25.381140628326396,
            25.1356451451373,
            26.03003450200113,
            26.322925541545484,
            26.423579297841094,
            27.07384052021198,
            26.39868535052182,
            25.47916915418571,
            25.11023659070212,
            24.50847554196758,
            24.550339051842638
        ],
        [
            24.563072667366992,
            25.034764165950484,
            24.549090805426733,
            24.388321506258436,
            25.152446853908902,
            25.08118138079435,
            25.66222461518122,
            25.297406773252472,
            25.682160095523137,
            25.25974230043805,
            25.15184074913398,
            24.504238118542,
            24.524869630789865,
            23.758415920989588,
            23.95015462612116,
            23.621379246178297,
            23.722278507699908,
            23.855260918252554,
            23.86867501788869,
            24.207423859716506,
            24.509032154890473,
            24.73690150359451,
            24.925354488814943,
            24.669943891379976,
            24.07370608059609,
            23.68083303923544,
            24.13639826387853,
            24.025153587138778,
            24.48063742599782,
            24.03462636668756,
            23.929338215440225,
            24.25366585477901,
            24.30750262228751,
            23.622175422183794,
            24.0414204324305,
            23.86328805339943,
            23.42439090113553,
            23.89857071595686,
            23.49847142177967,
            23.086016989339093,
            23.119912539309748,
            23.55149201475601,
            23.9440520772257,
            23.540081211825687,
            24.21771607755664,
            24.885511467552988,
            25.170128923213795,
            25.902544096807812,
            25.64420768116411,
            25.399111948732433,
            24.6023013222192,
            24.327593160538562,
            24.249253550489083,
            24.72916864111211,
            24.76508713348214,
            24.611267123469855,
            24.669954021357036,
            24.926937718892624,
            24.566994041592917,
            25.3379939410977,
            24.943156858943993,
            25.49846867600838,
            24.913256992141072,
            24.383461927565016,
            23.836763239861686,
            24.049231993579294,
            24.697990769009085,
            25.395556608251177,
            25.61871684767728,
            25.722692382757224,
            25.503120643051687,
            25.351488127482686,
            25.263126988685187,
            26.040605748459914,
            25.623595144179536,
            25.641048450877896,
            25.223506300410833,
            24.77656811329698,
            24.612431410506858,
            25.38796351819122,
            24.80719113466547,
            24.36416334143662,
            25.03949846261479,
            25.091612243693735,
            24.71976699088037,
            24.78330856532996,
            24.867900213189873,
            25.043610341287195,
            25.611894616629417,
            24.81209804308741,
            24.43956296620244,
            25.26124035294753,
            25.709529732249617,
            25.745837170101176,
            26.292567425455182,
            25.61389568324484,
            24.81571411410821,
            24.490695787062315,
            23.913366406890013,
            23.939814951460537
        ]
    ],
    "angle": 91079.6,
    "fluctuation": 1870.187957,
    "buy_difference": 1.02735169
}