{
    "id": 166,
    "name": "Massey Energy Company",
    "record": [
        [
            39.712353588414125,
            40.02769026684691,
            40.57319522048642,
            40.4945417225646,
            39.94678648122864,
            39.433509272323256,
            39.08871179945656,
            38.83357920804239,
            39.0692326148528,
            38.346216889182195,
            38.83955312990072,
            38.23828382486997,
            38.56771658635686,
            38.82334925351654,
            38.12871566162115,
            38.3115691644134,
            38.96575092431563,
            38.70181486331211,
            39.27615615459368,
            39.801283566946324,
            40.781029354053466,
            39.771876484891685,
            38.83947436157444,
            38.80268073707461,
            38.810104242985574,
            38.50965800406934,
            37.980616038583115,
            38.76493666835625,
            37.54651794624882,
            37.1640551173124,
            36.64429073226866,
            37.37636414643287,
            36.36597404007198,
            37.09363004763749,
            37.82030179766602,
            37.22085303666538,
            38.014068970907125,
            38.04826956412733,
            38.61987442112877,
            38.82966108378778,
            38.72151200057918,
            38.36766162542887,
            38.14111061095724,
            38.19317804917942,
            38.18631136840697,
            37.378954775596014,
            37.41837772533414,
            36.689094096254735,
            35.91842335317141,
            35.775163678662786,
            36.41714381900889,
            36.89138448817872,
            36.455359278385565,
            36.346897251990654,
            36.607848701017744,
            36.00216588877367,
            35.71537325401809,
            36.44319067588028,
            37.092774341301634,
            37.01979976392639,
            38.162204820963446,
            37.606462734064436,
            38.01548739431335,
            38.441791281337586,
            38.73038736984818,
            38.64487913323074,
            38.30791264030891,
            37.84340284692404,
            38.681005592499766,
            37.881930552701455,
            38.536548041421874,
            39.081950577821786,
            38.372308145903936,
            37.49501911129481,
            37.662236108393934,
            37.4346750973053,
            36.782171777136796,
            36.576833393650546,
            36.58735914817286,
            36.61957817931326,
            36.20875386325625,
            35.49789659796191,
            36.26378359227268,
            35.85223173153409,
            34.89216878769354,
            34.783017192423166,
            34.35623486858494,
            33.432206507780634,
            33.63989316526429,
            34.31501855989383,
            33.77458026554683,
            33.882885762974574,
            34.60454631700422,
            34.38400560136369,
            35.20016163395389,
            34.455758927237675,
            34.571872775359594,
            34.71085151074695,
            34.643392351952194,
            33.95777843781008
        ],
        [
            38.370147697342205,
            38.771417040999964,
            39.485196292430125,
            39.16102127617853,
            38.88339070529504,
            38.341436385200176,
            37.88461657243647,
            37.720294595635394,
            37.81282064570758,
            37.20218090575587,
            37.65066014946199,
            37.00490016746725,
            37.52596292146472,
            37.49997934861405,
            37.02821914402147,
            37.120281537513684,
            37.6713028039242,
            37.68669431495606,
            38.00929571314347,
            38.68738672188801,
            39.61985332167897,
            38.755935309771296,
            37.832141761122706,
            37.57734660148226,
            37.53954222498765,
            37.36074585470616,
            36.68962741948594,
            37.465952343245924,
            36.569045392809734,
            36.11310386461456,
            35.5368074203583,
            36.1167095574457,
            35.25984878334066,
            36.07721140516487,
            36.52748380954161,
            35.99513800335593,
            36.70000443344341,
            36.82469034113897,
            37.266315115240175,
            37.528507891440114,
            37.71723884760479,
            37.342553764174454,
            37.16682606219545,
            37.15035680320442,
            36.939856171788165,
            36.30373454999519,
            36.2150549443734,
            35.50567987007025,
            34.666445368381254,
            34.63851487808072,
            35.35896470784001,
            35.91653588736382,
            35.212706950107794,
            35.07649272835476,
            35.3212921348128,
            34.98757782775195,
            34.681058576936366,
            35.35239295665796,
            36.03300508070887,
            36.04879725231001,
            36.84668843863751,
            36.371676973931535,
            36.69406643350246,
            37.105551968044566,
            37.38783847132743,
            37.650158344392715,
            37.09449758225447,
            36.747460583717086,
            37.414669995561034,
            36.70767061870093,
            37.30098986125095,
            37.89321485005552,
            37.060620828275525,
            36.307352708823935,
            36.692808591697926,
            36.230828215617734,
            35.56026248522276,
            35.46784131979981,
            35.319096110803834,
            35.420729424400406,
            35.06183031292866,
            34.5425283112962,
            35.255957695972576,
            34.68196419453589,
            33.89187689091154,
            33.72166775878063,
            33.15210869990363,
            32.39587863233874,
            32.64606717848756,
            33.26794937344298,
            32.67539025102574,
            32.9016397937032,
            33.62597465182674,
            33.218577985500396,
            34.020630280786975,
            33.56886626593698,
            33.48348594583432,
            33.557751790365735,
            33.61319121638961,
            32.90187072710369
        ]
    ],
    "angle": 90593.0,
    "fluctuation": 1487.201943,
    "buy_difference": 1.031370675
}