{
    "id": 167,
    "name": "Dillard's Inc.",
    "record": [
        [
            33.4376561924545,
            33.24121345344598,
            33.858696565789515,
            34.098488879334155,
            33.28588350010734,
            32.92065644791892,
            32.43177524796673,
            32.09454114627658,
            32.074619304763374,
            32.53711631466378,
            31.550599765901055,
            31.346033336001412,
            31.08962443765842,
            30.86534755884541,
            31.610269802378568,
            31.710720571781515,
            31.97865009332432,
            33.001593073075306,
            32.21995967676482,
            32.36262479983461,
            32.17380298327676,
            33.10747086903448,
            33.04868923859464,
            33.27978665640707,
            33.026255890344736,
            33.47939443684926,
            33.98199994954142,
            33.05593209191954,
            32.554427637634205,
            33.464995899622124,
            33.86180755932917,
            33.93576633456309,
            34.0018342261888,
            35.09108177447278,
            34.60813927607231,
            33.872000189205615,
            33.80973023143403,
            33.03729771193634,
            33.82520834557703,
            34.58414441556817,
            33.864098822665994,
            34.827893711111194,
            35.68605896075416,
            35.822868667211935,
            35.789832931877996,
            35.53326865355036,
            35.297503097885645,
            35.64335912171546,
            35.66193017637133,
            36.08164704314053,
            35.59216671363898,
            35.89357964663355,
            35.12210434340087,
            34.965696560141325,
            34.362352589984894,
            33.96490376605354,
            33.72197598826701,
            33.10973192728164,
            32.92876825494,
            32.66146673626236,
            32.86210695777741,
            32.19617020667653,
            31.532941725853917,
            31.371386893042587,
            31.485897764295117,
            31.775186656538647,
            31.999407830163708,
            31.35602557579094,
            32.48707825332127,
            33.03911242381954,
            33.11115189505155,
            32.911457970246026,
            32.459258836233246,
            31.74020762753087,
            32.716970940971244,
            32.16016224035848,
            31.974233463136624,
            32.03012711665806,
            31.71312502656856,
            32.57261725272035,
            31.47070084686077,
            30.916416863229536,
            30.760269306177484,
            31.21785770954721,
            31.14148186022838,
            31.59484573714868,
            31.62376871209425,
            32.31919021849368,
            32.06515758690511,
            32.59280964871183,
            33.25045305603506,
            33.70081781434696,
            34.675167510447785,
            33.73548461161681,
            32.90562356026416,
            32.12961965299874,
            31.447790878789426,
            31.072669316450806,
            30.85803298869372,
            29.93848822435836
        ],
        [
            32.424197216261355,
            32.44696272893559,
            32.96048456915623,
            33.31046728203656,
            32.34789230773635,
            32.175994392816655,
            31.666387649772407,
            31.30885799030076,
            31.367985214431553,
            31.67396353047738,
            30.77823244386881,
            30.45358898857637,
            30.258821131876118,
            30.094680923974085,
            30.867364767728333,
            30.999650103771387,
            31.2208256816648,
            31.991793298634445,
            31.456416753142946,
            31.434964788647797,
            31.3641849562216,
            32.22274495993769,
            32.32384181311742,
            32.36134532326665,
            32.185520543345476,
            32.71224366410472,
            32.93892204348972,
            32.054042757865474,
            31.577171888647726,
            32.43133087326492,
            32.8944553944422,
            33.184796610476816,
            33.26276369831507,
            34.139699077711114,
            33.57926752587725,
            33.00973508936558,
            32.775202659204105,
            32.045546621137134,
            33.01038594735478,
            33.80185442401854,
            32.9723360030608,
            33.88026153910793,
            34.732425834230305,
            34.92492229225679,
            34.75006818490402,
            34.743458558519286,
            34.29940167372468,
            34.65968892552901,
            34.82031115070982,
            35.05087928749975,
            34.51684411580865,
            34.8126177060444,
            34.1698805686845,
            33.902548267730374,
            33.410698665834744,
            33.14339456904588,
            32.81754863751568,
            32.14782936391197,
            32.18715338036252,
            31.890658435216956,
            31.952001837346113,
            31.458423384521303,
            30.736373238696714,
            30.469100956574,
            30.51943774549384,
            30.81518395322024,
            31.23482825521512,
            30.597617320918605,
            31.489886987105958,
            32.311229641138794,
            32.207013067890855,
            32.192853911678775,
            31.51939661568529,
            31.00357598108979,
            31.91605053317617,
            31.176109000735,
            31.002041999740097,
            31.108894869604576,
            30.764188921472964,
            31.58537666555496,
            30.72491372688588,
            30.22012374844017,
            29.887483976391575,
            30.335115716360168,
            30.22470589336924,
            30.67695358475734,
            30.93949652956208,
            31.55962412559906,
            31.19269670305867,
            31.664868673663925,
            32.4429731551377,
            32.948429822347855,
            33.66442926875051,
            32.95585210170326,
            32.06795909917538,
            31.25540482077372,
            30.764235537314697,
            30.1459004277612,
            30.138851730406213,
            29.273035224238583
        ]
    ],
    "angle": 90040.2,
    "fluctuation": 1712.1617430000001,
    "buy_difference": 1.026943094
}