{
    "id": 168,
    "name": "NTL Incorporated",
    "record": [
        [
            67.02914521395786,
            65.29498374141932,
            65.08473829521131,
            66.0917920700056,
            66.82349750594041,
            67.4731766614847,
            67.74309209633257,
            67.61504574901586,
            67.35162286176434,
            69.54278459621953,
            68.65143259790528,
            69.45119280038692,
            70.0163708737771,
            69.39171676496409,
            70.69943175957332,
            70.32904341521282,
            72.04455551257227,
            71.95538909570278,
            72.62130050237333,
            74.49428520453341,
            74.85648898648385,
            72.39893817656925,
            73.31153646808916,
            74.72917788140138,
            72.65398210310441,
            74.26121094464398,
            74.2357181347331,
            74.28823306316157,
            76.08295686712131,
            76.13304302208134,
            74.53318453421426,
            72.63812521083565,
            75.46156948105016,
            76.00754519304486,
            78.30621523663929,
            79.93829874124218,
            78.86621283953444,
            78.90852303124474,
            78.42562398865593,
            77.29467472740063,
            74.59464858697334,
            72.38839874663253,
            72.98169847541298,
            75.08555833777976,
            73.27223961062751,
            74.62343193780798,
            72.65583877545008,
            72.88607731203277,
            74.58863491331957,
            74.87902670719012,
            77.65496135583945,
            75.97208176509221,
            74.44243413501901,
            73.78996931368582,
            72.04899699180292,
            70.88097483053396,
            69.34861520812649,
            70.6692505339148,
            69.221635913873,
            67.87845632047902,
            69.83992350269916,
            67.73582550875399,
            67.01999928747539,
            66.04726309450272,
            64.78393509224838,
            64.51849712817712,
            63.314363103436975,
            62.93246544315904,
            62.490042661294495,
            63.05215801861269,
            61.950038806221805,
            62.58854637809543,
            62.94380416279485,
            61.11735450403282,
            61.95649674057466,
            60.69631449576266,
            59.19554933419107,
            58.57065924580596,
            57.5776502653656,
            58.113916123181305,
            60.2369483181567,
            58.34857072131146,
            57.42936843502264,
            56.83446861733063,
            57.87755567046357,
            59.58329029271153,
            60.05154039570694,
            59.28958846261223,
            61.18318531875356,
            63.01721762160139,
            62.608405743620644,
            60.989735253257784,
            59.37402237941138,
            58.06222451708127,
            58.50971257794523,
            57.24146968003571,
            57.05114598516868,
            55.81278222456857,
            54.41383363149085,
            53.7379632403114
        ],
        [
            64.50365408588335,
            62.95455289516283,
            62.877952488720766,
            63.67172005598123,
            64.25430492223558,
            65.03510543878764,
            65.23640785062771,
            65.03493259070224,
            64.69742131705743,
            66.76221215576692,
            66.15752168852772,
            66.92822888194053,
            67.089583448807,
            66.70376958656243,
            67.85906089073188,
            67.94444237266445,
            69.3926058287549,
            69.18888840474686,
            69.66894262734036,
            71.91065003429539,
            71.78461059166236,
            69.63627713022927,
            70.83292743378394,
            72.04336358382953,
            70.07085588863096,
            71.37036854739009,
            71.097127671592,
            71.7766026365769,
            72.94619662453326,
            73.14739845051244,
            71.48883424153986,
            70.05556276937111,
            72.25675639331041,
            72.79404416599624,
            74.9507336666089,
            76.49765014677735,
            76.10038664051172,
            75.92784693084698,
            75.04261373129862,
            74.03413017479372,
            71.69799305283155,
            69.91289745553935,
            70.01468892399183,
            72.10496481576361,
            70.53270311790865,
            71.57539543863027,
            69.63259703437964,
            70.26650522401566,
            71.79269252749273,
            72.28204780628893,
            74.43854412261487,
            73.35192247278172,
            71.87503001748824,
            71.13791077084174,
            69.45254604662574,
            68.22401345689143,
            66.64901046852782,
            68.02022560978251,
            66.67359749280061,
            65.30135721232298,
            67.18163239416302,
            65.39972192299399,
            64.65663996351175,
            63.31162906011013,
            62.04495383155321,
            61.815368332400475,
            60.92883570655587,
            60.48262875247522,
            60.141593181072615,
            60.84092833895727,
            59.72950403554086,
            60.026093383587295,
            60.3246844981682,
            59.051021777634844,
            59.84375170440992,
            58.22294738043301,
            57.14250992638333,
            56.53929248047613,
            55.38055268998443,
            56.0927584691945,
            57.765010579506736,
            56.01558350158056,
            55.38753531327249,
            54.502158104366785,
            55.60782096600578,
            57.007399655315524,
            57.899055327881186,
            56.86787151711072,
            58.660715226562665,
            60.485482009121014,
            59.9912821717892,
            58.77415197477002,
            57.03420315577748,
            55.61296820635773,
            56.42380917407148,
            55.029674525408915,
            54.726319024193344,
            53.85003190378153,
            52.45290626730739,
            51.69255507392014
        ]
    ],
    "angle": 88590.0,
    "fluctuation": 1877.752191,
    "buy_difference": 1.040088763
}