{
    "id": 169,
    "name": "Chubb Corp",
    "record": [
        [
            7.275555471550519,
            7.215266230756905,
            7.353181184908508,
            7.235425451439541,
            7.36120079284297,
            7.487672361556425,
            7.555556247856249,
            7.617857325316629,
            7.670483017200549,
            7.542907240372538,
            7.458274200112645,
            7.442015493496887,
            7.50874009032722,
            7.508373775321,
            7.416297446645717,
            7.342148104545015,
            7.451382256356871,
            7.5292563251556395,
            7.548754183901834,
            7.549351455103513,
            7.544833066793302,
            7.672765857345303,
            7.696743329849896,
            7.622698129030219,
            7.59944637515531,
            7.563759950785766,
            7.584259400771234,
            7.734066251816867,
            7.775253271533284,
            7.824889841202449,
            7.744555771001328,
            7.675735476786923,
            7.668339839529895,
            7.712202404649693,
            7.639630756487265,
            7.645413490226734,
            7.7932301354388684,
            7.664225329722227,
            7.680484590229325,
            7.700168539527937,
            7.782471773362688,
            7.737210162515704,
            7.672923651765916,
            7.645347379053346,
            7.66610261222507,
            7.577496452289236,
            7.698642555421277,
            7.624556513561252,
            7.579434368258751,
            7.51477590739835,
            7.5408231011375,
            7.602640922010732,
            7.5434216691086835,
            7.4156963036744,
            7.3762538285988875,
            7.390821434921915,
            7.454177027440717,
            7.505025076264942,
            7.605397210249168,
            7.505640419576623,
            7.587080299962216,
            7.633038529577892,
            7.681502493742328,
            7.705105940776798,
            7.709830573756386,
            7.683978148804522,
            7.742513465383751,
            7.826779112884037,
            7.708244106692284,
            7.76965111340865,
            7.911388777269698,
            7.907223931182412,
            7.8800759589861675,
            7.869253652175798,
            7.854925239886711,
            7.776692738594373,
            7.779274202220281,
            7.78202196918005,
            7.788505670023798,
            7.693091073368955,
            7.725783452111991,
            7.637680209369374,
            7.7674070672765945,
            7.66286002159605,
            7.725400058852445,
            7.797187778925472,
            7.808187172509099,
            7.745996018116859,
            7.846045401132827,
            7.866280246251939,
            7.734496650356985,
            7.767660283380786,
            7.744332828082316,
            7.673608506733415,
            7.631428660124547,
            7.563949419562453,
            7.643770042829304,
            7.665856839446561,
            7.620161174654953,
            7.6581890439769795
        ],
        [
            7.017039993675716,
            6.983351806358202,
            7.0742095929617985,
            7.005677155673976,
            7.100352692864493,
            7.184235738715123,
            7.287821058041836,
            7.341302001621926,
            7.355976512814257,
            7.301194916848041,
            7.214926290131773,
            7.189816598127583,
            7.230362398931553,
            7.241585783369082,
            7.148489018504003,
            7.086230289086977,
            7.189497103821013,
            7.249393731013391,
            7.2768903989301945,
            7.269468145210621,
            7.281121334101123,
            7.369898923958977,
            7.39219321967777,
            7.370286580703063,
            7.2922060836293525,
            7.323585966555561,
            7.336800856822476,
            7.43396575232429,
            7.483256654083961,
            7.570339873972699,
            7.462654652114864,
            7.421567694795541,
            7.3847829897530355,
            7.404089292874294,
            7.327118328464136,
            7.400416355814543,
            7.474434456773259,
            7.408209087521743,
            7.3979570653314335,
            7.4191413460096065,
            7.492448660049114,
            7.440698002782074,
            7.415873106125927,
            7.401095668954244,
            7.356899922881587,
            7.321440213051013,
            7.421380632026822,
            7.369865370873002,
            7.32257855052102,
            7.22967358973585,
            7.270699380043991,
            7.294545218211736,
            7.236285041727579,
            7.154349141468975,
            7.106337883214955,
            7.159015650882617,
            7.2066227678685735,
            7.213811929033065,
            7.31247721716408,
            7.241123408110182,
            7.320425924532434,
            7.375844864010714,
            7.3967198398037945,
            7.406867863800389,
            7.410670477262008,
            7.4295374259763,
            7.425053555792509,
            7.526834413208885,
            7.455991832595345,
            7.494329357154046,
            7.596831359236521,
            7.61787843517025,
            7.632158140976117,
            7.566171293469562,
            7.604741822003491,
            7.512399079288411,
            7.487126580280353,
            7.5077646001373415,
            7.477344137667675,
            7.415287406143901,
            7.477459888570023,
            7.393673448154093,
            7.448926465807755,
            7.421776109948711,
            7.473336390013419,
            7.512619748031283,
            7.49623933701193,
            7.500035445913723,
            7.589283579930867,
            7.555774723258688,
            7.45445227487476,
            7.49766163845554,
            7.426798320659196,
            7.403913024050063,
            7.329462966374827,
            7.326713647994419,
            7.36922138911298,
            7.416480343819217,
            7.346460503404966,
            7.354431598601435
        ]
    ],
    "angle": 89723.6,
    "fluctuation": 827.681058,
    "buy_difference": 1.037567398
}