{
    "id": 17,
    "name": "General Cable Corporation",
    "record": [
        [
            32.46571940097033,
            32.510556589881965,
            32.753220447454645,
            32.9483162544544,
            32.36109405873859,
            32.40977709409627,
            32.66044844321453,
            33.24570904216774,
            32.99877734260573,
            32.664674896631816,
            32.44457114804411,
            32.365402679032535,
            32.38820430817626,
            32.594994425928114,
            33.05344357767901,
            32.71718129966231,
            32.7048883214744,
            32.82977367491495,
            32.60190177181806,
            33.229359758312135,
            32.53070764411943,
            33.202374447127035,
            32.72567862192663,
            33.26078135717761,
            32.87410902815458,
            33.468005113652545,
            33.627613161127165,
            33.191412959858226,
            33.82363257148959,
            34.43365531617456,
            34.75301250583988,
            35.409025960144234,
            34.70372133507976,
            34.16591815523564,
            33.93700788524449,
            34.17306340145046,
            34.12564769130307,
            34.12602543974168,
            34.25023839910673,
            33.7045109859933,
            33.31392411478601,
            32.975071538098135,
            33.083531727240725,
            32.70654547641865,
            32.284856563689836,
            32.73332197711274,
            32.814017106658305,
            32.60273446571535,
            32.46068049277348,
            32.65334533501755,
            33.02441390348864,
            33.75243066284749,
            33.48206357499653,
            33.49013383142874,
            33.45642383262426,
            33.784615378879266,
            34.32045810766857,
            33.82344528534329,
            33.889241051539294,
            33.80996875540284,
            33.297166579733506,
            33.05413131380732,
            33.717516942154866,
            34.020019372096115,
            34.305563727702385,
            34.72686478366117,
            34.92037378804837,
            34.51882178977387,
            35.022155852865346,
            35.59218324071901,
            34.89823210503809,
            34.92968942608448,
            34.52687499805638,
            34.18021974132434,
            34.728059117577935,
            34.4962624003377,
            34.69035790016207,
            34.38775383277546,
            33.53161612712681,
            32.94463187897477,
            33.64081717206307,
            33.23863850747917,
            32.750955510792586,
            33.19166014604016,
            33.4941693348726,
            33.52272761321659,
            33.05288600764163,
            32.8934179305755,
            32.38302569753751,
            33.0254520784109,
            33.50294067215835,
            33.21405939534787,
            33.475842041119186,
            33.126131721974765,
            33.4999248705126,
            33.51320156842612,
            34.16125797428858,
            33.59613424427618,
            34.0410457103529,
            34.08132014888342
        ],
        [
            31.860550525803774,
            31.85021095248187,
            32.087945887374936,
            32.098982475893145,
            31.561487207029653,
            31.67847926178888,
            32.07096187220895,
            32.382256567012284,
            32.1705791810213,
            31.949981566500576,
            31.820635119460942,
            31.641431872057684,
            31.594230051795577,
            31.79595085392849,
            32.259252452037366,
            32.00454055959619,
            32.005322597156585,
            31.958023486728074,
            31.93010348992225,
            32.34055996684119,
            31.758586056125463,
            32.33360585251761,
            32.04811983309222,
            32.409851003609226,
            32.26456578518412,
            32.70302232214648,
            32.961090090296544,
            32.618547939504964,
            33.09682429613057,
            33.683626596311896,
            33.982429184492645,
            34.472218998744154,
            33.86987818508273,
            33.49879931574348,
            33.30107169740948,
            33.33866045223957,
            33.37565014621758,
            33.20993669263427,
            33.58484071110021,
            33.00338096626224,
            32.7323652512701,
            32.376655031747454,
            32.470105422647414,
            32.06792213947542,
            31.714888490226954,
            32.11349606838963,
            32.192663185225854,
            31.7306952869508,
            31.721892228780547,
            31.811615245932753,
            32.39582567863199,
            32.94802174322114,
            32.881049692599134,
            32.714837654793655,
            32.86247106989372,
            33.08844597364349,
            33.50585650401843,
            32.9285876002573,
            33.01236327289326,
            33.03386857784576,
            32.5881933041124,
            32.43799429802979,
            32.97978774254082,
            33.30565559493038,
            33.49800454323162,
            34.06928989600732,
            34.13583879035823,
            33.85499619995157,
            34.14317525334426,
            34.736992585453095,
            34.19281443844158,
            34.2236358948991,
            33.89689342845429,
            33.43905656092676,
            33.96821955700433,
            33.674126020122955,
            33.94152874524241,
            33.50131457823307,
            32.89997491019902,
            32.33702673131707,
            32.86203267798905,
            32.4788983800062,
            32.03117030834034,
            32.41679674899739,
            32.90615745616394,
            32.81880613519657,
            32.40750007493825,
            32.03911510633872,
            31.709385559109116,
            32.18054229375927,
            32.632807416414884,
            32.506855662867935,
            32.74995257225523,
            32.32051631588624,
            32.66566257825829,
            32.85223934370314,
            33.45062658469493,
            32.94674811310539,
            33.123941612683915,
            33.365669157446284
        ]
    ],
    "angle": 89981.4,
    "fluctuation": 1060.661448,
    "buy_difference": 1.022675934
}