{
    "id": 170,
    "name": "Nike Inc",
    "record": [
        [
            30.089245834797325,
            29.423981528763743,
            29.896202305749945,
            30.072595426217685,
            30.789386363508285,
            31.161553976788685,
            31.627251695568376,
            31.791307620030814,
            31.62192029546484,
            31.877102559621587,
            31.527334382695873,
            31.81056962129639,
            32.387250728853445,
            31.98692539358231,
            31.967304316372786,
            32.36188418010063,
            32.755087852054345,
            33.464248854919504,
            33.71679336581939,
            34.186572178056764,
            33.53351127732686,
            32.94585558894248,
            32.742452570767774,
            33.32600847783298,
            33.706446554444916,
            33.82922635818536,
            33.747481285970906,
            33.364536900183886,
            32.91913754500414,
            33.689931081125785,
            34.2811132538851,
            34.311431808226594,
            34.810674213642436,
            34.17965255737737,
            33.7959130885172,
            33.67222622789092,
            33.15195227416107,
            32.5571592839589,
            32.935347616097935,
            32.487468054390675,
            32.607218282846176,
            32.337842172767665,
            31.924984478405754,
            31.163645518796006,
            31.90335195363396,
            32.00867090252041,
            32.066735044585315,
            31.98818146633686,
            31.52339988626752,
            31.49811774803393,
            31.597086723088044,
            31.47163897159393,
            30.761710914447765,
            31.299211158586292,
            31.775053534372844,
            31.993309762989806,
            31.976652711862577,
            32.573806305268434,
            32.60671283297014,
            32.31580585242469,
            32.84293634996531,
            32.251725293752635,
            32.49219506632927,
            32.91061049434615,
            32.837990437173936,
            32.95302094989876,
            33.03714157674654,
            33.17477291924002,
            33.41061796654317,
            34.19232168654642,
            33.522879987294196,
            33.31794692450634,
            33.84772167265454,
            33.69709891255133,
            33.14260916199815,
            34.01303132881932,
            34.197449054174676,
            34.19355418454595,
            33.87470849961137,
            33.59756246436154,
            32.95225088564267,
            33.25638038951768,
            33.31244353420728,
            34.209466694011276,
            34.09246673791319,
            34.684083422067715,
            35.27236050523262,
            34.84019293552567,
            34.50383426615556,
            34.096613609248976,
            33.83113580529682,
            33.71442370830236,
            33.242892674374545,
            33.13365702244892,
            33.41845070280251,
            33.51717778766194,
            32.94648283233208,
            32.26854648064855,
            31.777054034764486,
            32.32826251325988
        ],
        [
            29.116288118883695,
            28.638123413170625,
            28.88916695096402,
            29.17579875998451,
            29.755226840893542,
            30.220201372981126,
            30.785635357541647,
            30.720436797682627,
            30.681987785118142,
            30.87403395037076,
            30.620821930150946,
            30.871201454749404,
            31.493828193490597,
            31.051663065931418,
            31.038824072975853,
            31.5640242225792,
            31.89625357846568,
            32.46955482181924,
            32.64280721760597,
            33.22687084341304,
            32.618271556055035,
            32.02098422673021,
            31.65529975494504,
            32.2483876804512,
            32.61652401430431,
            32.6799494205919,
            32.76074225083361,
            32.26958532877338,
            32.04314350485468,
            32.668935327537085,
            33.252167016039245,
            33.228447234442456,
            33.87075913002206,
            33.25344220148751,
            32.75861512405912,
            32.54447754523426,
            32.28919083505271,
            31.7449155454728,
            31.81643833197692,
            31.597611879551188,
            31.600093745107692,
            31.439483367980163,
            30.852682279268674,
            30.39227342390222,
            30.964339733656935,
            31.029327357393523,
            31.073201813991016,
            31.006368208774045,
            30.510150925152008,
            30.449247983924096,
            30.74702308250382,
            30.46916806784154,
            29.913129909923033,
            30.33551515628051,
            30.809011594235,
            30.95569674776802,
            31.18829037077083,
            31.605579858361313,
            31.590142003280153,
            31.43695162466221,
            31.99142693828222,
            31.418696946791606,
            31.595877575885353,
            32.02841969288963,
            31.80785961915748,
            32.066478301128214,
            32.19351969883618,
            32.121255626459636,
            32.59345233117713,
            33.13954743124898,
            32.63082007116277,
            32.4280884612685,
            32.70107088114223,
            32.63676094492139,
            32.27685217549084,
            32.880416344270095,
            33.16438575653867,
            33.21702671524285,
            32.763014205346565,
            32.51440216261239,
            32.00476749219679,
            32.22920547272117,
            32.48461993110156,
            33.07689888876441,
            33.10226182411922,
            33.58263559126149,
            34.097810561052874,
            33.83842512471904,
            33.338274744391235,
            33.013821809888626,
            32.9540056291404,
            32.78110625569198,
            32.22256856555373,
            32.219644403388706,
            32.30885261440454,
            32.556708550876046,
            31.928879582499597,
            31.318785480291528,
            30.999842533427326,
            31.373606842322133
        ]
    ],
    "angle": 89043.3,
    "fluctuation": 1146.318917,
    "buy_difference": 1.030222579
}