{
    "id": 171,
    "name": "AK Steel Holding Corporation",
    "record": [
        [
            12.565938695413926,
            12.623182227902749,
            12.772546041240423,
            12.79629559758318,
            12.822875124407172,
            12.711293103903255,
            12.721072730883835,
            12.866701841979028,
            12.83175991546034,
            12.768199299187021,
            12.85151234732689,
            12.886409655130148,
            12.762209001519322,
            12.918076137894754,
            12.852674225634628,
            12.905015489117284,
            12.959062094960185,
            13.000178104934019,
            12.935773988900989,
            12.904096099172113,
            12.871381978146847,
            12.828738183562013,
            12.713176090366293,
            12.751479361254425,
            12.730332816984006,
            12.811876987746595,
            12.727921440522016,
            12.795925967835075,
            12.656918955061577,
            12.642091697974818,
            12.674045607552284,
            12.646950559707019,
            12.496522558159118,
            12.520059736100274,
            12.594592150000592,
            12.561681244107582,
            12.590899585003234,
            12.438168598344115,
            12.506693859547681,
            12.578294153344853,
            12.573665893461708,
            12.476966113874267,
            12.531684306009751,
            12.42391283973756,
            12.441610550614433,
            12.479632232269317,
            12.438564973107889,
            12.499450662594521,
            12.441759027692529,
            12.520277838795572,
            12.473227773625684,
            12.528562712508068,
            12.483192315001231,
            12.50237345629667,
            12.536165485765489,
            12.648122841125685,
            12.49236350841823,
            12.455294131652833,
            12.486078241200417,
            12.324842707306509,
            12.358828993442474,
            12.365800842930978,
            12.416780688340287,
            12.38578632529095,
            12.345088618366098,
            12.321770498999822,
            12.291320418007029,
            12.245435724691887,
            12.19097116610731,
            12.228155401604097,
            12.228903478380932,
            12.196946399812363,
            12.267724073737735,
            12.32503320305735,
            12.427226389028668,
            12.467667801038344,
            12.363366659102683,
            12.43004122362613,
            12.518320617381967,
            12.533225484714785,
            12.554018520424187,
            12.495291309466888,
            12.521397640829433,
            12.604529452136124,
            12.64254656394091,
            12.675199831308777,
            12.697348439973336,
            12.797408117401403,
            12.844633638526156,
            12.908803911371766,
            12.8893245752693,
            12.829913693487944,
            12.842232886850887,
            12.817084544633332,
            12.694528779519517,
            12.779620360872322,
            12.832121683922466,
            12.80142251176598,
            12.677719721073055,
            12.671511040736132
        ],
        [
            12.136158511838177,
            12.176771918603032,
            12.252042591232486,
            12.2956706668525,
            12.324904109738194,
            12.260537193399,
            12.262591810367809,
            12.337439692126079,
            12.327284532896433,
            12.338935239159975,
            12.372210908303458,
            12.37607736728444,
            12.293620977682817,
            12.37682988060635,
            12.349843613849794,
            12.424962248056008,
            12.427239658657527,
            12.469154694840253,
            12.397491019198878,
            12.364667245873976,
            12.34561955431814,
            12.321920168831983,
            12.237809064880432,
            12.310408880849877,
            12.275208835318795,
            12.341465312259235,
            12.300011513269261,
            12.275694009072243,
            12.198305164381754,
            12.212159416799096,
            12.20747208412758,
            12.124310346144057,
            12.061849640932909,
            11.988324663826589,
            12.07050642691158,
            12.054579749078183,
            12.059757617863735,
            11.999504611468103,
            12.016198495392441,
            12.052484771622968,
            12.034861753856626,
            11.982848758251327,
            12.028193873452494,
            11.960558866955788,
            11.995606153689884,
            12.04796487603422,
            12.021590982753029,
            12.03930455636268,
            12.011401696127031,
            12.069033778637715,
            12.056303238681826,
            12.100060862145934,
            12.03087337642744,
            12.05298264479464,
            12.101328031515058,
            12.141165783806203,
            12.061466406483474,
            11.978780212297258,
            11.971279329972633,
            11.914075299421803,
            11.908629765882612,
            11.902231585801943,
            11.934580181955736,
            11.931019353747201,
            11.889434479052243,
            11.907515277321153,
            11.843580348068881,
            11.79345974880812,
            11.748063476989165,
            11.741546746253768,
            11.753999105193419,
            11.764429767957592,
            11.760755544086242,
            11.816874151735387,
            11.89706525566668,
            11.954819617792108,
            11.951315309167226,
            11.927063924482983,
            12.004585617088773,
            12.032074503631147,
            12.065282755694296,
            12.001646599884154,
            12.056821476357477,
            12.130796805251446,
            12.206469221826557,
            12.224497944196754,
            12.261842548547353,
            12.328762421489088,
            12.384181749571578,
            12.461040882348849,
            12.378876849694752,
            12.387373526859621,
            12.403002890476033,
            12.329194861087476,
            12.257888887788965,
            12.304231689007267,
            12.321478723244505,
            12.299368294470153,
            12.229380730181404,
            12.192820908307041
        ]
    ],
    "angle": 90191.1,
    "fluctuation": 396.058323,
    "buy_difference": 1.039675869
}