{
    "id": 172,
    "name": "Regis Corporation",
    "record": [
        [
            22.075458518385933,
            22.15814343277041,
            22.32696348359506,
            22.248950668894363,
            22.543182809644662,
            22.238432825241745,
            22.237047115306193,
            22.115151559307495,
            22.523886762080995,
            22.40433111636092,
            22.364056585449276,
            22.86069295079197,
            22.87599014267852,
            22.849491358418252,
            22.976818686013228,
            23.27257495364233,
            23.43065153094646,
            23.04720393031856,
            23.31588971518539,
            23.66923541220795,
            23.837609808939135,
            24.05344285995852,
            24.413382600697595,
            24.714720373988158,
            24.413614224558543,
            24.462196300102363,
            24.277146603847907,
            24.551373535043993,
            24.444364257523123,
            24.343141865846203,
            24.18922722116962,
            23.858725044974296,
            24.118981314528526,
            23.956707688270008,
            23.852044139426226,
            23.520769974686743,
            23.797731502042584,
            23.49648686392384,
            23.83474359783448,
            23.340952748324938,
            23.58903960903691,
            23.700404796972304,
            24.125817013103937,
            23.876393887508062,
            24.32962266030035,
            24.388112689039687,
            24.024423736493194,
            23.603130508634102,
            23.38480803039265,
            23.6372548463,
            23.353965407982425,
            23.490617180940493,
            23.452192204419788,
            23.621736871821675,
            23.963546827242602,
            24.140702365755615,
            24.037218868112316,
            23.878647568574035,
            23.401488308421452,
            23.7529290404399,
            24.146032382083163,
            24.00997646154059,
            24.192603713817302,
            24.495843144460594,
            24.293116288782432,
            24.19958135224659,
            24.1571075445717,
            24.65639605858597,
            24.743297172322933,
            24.500289206645764,
            24.912870136892696,
            24.68548158133071,
            24.988503915887172,
            24.874436483011173,
            25.359135444756426,
            25.46276963454282,
            25.32545738165616,
            25.277987214850523,
            25.41939572679744,
            25.231884451595395,
            24.729440046719134,
            24.277705415253195,
            24.750542131063515,
            24.48272278122044,
            24.5305601525735,
            24.64685467307702,
            24.82004159314729,
            25.124108929657943,
            24.79337621383936,
            24.472828032611165,
            24.269809572525933,
            24.119844362375414,
            24.15276390437157,
            24.067344904894547,
            24.105951278518308,
            24.396957892693116,
            24.353269519121636,
            24.524590091759144,
            24.853833979845064,
            25.148283419342693
        ],
        [
            21.453796208359474,
            21.594641843227276,
            21.743899055732896,
            21.667923530930704,
            21.864602311648056,
            21.594898198599076,
            21.52899143841116,
            21.576553694266295,
            21.798008090010278,
            21.832378505151897,
            21.83035914344186,
            22.165915813115596,
            22.327832329451553,
            22.086715682502433,
            22.4172355668771,
            22.71263212875732,
            22.662004766290497,
            22.331156226847142,
            22.684258554524032,
            22.89504133458702,
            23.210441415464615,
            23.427640385402174,
            23.610146493720332,
            23.894433595044074,
            23.683460319604638,
            23.82575921844155,
            23.638413981084238,
            23.779106193243543,
            23.822722008646164,
            23.669459270966374,
            23.48924060651568,
            23.140544934415278,
            23.453849733034183,
            23.18696332748696,
            23.287517223552026,
            22.941027301553707,
            23.183230645792825,
            22.88976469397654,
            23.098835812117482,
            22.765642231094898,
            22.975319592085942,
            23.014563700517527,
            23.336688664679226,
            23.204015818130813,
            23.561981376689488,
            23.635119398671822,
            23.278015039987057,
            22.95222459686707,
            22.628930069547565,
            22.896024006726027,
            22.73496424149847,
            22.893229581163855,
            22.894827941679598,
            22.94275898085283,
            23.17741833593224,
            23.409359960929454,
            23.456522065088272,
            23.111411329429398,
            22.81323327732355,
            23.146548527762096,
            23.4332414143443,
            23.32916890073876,
            23.530152581246234,
            23.810784958422868,
            23.533665124613137,
            23.433706966032272,
            23.495628381690082,
            23.833301186397183,
            24.060948769420104,
            23.855685693770454,
            24.1412663918519,
            24.004727564814694,
            24.214557634366116,
            24.205432401549103,
            24.524782681597205,
            24.805274455156756,
            24.644322982298274,
            24.548948032670243,
            24.710981770588102,
            24.404147914936292,
            24.064335680040273,
            23.693578949702143,
            24.039118115646097,
            23.672491991968084,
            23.728193111133237,
            23.82407831724672,
            24.14766271888403,
            24.29023445825425,
            24.102408815550017,
            23.893608488524663,
            23.62179948537839,
            23.372802285828417,
            23.562175131844974,
            23.391929633389992,
            23.343040120229468,
            23.676759602926857,
            23.591937845252943,
            23.762641854269006,
            24.04328704934771,
            24.342678261428713
        ]
    ],
    "angle": 90373.7,
    "fluctuation": 898.986408,
    "buy_difference": 1.029388553
}