{
    "id": 173,
    "name": "Stilwell Financial Inc",
    "record": [
        [
            11.0467992808468,
            11.082455126037832,
            11.042373606838082,
            10.95614839968627,
            11.051916840258249,
            11.336297933512103,
            11.482248332567968,
            11.882374112662314,
            11.942936897819658,
            12.077005673103615,
            12.267389965817681,
            12.117116825307585,
            12.450328566103508,
            12.224997285035267,
            12.596636697235784,
            12.347001295244105,
            12.460497794945194,
            12.298564892952673,
            12.115599309012618,
            12.278795982496016,
            12.093564729865717,
            11.973291635331792,
            11.764289929994655,
            12.096312879058498,
            12.240997101114523,
            12.30375292032013,
            12.605511195227608,
            12.815549180671166,
            12.40974920909066,
            12.809367878911372,
            12.3664345805892,
            12.182082959553616,
            12.40304741935433,
            12.449970450664658,
            12.149838698895124,
            12.178333787389352,
            11.862686072371817,
            12.009863080657837,
            12.277783057956809,
            12.522147237468689,
            12.842951249926461,
            13.205419629360282,
            13.07732012218436,
            13.266509723525484,
            13.673908919082342,
            13.500598768068981,
            13.803837943789091,
            13.365894099543738,
            13.53717631167753,
            13.783351126294539,
            13.91775505301335,
            14.186441228182403,
            14.080357163730788,
            13.97145071727952,
            13.574592452502669,
            13.298945139655075,
            13.557694028562633,
            13.677802415019112,
            14.115264390336948,
            13.950193260215793,
            13.525182728900916,
            13.399976762325517,
            13.833825740218165,
            13.976327615932775,
            14.080543190053996,
            13.772832683517997,
            14.049710678920356,
            13.866728712237478,
            14.180428882137777,
            14.23531784536414,
            14.699826852025453,
            14.7085313967101,
            14.686361869471593,
            14.86399479283677,
            14.803243597548532,
            15.178566021407203,
            14.988093998563846,
            15.19585263072351,
            15.164093051722608,
            14.758878560814653,
            14.567400736896348,
            14.529442831648963,
            14.228669430346505,
            13.822109172166382,
            14.09403728540784,
            13.84068651746008,
            13.658761235603402,
            13.487771434978265,
            13.940109760664257,
            13.629920160882122,
            13.322342361184948,
            13.06125915762019,
            12.740169595352514,
            13.176905357967676,
            12.963603268441284,
            12.693004722817692,
            12.675584129945232,
            12.94657427658877,
            13.116696531309726,
            13.348756694519295
        ],
        [
            10.70068987681896,
            10.644306458529027,
            10.594197760945965,
            10.54716477367638,
            10.686317008939547,
            10.922941535475482,
            11.05141843309087,
            11.402375047074194,
            11.476486447748485,
            11.618059323276212,
            11.780046934506682,
            11.697505735798238,
            12.028815991382787,
            11.843163679642062,
            12.108276215785677,
            11.88016595225984,
            11.955954669875581,
            11.871481395197346,
            11.643566011318471,
            11.840541843762322,
            11.628186619941522,
            11.56561094802171,
            11.30707124773232,
            11.664571917630175,
            11.821831921882277,
            11.8043815832285,
            12.13980788886741,
            12.350723875406635,
            11.986006379018804,
            12.353412431605815,
            11.97055877551093,
            11.743756160272259,
            12.0144451426854,
            12.011614972609909,
            11.749097935201616,
            11.781380844931673,
            11.482936325693641,
            11.566165648719247,
            11.847861894527346,
            12.055910243315264,
            12.394480863648052,
            12.783969921953615,
            12.554049273900134,
            12.819934794152296,
            13.23617808675292,
            13.033078231643502,
            13.259419658151312,
            12.892708672486064,
            13.033146749239855,
            13.351502287319112,
            13.473571228532014,
            13.607948528336548,
            13.59956981722977,
            13.463354315738636,
            13.079620930592146,
            12.875803715388887,
            13.007429094053009,
            13.250592127097354,
            13.539674129547473,
            13.477901959006745,
            13.084329228311661,
            12.894615968972582,
            13.269711945015052,
            13.531633460771381,
            13.591578202004934,
            13.294553338921755,
            13.55638623279835,
            13.401292804273393,
            13.667465294990741,
            13.735476215032815,
            14.100399385607625,
            14.19918061851462,
            14.11416963633796,
            14.293432249136867,
            14.283460513365409,
            14.647070495520282,
            14.486471956291558,
            14.641764960712425,
            14.611163433948327,
            14.295028741252743,
            13.998447665451001,
            14.008055991962918,
            13.655249087143003,
            13.376947461822578,
            13.530083908326098,
            13.374783749300148,
            13.202953217451723,
            13.008969443167738,
            13.43987104833337,
            13.177717545147393,
            12.864860031378795,
            12.585005351405691,
            12.327377991069934,
            12.682489574023139,
            12.444882642524208,
            12.204559282692333,
            12.15870094779182,
            12.462045172621206,
            12.593104258899386,
            12.874889582792083
        ]
    ],
    "angle": 89696.5,
    "fluctuation": 1843.601531,
    "buy_difference": 1.0374279849999999
}