{
    "id": 174,
    "name": "Abbott Laboratories",
    "record": [
        [
            1.3819336145131746,
            1.3723915076905968,
            1.3600159467646211,
            1.3573846029640613,
            1.3630999326802407,
            1.3592969472207597,
            1.3474745953438438,
            1.343501566825421,
            1.3344588039742293,
            1.3201545684377471,
            1.3154481016820714,
            1.3168618501163971,
            1.32887348606013,
            1.3318691981569848,
            1.3291493846248332,
            1.3249190625467242,
            1.3396445187173225,
            1.3213249748896732,
            1.3251725444155154,
            1.3168840240705768,
            1.3029655338973594,
            1.3230904841367694,
            1.3315124502408997,
            1.3186869648737407,
            1.3212306933465185,
            1.3343431455169554,
            1.3243187172031283,
            1.3382464367684217,
            1.3365525314271003,
            1.3266495603387272,
            1.3300567495910758,
            1.3271732310219275,
            1.3214013255612587,
            1.3119526894728686,
            1.3123606566695947,
            1.3020177018866872,
            1.295810414288936,
            1.2874896445671455,
            1.2780931888758031,
            1.2703290140297132,
            1.2648888995983285,
            1.280395233147876,
            1.2697565138548572,
            1.2766682307681734,
            1.2885995228060463,
            1.279380814862221,
            1.2875186805985,
            1.3015455264455444,
            1.3023827733559983,
            1.3090493886859118,
            1.3076207138150104,
            1.295692271776595,
            1.2844427044628735,
            1.2824880053768049,
            1.2812867027117127,
            1.2911365833830113,
            1.2997262064149744,
            1.2985084931835462,
            1.3106427052090244,
            1.3142512442304872,
            1.327895789521925,
            1.331900669350494,
            1.3278707862868278,
            1.335136904039772,
            1.3282980656549865,
            1.3418032057027036,
            1.3313523857892664,
            1.3463935746423648,
            1.3346948853054468,
            1.3130281630692557,
            1.3084685438030526,
            1.2962930051755146,
            1.3029102095395468,
            1.3117579613308925,
            1.3221113934308841,
            1.3164696540815144,
            1.3375336984747828,
            1.3395803564056195,
            1.3503187461204245,
            1.3596153077654973,
            1.371245257503266,
            1.3582836979867179,
            1.3743500172198118,
            1.3545604438746253,
            1.3518276918610383,
            1.3488935088194678,
            1.3583000484930137,
            1.354581494113064,
            1.3614273472707172,
            1.357884778048183,
            1.3445682734480264,
            1.3513585230890786,
            1.3687358944435113,
            1.3628916131317685,
            1.370735228198252,
            1.3842813464225554,
            1.3842055582429114,
            1.3948499209135767,
            1.3971235291514348,
            1.385983225919902
        ],
        [
            1.3516079325633554,
            1.3449694711392748,
            1.3316383841951343,
            1.3200612267075686,
            1.3281325525908407,
            1.3244271244966328,
            1.3209481449569787,
            1.3083841843875412,
            1.302175125027419,
            1.294295877768127,
            1.2863237263301692,
            1.2884803460417895,
            1.296595360176455,
            1.2944738942449197,
            1.2922162971471678,
            1.298575909438133,
            1.3024198028418175,
            1.2885864229543147,
            1.2933720152599135,
            1.2900532082768286,
            1.2784704194359546,
            1.2905659661495743,
            1.2958038275024364,
            1.2936363200581904,
            1.2963922028251003,
            1.3010221749415012,
            1.2966859991098025,
            1.3023572213630301,
            1.3090583280416106,
            1.3019708478594558,
            1.2976202241284203,
            1.3003936917382037,
            1.290852482019765,
            1.2780423339026885,
            1.2765295464573854,
            1.2687438501681547,
            1.2598037171192933,
            1.2620173649869213,
            1.2540656623301003,
            1.2398445801210132,
            1.2365124448044122,
            1.2475494632166113,
            1.240153491997533,
            1.2436698810579443,
            1.2546669506514432,
            1.253188385983016,
            1.2561195448249942,
            1.2650016296543498,
            1.2706211421300573,
            1.2741971583013993,
            1.27280652057881,
            1.2651049779090648,
            1.2576420237064996,
            1.2485918691036029,
            1.253169655246552,
            1.2629298817344685,
            1.2662581943275149,
            1.2658295921891385,
            1.2782964922272515,
            1.288766974201969,
            1.2908690142969044,
            1.304502159354563,
            1.2958759838437175,
            1.3088533340436739,
            1.2986290986932916,
            1.3055583776384956,
            1.2974583423784491,
            1.309502829184244,
            1.3020151636820025,
            1.2876969222637709,
            1.2738857423390222,
            1.2632915159683498,
            1.2720253326337552,
            1.2840010878900698,
            1.2929689691709279,
            1.2893885752843384,
            1.3002381817632296,
            1.305998198953596,
            1.317783064212577,
            1.3255308908649133,
            1.3356691056004473,
            1.3294090765654667,
            1.3357619661960287,
            1.3204709120242835,
            1.3137412475859145,
            1.3228703455287507,
            1.3303584772388617,
            1.318254203644968,
            1.3307519319960581,
            1.3196276811988257,
            1.3173055591559824,
            1.3232942906328926,
            1.3330918697446408,
            1.3355253608622268,
            1.335571981119153,
            1.3501177570017922,
            1.3543726371298173,
            1.356631487348658,
            1.3610117424771564,
            1.3528586244080243
        ]
    ],
    "angle": 89717.20000000001,
    "fluctuation": 672.995289,
    "buy_difference": 1.024075265
}