{
    "id": 175,
    "name": "Noble Energy Inc",
    "record": [
        [
            29.902060662822638,
            30.035790688114545,
            30.19411011618855,
            30.324676135374716,
            30.471446264133363,
            30.77801910587571,
            30.61602723738029,
            30.382747369659494,
            30.071626375019093,
            30.01558360696485,
            30.136658118349438,
            29.983253386794026,
            30.236840063353196,
            30.357230942960605,
            30.670024545186713,
            30.62070986759992,
            30.84346601389084,
            31.181735860845567,
            30.890099380487367,
            30.922864639916618,
            31.25281374043398,
            31.264062719834687,
            30.842115617583666,
            30.64876630892772,
            30.448772807173338,
            30.80136266559501,
            30.8438104939042,
            30.587045879702433,
            30.583145411512195,
            30.589101476616896,
            30.461102517040576,
            30.57973734307774,
            30.47308336990842,
            30.866640624595533,
            30.85710984540425,
            30.88138196948244,
            31.109255905485202,
            31.474921557024075,
            31.548954920553147,
            31.436266490553685,
            31.394292367322986,
            31.444098861561976,
            31.606368438216606,
            32.0845369463769,
            32.148614600383816,
            32.48873752638249,
            32.90187424665553,
            32.8103024281769,
            32.96844981637145,
            32.97352762091072,
            32.94079882063156,
            32.92840121063238,
            33.14486980820342,
            32.85180130537739,
            32.37422055116348,
            32.294197673532665,
            32.4613638005202,
            32.48859214491284,
            32.44936250461348,
            32.57746989664675,
            32.17513873605259,
            32.04114749128413,
            32.266716031319156,
            32.34758962586682,
            32.601557679210316,
            32.46135678675236,
            32.24224707248412,
            31.999634338105004,
            32.427223376967184,
            32.47642682585031,
            32.90403240335876,
            32.571039007534715,
            31.97277199746417,
            31.998368971377616,
            32.39385611874634,
            32.40822203401847,
            32.44023415625195,
            32.70896597428392,
            33.002386883375024,
            32.61978673696368,
            32.34830051850748,
            32.55713419789634,
            32.48561142871129,
            32.365535828694455,
            32.045017415434586,
            31.864892542292694,
            31.905589231936727,
            31.988021459143862,
            31.833334383896048,
            32.417228335120875,
            32.32486251677588,
            32.08521837305821,
            32.1651317442916,
            32.27391086522161,
            32.032202201431716,
            32.090345492747424,
            32.12688490454166,
            31.8268010532051,
            32.00484330628771,
            31.864908771123407
        ],
        [
            29.3390052684245,
            29.511554003190806,
            29.63148469613729,
            29.86121705587355,
            30.008757292584864,
            30.237798228041015,
            29.991517429019204,
            29.724396778534448,
            29.361435057290915,
            29.379843678798785,
            29.489523712268273,
            29.539843078103047,
            29.59050697237897,
            29.84233349643853,
            29.960615745750065,
            30.08927881494931,
            30.338568332586423,
            30.68669032395812,
            30.29025598529929,
            30.189564187948168,
            30.566462074566207,
            30.598825513831276,
            30.29773447030924,
            29.939849220211432,
            29.899354279702912,
            30.170058669634773,
            30.241842083634616,
            30.13470632600218,
            30.067430143344726,
            29.971128542821614,
            29.824856841021486,
            29.90816729368836,
            29.92023026422918,
            30.294515103656277,
            30.242787180173504,
            30.388055413660787,
            30.57240936628326,
            30.728529705162984,
            30.948695694189997,
            30.736689790963343,
            30.849435572293526,
            30.71984549258965,
            31.03295488704425,
            31.433212148404714,
            31.52118076152051,
            31.848297235512245,
            32.13444003305594,
            32.08974632349344,
            32.27983279638721,
            32.46306618543894,
            32.15324352160654,
            32.31806013317421,
            32.42990320827177,
            32.159199175233375,
            31.889043905765167,
            31.616507260324624,
            31.79921257074043,
            31.908757117466067,
            31.727240558878947,
            31.792272429673133,
            31.626237017024625,
            31.551455180765142,
            31.73852020208959,
            31.872416067493102,
            31.84112833126185,
            31.71051382240303,
            31.64462413622269,
            31.27816517410895,
            31.65824877402186,
            31.986505678058116,
            32.216760879666616,
            31.801819916286867,
            31.446233852484298,
            31.521991160285566,
            31.698252155036784,
            31.93215780906133,
            31.68041256432983,
            32.070595943674604,
            32.24545373352596,
            32.08902981177864,
            31.770969323750172,
            31.934498662879683,
            31.88986071544384,
            31.708506677233803,
            31.46364574442204,
            31.21802658526794,
            31.242291580829356,
            31.348050971998713,
            31.349966032444314,
            31.63904156207996,
            31.552033147823316,
            31.32123593637428,
            31.67990661938632,
            31.55883983157233,
            31.498367344613033,
            31.373085118621223,
            31.487282762312557,
            31.124739800657135,
            31.270789525878946,
            31.359017086937914
        ]
    ],
    "angle": 90335.0,
    "fluctuation": 753.7250349999999,
    "buy_difference": 1.01970121
}