{
    "id": 176,
    "name": "Pittston Brinks Group",
    "record": [
        [
            25.79474444285383,
            25.472209158818657,
            25.387343298027076,
            25.67905730943214,
            26.17990823186197,
            26.365301433397402,
            26.767222312352583,
            27.016953540101603,
            26.660645641131033,
            25.941451332026993,
            26.103454731874667,
            26.4267504729233,
            26.26958647967779,
            26.900723317532563,
            27.401312036002643,
            27.531272457519886,
            27.836707950029314,
            27.490836640444822,
            27.711938644313488,
            28.207437503135452,
            28.43667982922704,
            28.532768840568,
            28.75112624914018,
            29.01027400993114,
            29.120426068814083,
            29.160432018895627,
            29.268790788810445,
            29.212665882596024,
            29.492579033490895,
            29.37418096583752,
            29.1630976663324,
            28.746208463762247,
            29.018086309930606,
            28.459733388455504,
            28.89137262304034,
            28.34630333392501,
            28.06670096790732,
            27.263244086451397,
            27.067863205377805,
            26.87409394662648,
            27.29578483797377,
            27.441803535222505,
            27.082950173560956,
            27.582148333302026,
            28.148045623994456,
            28.06512635004532,
            28.251253825115132,
            28.107103544041895,
            28.330545363080365,
            27.760290003010386,
            27.390379174751743,
            26.590968076445225,
            27.137850842440503,
            27.049405046627527,
            26.651852954105248,
            27.280886540628593,
            27.05693115445839,
            26.765115332606218,
            26.29206924726478,
            26.766001996561602,
            26.27079491662036,
            26.753867131429473,
            26.51626116475454,
            26.425450460063583,
            25.753043186050377,
            25.568138148809155,
            25.571871788375255,
            25.210905759405602,
            25.76765020037494,
            26.051741863476995,
            26.102294663087328,
            26.871788356578648,
            27.210454009508748,
            26.77509230882475,
            26.52641781244562,
            26.164186709121356,
            25.8084595592464,
            25.621492782642456,
            25.05992631947105,
            25.718129821282933,
            25.366302051155746,
            24.938553548477277,
            25.48253892985128,
            25.55948998892744,
            25.95874105629616,
            25.7553528152,
            25.426957510345385,
            25.31598664283186,
            25.579678815133683,
            25.40592345520847,
            24.735369782200753,
            25.099290114697972,
            24.746931126390795,
            24.66697228033212,
            24.70942071302502,
            24.689783699201318,
            25.26347181787751,
            25.202673495814622,
            25.240864591994935,
            25.099940402176905
        ],
        [
            24.598710186644965,
            24.51062817568639,
            24.365361660341478,
            24.727046213435816,
            25.113447123920526,
            25.19545918274462,
            25.702562174866582,
            25.98923006670948,
            25.45485568804503,
            24.972185353239343,
            24.97262120770225,
            25.34516043538631,
            25.234832841590418,
            25.791991573672725,
            26.151602674601197,
            26.283487974822993,
            26.70542862725009,
            26.365695845539786,
            26.543218265116046,
            26.912922547836992,
            27.183060770266238,
            27.30759787668533,
            27.676880704107187,
            27.670650727058316,
            27.95376569713718,
            28.03710012703422,
            28.107447433384436,
            27.961092962590087,
            28.158708280026666,
            28.2681379341359,
            27.94434729580734,
            27.489911414451594,
            27.77484986030752,
            27.275831277901137,
            27.63148854016866,
            27.303638012837222,
            26.80265911837283,
            26.252501730515128,
            25.936674444556957,
            25.715009151991534,
            26.09506439372405,
            26.195464632593225,
            25.92780056122106,
            26.503662580739768,
            26.96901876912539,
            26.924564140318964,
            26.9735249027573,
            27.056921004953672,
            27.046535880956466,
            26.53913633614297,
            26.14377187815318,
            25.587153720730633,
            26.029761796309213,
            25.854364680675396,
            25.65604381415275,
            26.101650708393805,
            25.843516536861966,
            25.53679240981341,
            25.19582064645589,
            25.563086950774977,
            25.243584211939613,
            25.528601842531973,
            25.489674966737663,
            25.227784530048186,
            24.694084261782773,
            24.558552900217414,
            24.62383442880339,
            24.111518087678203,
            24.616962314475547,
            24.968010271377853,
            25.129543058785558,
            25.676912749038816,
            26.209568764171873,
            25.67667592321165,
            25.392469118179008,
            25.005761369685146,
            24.816743569896328,
            24.501755345882938,
            24.06558462874055,
            24.547630936052695,
            24.362244920492916,
            23.980264571620182,
            24.356722572869497,
            24.510942245825966,
            24.764959409989093,
            24.783083102489027,
            24.476914872274865,
            24.17823804535706,
            24.42277811086602,
            24.290759568579176,
            23.811167350511056,
            24.081669588909737,
            23.67013833902401,
            23.5889503029199,
            23.620116303095564,
            23.7696719997029,
            24.275648313827155,
            24.094027399144206,
            24.241772567206375,
            24.07024513548397
        ]
    ],
    "angle": 89794.1,
    "fluctuation": 1255.857867,
    "buy_difference": 1.043404804
}