{
    "id": 177,
    "name": "PerkinElmer Inc",
    "record": [
        [
            17.52051550279275,
            18.03242740317243,
            18.05359994330894,
            18.197789374996766,
            17.735943274637158,
            17.712176469798717,
            17.73801727857608,
            17.635815614137407,
            17.07716384611188,
            16.648560593797225,
            16.391648331845722,
            15.885334436206135,
            15.57725611331188,
            15.157047225084531,
            14.73558864142655,
            15.132132365893547,
            15.372884492176134,
            15.293665811306735,
            14.996808170810413,
            15.141040388036497,
            15.518563769522252,
            15.675623303323347,
            15.17964106835261,
            15.443117075726152,
            15.596306872768887,
            15.331661926649375,
            15.781326306299764,
            15.652628632430508,
            15.45791057013089,
            14.961508840182718,
            15.159620051210734,
            15.035367913839252,
            14.78232679997773,
            14.83402876941515,
            15.283373530342105,
            15.104857467646612,
            14.616212044879262,
            14.718792636853147,
            15.064965758802547,
            14.740786886397988,
            14.927711190494763,
            14.91896225458216,
            14.73347390322298,
            14.87491568663192,
            15.0974177267953,
            15.312875336203867,
            15.695868124367326,
            16.311040241855927,
            16.76314410445106,
            16.77792713487192,
            16.52694225139513,
            16.382078702153414,
            16.227853527060034,
            16.533716562959214,
            16.427461359167363,
            16.2852184331936,
            16.596955684927657,
            16.815067844991564,
            16.392795849266733,
            16.183991063453167,
            16.090367857353048,
            16.117545954115105,
            16.58382878462232,
            16.364602004491164,
            16.46479525868426,
            16.356873948865264,
            15.971488657277309,
            15.80552923596018,
            16.22982235266608,
            16.217604349661045,
            16.01655677340404,
            15.584878035074041,
            15.414373237882021,
            15.38203217581932,
            15.675665648687884,
            15.308936462818593,
            14.933881333262507,
            15.179359328399526,
            14.75080739752468,
            14.32335861017096,
            14.123579024755943,
            14.319738583143454,
            14.027494229092506,
            14.155131931766903,
            14.363584174371024,
            14.66561294534307,
            14.758316342724793,
            14.959411094124512,
            15.340805419733917,
            15.084042892721733,
            15.327471907237586,
            15.652654728646224,
            15.792581141897676,
            15.620763171582782,
            15.162843650594018,
            15.117457549138894,
            14.684744307647932,
            14.577945791547906,
            14.177798174951267,
            14.493380490009935
        ],
        [
            16.920632226179485,
            17.46375937340451,
            17.501758980445008,
            17.653906154542042,
            17.19725357849783,
            17.231116849489666,
            17.245865707500496,
            17.040477648923666,
            16.5303589953539,
            16.121922440509532,
            15.841469888968724,
            15.352150195807772,
            15.025934305890015,
            14.655617158287848,
            14.242415801120362,
            14.710806334698272,
            14.923890439912745,
            14.750912413018328,
            14.458832261641131,
            14.741654249866116,
            15.047222027384562,
            15.138907116596194,
            14.711231841773278,
            14.954610299903374,
            15.060805117393976,
            14.812628752848445,
            15.259243648220297,
            15.209179818769943,
            14.946527250239264,
            14.540556454248689,
            14.646411127974604,
            14.552486719029716,
            14.321879935459501,
            14.40221612150231,
            14.87425396958141,
            14.56590451504551,
            14.214956234536656,
            14.224762857173177,
            14.630829112994,
            14.22331832151814,
            14.510620873516336,
            14.502116388772867,
            14.291698770223478,
            14.3742118690854,
            14.573235291382344,
            14.883529992437714,
            15.271104484043049,
            15.777731921309108,
            16.280069979276934,
            16.180888286846802,
            16.01375466009711,
            15.876564982818138,
            15.745999716060952,
            16.023523643847053,
            15.920547234171881,
            15.777958793556236,
            16.1607898561023,
            16.333772014023292,
            15.836260183168875,
            15.725488417928696,
            15.511619417963784,
            15.689248523742549,
            16.001661078954566,
            15.810600008033344,
            16.01922281147344,
            15.807862692807607,
            15.542387726183597,
            15.373166530414615,
            15.71643000118677,
            15.728178964248011,
            15.537864757631855,
            15.106986420606189,
            14.907405763409058,
            14.950747799283256,
            15.154053727539932,
            14.830603452611298,
            14.415376882428898,
            14.642120179247481,
            14.237240799135002,
            13.87304598879875,
            13.751031198498346,
            13.887588222093651,
            13.56478615066197,
            13.660943548018405,
            13.97487497691426,
            14.19177141314184,
            14.35892485159338,
            14.463075865445274,
            14.877840641261159,
            14.678784686125242,
            14.878313402103046,
            15.180278759413447,
            15.302196619866395,
            15.105499847093133,
            14.753986409889695,
            14.636326445984544,
            14.230183025080532,
            14.071799424890164,
            13.752684673850277,
            14.072894228294023
        ]
    ],
    "angle": 91782.2,
    "fluctuation": 1871.30393,
    "buy_difference": 1.03214989
}