{
    "id": 178,
    "name": "Micron Technology Inc.",
    "record": [
        [
            2.4859177529297654,
            2.4585330947316133,
            2.4376276775731545,
            2.4747188750574254,
            2.420778996027306,
            2.4043588302490195,
            2.373761764245165,
            2.3222161005250266,
            2.2810679464269548,
            2.2188289505612393,
            2.2894236391046445,
            2.2352397855286714,
            2.209280840342388,
            2.157900333245871,
            2.175705677517889,
            2.191609561752155,
            2.253521732976911,
            2.1875090279908216,
            2.2063677748788093,
            2.1925880652233873,
            2.2510284070774738,
            2.1975140589879127,
            2.2320657100655508,
            2.2665573587260397,
            2.205262684974138,
            2.178988526466259,
            2.195384196977319,
            2.2328065449198413,
            2.2740518868595885,
            2.2324739112244107,
            2.1836604746096775,
            2.190256360752542,
            2.135191055754099,
            2.108598427501178,
            2.1355131589751273,
            2.1763440872139985,
            2.217483246507205,
            2.193912642263111,
            2.2112808579962797,
            2.255906398405269,
            2.2556038085465078,
            2.2150738103178513,
            2.2540115975014023,
            2.252437253580984,
            2.2206125934174623,
            2.2438184545632085,
            2.2679864676580177,
            2.230722048767492,
            2.1862971303416616,
            2.171387526788066,
            2.1775179983495168,
            2.227583950488888,
            2.185962013705236,
            2.2318135475344927,
            2.2007473241766733,
            2.175334473466625,
            2.111173675630238,
            2.1357457711811874,
            2.1403570042413054,
            2.0972064704655793,
            2.083083484942442,
            2.086133043854584,
            2.113838501154254,
            2.0860387712246773,
            2.0455972619649163,
            2.093827361709469,
            2.105416096941587,
            2.142113556143601,
            2.2036775559573876,
            2.1661040910336595,
            2.125743348287208,
            2.1329647630623603,
            2.1316192436551944,
            2.151102902135031,
            2.1541946666633947,
            2.1830859358431294,
            2.1966131777001823,
            2.26892496200225,
            2.2615284145629952,
            2.251494836599559,
            2.3058490433895495,
            2.3534698309298534,
            2.3898939699810158,
            2.3848852326860053,
            2.3836191784201755,
            2.3481542657073726,
            2.3846226552551126,
            2.3274788256481784,
            2.312052569652489,
            2.2781928905843336,
            2.2468172463373324,
            2.1697293604586494,
            2.2297961855885786,
            2.2277536236616218,
            2.2601175667558433,
            2.3284023294193066,
            2.299195476665542,
            2.346468454283431,
            2.423142999088101,
            2.4447670618168122
        ],
        [
            2.46153642506494,
            2.4361278587607464,
            2.4081739580997747,
            2.4455499167534844,
            2.3908123310625715,
            2.3703343669638874,
            2.3575623308012403,
            2.2980596913863747,
            2.258017452848309,
            2.1992693022803174,
            2.2565757215540447,
            2.2146475695734864,
            2.1771487884497396,
            2.1418833385920952,
            2.1429941869834424,
            2.1616732435035253,
            2.218977245777517,
            2.166705284163797,
            2.171248944458596,
            2.158762685070874,
            2.218731372026042,
            2.1787974539950334,
            2.1963192837631276,
            2.2311465688438616,
            2.176659582178243,
            2.1634664552020038,
            2.161730906582799,
            2.2020878582360974,
            2.249496068020608,
            2.2063807239034783,
            2.1659304936134793,
            2.165522302278535,
            2.121685141479299,
            2.084994970985374,
            2.1015221238702475,
            2.152412731527661,
            2.2025715241604984,
            2.1700051227311015,
            2.189154706790298,
            2.221104196968142,
            2.2370653122242206,
            2.186125255513996,
            2.2384045766204084,
            2.2238881797792396,
            2.197073372861627,
            2.223147207353072,
            2.2500231701344036,
            2.211944376659585,
            2.1583708736122786,
            2.1440798032966373,
            2.1454203216239764,
            2.2002285715640473,
            2.16582377075364,
            2.2000114786692966,
            2.1855091109038174,
            2.146905267663849,
            2.092772800885482,
            2.1181923715219195,
            2.107547231851192,
            2.0638251642159897,
            2.0614146071317756,
            2.0582533581559272,
            2.0985698277036042,
            2.0686864362286173,
            2.0202749471634918,
            2.067701507957138,
            2.0764500328783964,
            2.1283499928255005,
            2.170761722698746,
            2.1495946885206827,
            2.107849361180318,
            2.1126797484841227,
            2.113675794699563,
            2.1287264653376257,
            2.1273155763217004,
            2.1577856450668302,
            2.1800900186966627,
            2.23904917444754,
            2.226196192683697,
            2.2374780826324536,
            2.2834624328178412,
            2.3252652802643947,
            2.3726312932962115,
            2.3614948092862087,
            2.3463795129154787,
            2.3209409596553323,
            2.348302332112125,
            2.306961395857362,
            2.2967355935528717,
            2.244834872833566,
            2.2132570452801725,
            2.1551387646371847,
            2.210361403509316,
            2.194478171624845,
            2.240867756925767,
            2.2954527386287595,
            2.2777858547305363,
            2.3311576480157834,
            2.3862359703996843,
            2.429302958841217
        ]
    ],
    "angle": 89402.4,
    "fluctuation": 1563.302214,
    "buy_difference": 1.011219508
}