{
    "id": 179,
    "name": "Dun & Bradstreet Inc.",
    "record": [
        [
            6.8868533164622345,
            6.8433535337120865,
            6.849766874649956,
            6.861430481527228,
            6.766385865344548,
            6.77462653740288,
            6.665256895535894,
            6.632111317507877,
            6.590101560389026,
            6.504937082497244,
            6.6402429140395745,
            6.663488305180234,
            6.724667457200275,
            6.660727069031065,
            6.698100892597318,
            6.698863559030719,
            6.5549199241286,
            6.641011530964489,
            6.688102981078453,
            6.688636215495609,
            6.774234405555199,
            6.860021473546288,
            6.862670611530975,
            6.978156057547331,
            7.080432191148849,
            7.129005147650613,
            7.04868775933462,
            7.049454315969668,
            7.068099636625586,
            7.088065359430344,
            7.130744255006061,
            7.112034792742017,
            7.171221667067849,
            7.038682895428184,
            7.091314653466634,
            7.062600919616355,
            6.991340886087301,
            6.9059410928003375,
            6.834982207700482,
            6.772402088451961,
            6.70644760756356,
            6.799685616697717,
            6.795920352829617,
            6.8012567964868715,
            6.903833274081591,
            6.780101360097858,
            6.8729546491360916,
            6.8695958635012255,
            6.936167491053594,
            6.845444115130202,
            6.779087840285799,
            6.820332854195131,
            6.72512142298577,
            6.851245263693822,
            6.766981949714791,
            6.767284725545427,
            6.697558447637192,
            6.617540947375527,
            6.530012168301009,
            6.5244818213833815,
            6.606168443224225,
            6.598563887577612,
            6.731151533762643,
            6.608118410415897,
            6.5613432959099365,
            6.435542219663377,
            6.5113043633479855,
            6.558673785524491,
            6.559261861576436,
            6.496843664544568,
            6.583273514299307,
            6.568388378017746,
            6.4958035705581745,
            6.426594654454411,
            6.448894420049857,
            6.519114599572001,
            6.503021536609776,
            6.547357442176303,
            6.487418903989021,
            6.37497005330981,
            6.445544167094753,
            6.420938071955924,
            6.468202088741452,
            6.522113295375676,
            6.502846550931088,
            6.603091890388769,
            6.516473581283723,
            6.574621792680258,
            6.7038089017814935,
            6.751420642918475,
            6.727713996753728,
            6.608380124731671,
            6.548208120651756,
            6.632310844203312,
            6.690206060339149,
            6.5882404556912375,
            6.647190089136415,
            6.73866249547315,
            6.781808031745683,
            6.853378649993136
        ],
        [
            6.628415877330359,
            6.638124701547263,
            6.6138030990843335,
            6.6085550820892545,
            6.522214426862544,
            6.545175587454458,
            6.461477029347004,
            6.436448360693008,
            6.368810769681177,
            6.302264866601001,
            6.391696512915418,
            6.428802091468453,
            6.527585162230509,
            6.455790262263125,
            6.458326441060655,
            6.442988090611086,
            6.344964481000578,
            6.445085996819743,
            6.494049512674718,
            6.462097686023661,
            6.558568353165381,
            6.6290039365610784,
            6.650186246113394,
            6.737769475061028,
            6.832425767675551,
            6.886863072323045,
            6.788234406317795,
            6.786943252211303,
            6.821206420794029,
            6.882407092630148,
            6.872738970771055,
            6.848558124612304,
            6.903488298021297,
            6.826910867041435,
            6.873819076001372,
            6.8233965175484865,
            6.781673985458894,
            6.688762863528432,
            6.608112277615872,
            6.511773093225113,
            6.500756171429852,
            6.575303117723782,
            6.595424642360655,
            6.590673946711845,
            6.656029934500275,
            6.577429747961527,
            6.624276733567914,
            6.6655875422094235,
            6.6898736357341395,
            6.621539686012645,
            6.518850257075021,
            6.597249777563918,
            6.527370070001291,
            6.6244983701846545,
            6.5397516448953725,
            6.508795784276633,
            6.441732830358163,
            6.410717562029402,
            6.332273171021516,
            6.310443858479931,
            6.355098835835986,
            6.384012756908076,
            6.471466033063281,
            6.3868614409677,
            6.315121011110187,
            6.231283225068599,
            6.281350831652593,
            6.34287922014663,
            6.340909298720291,
            6.261149679726299,
            6.340649483636924,
            6.332625358964186,
            6.274541339134519,
            6.180503779442004,
            6.254867288486223,
            6.28449312340821,
            6.301672749421646,
            6.3287679744932595,
            6.250819910811196,
            6.179445265477901,
            6.254757142140874,
            6.178753711719903,
            6.2717053609848135,
            6.294291729707734,
            6.28134441915696,
            6.372441690892194,
            6.279441142149537,
            6.346867850025625,
            6.445819645466754,
            6.507789238652625,
            6.4758935252239445,
            6.410841624588993,
            6.330856930353407,
            6.4314740827735255,
            6.459093448209379,
            6.37849574858328,
            6.423982307385091,
            6.5175982588470545,
            6.56919204206434,
            6.6199365767503915
        ]
    ],
    "angle": 90083.8,
    "fluctuation": 931.167068,
    "buy_difference": 1.034953005
}