{
    "id": 18,
    "name": "Ford Motor Co",
    "record": [
        [
            14.152760968920216,
            14.091800252502296,
            14.136361321267948,
            14.054594679776834,
            14.005185224183297,
            14.10529728571367,
            14.083455987835361,
            14.090589783424356,
            13.97506009843851,
            14.039420381945236,
            13.982973095444262,
            13.952366386636875,
            14.058081579194111,
            14.014815730307832,
            14.075961493333649,
            14.074515798187482,
            14.051964721110135,
            14.077922714411438,
            14.011432036626474,
            14.093800561322672,
            14.014712085637974,
            14.092045034967901,
            14.08979617614717,
            14.113151347226523,
            14.031273405219387,
            14.018301661234814,
            13.990419388740081,
            13.998957885229698,
            14.097976437467345,
            14.132111456110518,
            14.136556146073072,
            14.07643544608689,
            14.16880206898749,
            14.172118115722835,
            14.082772188810344,
            14.07116929536486,
            14.112945234250633,
            14.096842384520208,
            14.173476044652647,
            14.119628168534609,
            14.147015253778516,
            14.123836465404569,
            14.106705523387335,
            14.12626084222207,
            14.128622610319123,
            14.084783630114318,
            14.072755770936837,
            14.091152110962089,
            14.121924029221008,
            14.113382577551917,
            14.120910160606478,
            14.109448988318658,
            14.065681787869107,
            14.103038002945452,
            14.095797112058811,
            13.997094669771768,
            14.021104019633299,
            14.046614131195819,
            14.077319389715754,
            14.10714635033895,
            14.022646305704003,
            14.044887509625827,
            14.075701297393959,
            14.075488055818965,
            14.062770510006525,
            14.124681266756248,
            14.084973464685905,
            14.113706760253592,
            14.153455747921033,
            14.060395968547923,
            14.148717222408091,
            14.03601879833224,
            14.130749644644508,
            14.108312008647188,
            14.06147373790174,
            14.05419247199676,
            14.15109821999854,
            14.162595015718436,
            14.130629822156637,
            14.077919657430545,
            14.062983754075715,
            14.103036339690407,
            14.118220042068797,
            14.057179412139988,
            14.045660710354268,
            14.017857366318465,
            14.156780574511483,
            14.034424549351602,
            14.061990163864673,
            14.06267026989851,
            14.132521369036207,
            14.05167939451969,
            14.07114367918329,
            14.058570451397394,
            14.172227235119962,
            14.07325582081984,
            14.17084411233497,
            14.044710098539396,
            14.02832757750243,
            14.025457204492033
        ],
        [
            13.497034886626606,
            13.47793386604752,
            13.461229439026724,
            13.453128791488567,
            13.434113320615307,
            13.423617294579367,
            13.406839965031367,
            13.397603590129279,
            13.411952859140104,
            13.399651402196136,
            13.385914062109647,
            13.384792740336481,
            13.385353424709447,
            13.386872117173612,
            13.4050509804473,
            13.40233756741686,
            13.395557466801215,
            13.413607466860043,
            13.419884594024758,
            13.422039774850422,
            13.408232726621288,
            13.419029633559598,
            13.430280958108467,
            13.423065236586067,
            13.426767829182156,
            13.40629423933068,
            13.422646237393863,
            13.432187777821921,
            13.452849863801605,
            13.451816838428114,
            13.468130221661092,
            13.460541957989507,
            13.470628039264591,
            13.471098269301812,
            13.488212842466822,
            13.473045734632331,
            13.479256529961821,
            13.469265502067477,
            13.483126138862245,
            13.47755124385104,
            13.460636114091452,
            13.447961710653038,
            13.457145185254046,
            13.474453956456456,
            13.478053073377882,
            13.495553827829502,
            13.49079755943816,
            13.48406679675983,
            13.464937193703978,
            13.455449581829582,
            13.443834943673265,
            13.459762324020446,
            13.452953172828687,
            13.456335118677329,
            13.44136788895492,
            13.423655797550458,
            13.413004199263327,
            13.398482264266068,
            13.406344154646227,
            13.408005652939838,
            13.419857218495952,
            13.435756191595472,
            13.434279015469304,
            13.447516287089522,
            13.46095473734922,
            13.45815955594275,
            13.466009430633912,
            13.46382404169075,
            13.448004459529031,
            13.453287553061159,
            13.444839911558024,
            13.446130647439023,
            13.45052058213505,
            13.437199656545692,
            13.446234877083922,
            13.448699479973511,
            13.449779297461424,
            13.468749765372403,
            13.453088562887785,
            13.471404433462684,
            13.455763601595562,
            13.465752023314817,
            13.461405525195666,
            13.452905856219457,
            13.447273075810074,
            13.453025665644176,
            13.473955331886314,
            13.462160390428497,
            13.457509808986392,
            13.478422890619585,
            13.473696167469768,
            13.47059276571059,
            13.490606475962549,
            13.477198853020061,
            13.47254307645377,
            13.470991329652612,
            13.468546596636912,
            13.472026538654442,
            13.463073993009887,
            13.442755878382345
        ]
    ],
    "angle": 89918.8,
    "fluctuation": 89.08351900000002,
    "buy_difference": 1.047221585
}