{
    "id": 180,
    "name": "Brown Shoe Company, Inc.",
    "record": [
        [
            4.968091150648739,
            4.859964052020028,
            4.886270952174285,
            4.8398405690445525,
            4.810315910887373,
            4.7329907505738005,
            4.813657725632816,
            4.854099958715541,
            4.9088542542488565,
            4.89174655266245,
            4.859017488135853,
            4.905316813601068,
            4.8240694245946605,
            4.772971397350491,
            4.7925838676432955,
            4.822791518401691,
            4.895890775716315,
            4.839177128749578,
            4.933100818505228,
            4.9689180707299565,
            4.914668755050518,
            4.881637556912573,
            4.917607887661349,
            4.867479310007499,
            4.943930387432261,
            4.935306549996967,
            4.890818221445119,
            4.848669630162338,
            4.946770637758687,
            4.8678608600093165,
            4.850581794800675,
            4.841342981972056,
            4.768763111801993,
            4.759733080621789,
            4.732106761358397,
            4.746587164360128,
            4.732189295348544,
            4.697152581844372,
            4.693416013148908,
            4.687072526976446,
            4.706586900262085,
            4.662801412902217,
            4.611174843947064,
            4.584804866092582,
            4.6239268419061785,
            4.554941870597865,
            4.520461553402609,
            4.5189269819063025,
            4.500310754215976,
            4.453692136939595,
            4.38090860094615,
            4.35664138712466,
            4.3809689562472744,
            4.428507450417503,
            4.459029356035117,
            4.438213565774605,
            4.405723343443859,
            4.454227138173213,
            4.42271157314352,
            4.3925110888677015,
            4.321145087945401,
            4.268444980712696,
            4.287751257185949,
            4.301942697255311,
            4.290361830082489,
            4.273845367153738,
            4.259277825590919,
            4.21999602503311,
            4.270916877983742,
            4.246686688725653,
            4.248122691414538,
            4.158778715591369,
            4.18376770072108,
            4.208307417524185,
            4.128668575924333,
            4.141719357648941,
            4.1500890519763765,
            4.188283576485824,
            4.148315769148521,
            4.090489758781934,
            4.079620542486913,
            4.027519459943392,
            4.0600258597596435,
            4.081508743808293,
            4.092512088640966,
            4.06430443769337,
            4.0911782909382515,
            4.153735343398394,
            4.1011682314286775,
            4.07908662706387,
            4.1013787162513236,
            4.116412107382476,
            4.109215138647573,
            4.061347462505467,
            4.154703852062533,
            4.1964212223630915,
            4.207182012437149,
            4.254216221376228,
            4.264763376310753,
            4.22416612499151
        ],
        [
            4.767280717450289,
            4.705677095133486,
            4.687368062361401,
            4.644214029230692,
            4.6473368151573275,
            4.585497934862917,
            4.625996030684474,
            4.695754736084715,
            4.723130976142498,
            4.727429705574424,
            4.673780415904286,
            4.718314703166528,
            4.662025894855428,
            4.595599656691598,
            4.643233968938429,
            4.647281375454057,
            4.7177204180254755,
            4.686491430459254,
            4.736061649007089,
            4.7799682320827355,
            4.755302027400367,
            4.696944004682502,
            4.723539432524306,
            4.705864489175565,
            4.764487991710988,
            4.774312293377366,
            4.727480328302639,
            4.689560437994999,
            4.753919501405728,
            4.70198969756785,
            4.668460959744696,
            4.664691481540101,
            4.60027693644405,
            4.59156594720014,
            4.573152315387123,
            4.5642700592294885,
            4.553604471527845,
            4.538917285084624,
            4.5153930614318964,
            4.501204995870386,
            4.555339129863641,
            4.494461265029538,
            4.432290627166872,
            4.440591186879985,
            4.44410484757772,
            4.385234524124365,
            4.372999923614286,
            4.33627178148586,
            4.338270713060673,
            4.287329004464006,
            4.243961133081473,
            4.206504097912429,
            4.219007399444815,
            4.264362458898172,
            4.283058241968112,
            4.298610872498566,
            4.255599403300849,
            4.285276706220431,
            4.259206819097473,
            4.214965623650273,
            4.161395180424387,
            4.12382510209818,
            4.142892420558581,
            4.165370977720898,
            4.11612586767373,
            4.1406607656334415,
            4.112495850690287,
            4.087257299873095,
            4.137823536120653,
            4.095826448506822,
            4.0812880455826885,
            4.021904826141832,
            4.023871260524392,
            4.052324257713734,
            3.9927856725815225,
            3.989798326329124,
            4.017127814751226,
            4.0419241863469395,
            4.00175074972218,
            3.9459678023248483,
            3.935088863469918,
            3.8801750644592685,
            3.920110447277604,
            3.9420373823152444,
            3.932572440558732,
            3.909753757488146,
            3.938749778911162,
            3.9941897631605756,
            3.9499452849222623,
            3.9298556775502096,
            3.960038213838038,
            3.9757480448702855,
            3.9787618488396936,
            3.9343894951585483,
            3.9879613560842166,
            4.038055379853414,
            4.063416204213945,
            4.110078429670967,
            4.124815079695844,
            4.09294097277558
        ]
    ],
    "angle": 89249.9,
    "fluctuation": 856.26109,
    "buy_difference": 1.037247573
}