{
    "id": 181,
    "name": "Public Service Enterprise Group Inc.",
    "record": [
        [
            31.897866242686593,
            31.95972811329238,
            32.01272264018185,
            31.939707622548468,
            32.028607752395175,
            31.90859774760028,
            32.01656430994121,
            32.08401434719141,
            31.816793557542365,
            31.992116256143763,
            31.859682538049356,
            32.157492728286336,
            31.922910711347726,
            32.09811052736954,
            31.928680476188074,
            31.828346514831335,
            32.04939531858255,
            32.044856870261206,
            31.976812174471178,
            32.058498354921184,
            31.748462730455635,
            31.83513606817968,
            31.87376541712132,
            31.846974194658312,
            31.69095538378831,
            31.562243103778577,
            31.594366396727263,
            31.484378256045417,
            31.838050173669913,
            31.73688310469332,
            31.784326649532716,
            31.62597922761888,
            31.664370014454228,
            31.54933704536311,
            31.852125024934058,
            31.64582491319801,
            31.73551676585409,
            31.859942916696955,
            31.75780082248164,
            31.792203478526975,
            31.476976691875432,
            31.72128185379899,
            31.582803736845875,
            31.550387598817984,
            31.662742713913673,
            31.73209922227315,
            31.63897228845079,
            31.69965325914765,
            31.834567879105467,
            31.760433941446074,
            31.84688550398292,
            31.79097295733583,
            32.087746009447045,
            32.06754696675011,
            31.895655239733003,
            31.729511546022927,
            31.910521797540593,
            31.840930138665122,
            31.976442720085398,
            31.95113730367477,
            31.855448250464498,
            31.92285752576242,
            31.88200850958115,
            31.99518217615971,
            31.995640458371568,
            32.07282999543286,
            31.908636992241235,
            32.100258698381644,
            31.968788179850097,
            32.06987122213111,
            31.857532658294957,
            31.99466696891638,
            32.02321729822844,
            31.95194154152941,
            32.14214600758421,
            32.07196663336824,
            32.037656606653755,
            32.00373594500745,
            32.04746983293707,
            31.98818900071665,
            32.13617269042381,
            32.13540752259315,
            32.04635907577341,
            32.01113192893374,
            32.10528798786882,
            32.0089637546758,
            32.105361532694,
            32.03787956369445,
            32.16388208174485,
            32.21505194769471,
            32.050375589714946,
            32.12910370520734,
            32.16271354086709,
            31.95022606773272,
            31.973979860750408,
            32.0056820801206,
            32.136093904331446,
            31.947217353462623,
            31.998656087928705,
            32.2519484404271
        ],
        [
            30.480108836796724,
            30.49655583407298,
            30.528845257367113,
            30.568966635425483,
            30.58364573103182,
            30.560603580967207,
            30.630261759999186,
            30.59683239847634,
            30.558378283505245,
            30.570169740751474,
            30.608794142898233,
            30.602812000842754,
            30.59576324306918,
            30.540221816002944,
            30.51870268323761,
            30.47763730446152,
            30.49690552833523,
            30.5108041429864,
            30.573877370588402,
            30.50556760874208,
            30.465210207235543,
            30.441460933253328,
            30.432750045677043,
            30.407170056429933,
            30.349115849003315,
            30.29259725731019,
            30.326472244901858,
            30.25734528501126,
            30.307862085962558,
            30.299030828024122,
            30.338266963292728,
            30.299028692695963,
            30.329731200352402,
            30.310633566832706,
            30.351475983359258,
            30.284665153610426,
            30.297726391716537,
            30.358925550818142,
            30.291781807038443,
            30.258194328511284,
            30.228965571246263,
            30.290184757663912,
            30.321461023454216,
            30.314688657062128,
            30.32209774317262,
            30.361151514123144,
            30.390642682273707,
            30.354405443565764,
            30.410507111187616,
            30.47363948236399,
            30.525958303458257,
            30.533578937612912,
            30.603443191604082,
            30.56588653579179,
            30.545148425715023,
            30.48067151896197,
            30.5227032453019,
            30.492740462242672,
            30.50946066441201,
            30.482274647549502,
            30.482221446036746,
            30.449219082670922,
            30.492379873972276,
            30.55172814067497,
            30.591879591695633,
            30.546562870052032,
            30.603554806249733,
            30.60927109463244,
            30.560094009068145,
            30.565055194943966,
            30.511695761092735,
            30.475154803780683,
            30.526675669032553,
            30.571495806739957,
            30.597342583195154,
            30.637286269369113,
            30.671921855780216,
            30.648652842217853,
            30.61082726349056,
            30.633764177371198,
            30.634352314714477,
            30.700956275845495,
            30.707923682656993,
            30.671094254808054,
            30.69364744200634,
            30.622990305290703,
            30.608032399484088,
            30.64145703741231,
            30.70361898720415,
            30.72179604726142,
            30.711772444486545,
            30.64288777871728,
            30.68412426904168,
            30.618874058213155,
            30.620156672336158,
            30.59842111615248,
            30.597673473948756,
            30.665163156175534,
            30.736134998802775,
            30.806139385339364
        ]
    ],
    "angle": 90030.90000000001,
    "fluctuation": 132.766659,
    "buy_difference": 1.045782137
}