{
    "id": 182,
    "name": "Rockwell Collins Inc",
    "record": [
        [
            14.210609845353122,
            14.521823317967952,
            14.243912883160025,
            14.098792691319899,
            13.851390579112147,
            14.146736922415238,
            14.412104815760369,
            14.434682149712305,
            14.612799951243861,
            14.868147193829968,
            14.761528887517372,
            15.00853908979574,
            15.1878162702007,
            15.462107103383103,
            15.10616289527238,
            15.315105733786371,
            15.653752176545987,
            15.770477847145521,
            15.502726684495281,
            15.894870068728892,
            15.809830893511544,
            15.965912972902293,
            15.777866997348864,
            15.573182915397162,
            15.308275943594078,
            15.142717429137972,
            14.891963637653417,
            15.056245302501182,
            14.896093491662272,
            15.114556685561727,
            15.326527958973472,
            14.99181148391221,
            14.805280287936744,
            14.869667801344564,
            14.800554408194543,
            14.814564463300968,
            14.701818556289972,
            14.46779237928031,
            14.757766179377112,
            14.715970871702332,
            14.964978965392602,
            15.097834415662621,
            15.07248622687469,
            15.219203096431398,
            15.076171848690192,
            14.945111829488352,
            15.1289252856283,
            14.829285891162773,
            14.853812964913331,
            14.861099877837368,
            14.579656336138278,
            14.801280077663375,
            14.932613678596844,
            14.568112706627875,
            14.489002223275643,
            14.621247805154075,
            14.469351500685649,
            14.683532742406836,
            14.641352882626547,
            14.840419185105114,
            15.12059390296173,
            15.026533958695929,
            15.180637241309393,
            15.499095552070658,
            15.752536267300844,
            15.564615733666566,
            15.888981306823181,
            15.698481950592436,
            15.545233790487888,
            15.46960241447027,
            15.205838541396949,
            15.162720186816943,
            15.130537967241953,
            15.097919586633983,
            15.428565425678643,
            15.587067028231129,
            15.346405191450877,
            15.387352009590789,
            15.633564327076906,
            15.691214664172357,
            16.05200122330335,
            16.369765807131607,
            16.281627261265584,
            15.931817749780018,
            15.87157592138358,
            15.515649385887558,
            15.120921759077893,
            14.865269416922569,
            14.847167600457785,
            14.673763392403345,
            14.817857803908034,
            14.924297127434631,
            15.275808099911627,
            15.279728318917858,
            15.01371492618074,
            14.810298748616605,
            14.938852322385099,
            14.920811288893377,
            15.023268103994559,
            15.169885334053557
        ],
        [
            13.62707101437688,
            13.924118214481371,
            13.68490165253756,
            13.559006034693843,
            13.369147209120722,
            13.639171732865638,
            13.901978633686058,
            13.913999464778351,
            14.128123308838347,
            14.271821056205164,
            14.229056304112698,
            14.518025487995232,
            14.607794263825165,
            14.874581590181581,
            14.562716672695732,
            14.771537407033392,
            15.060449269582923,
            15.215319685680795,
            14.953997204908445,
            15.275638627124662,
            15.230396034828967,
            15.376142510698399,
            15.22702598262042,
            15.027981622247342,
            14.81243051629611,
            14.54552933455005,
            14.316090049910754,
            14.529141469360646,
            14.314343611190594,
            14.521376496773994,
            14.730908254127412,
            14.500387838986084,
            14.294125305538367,
            14.36349101710668,
            14.259536490557553,
            14.33615135971958,
            14.12765586104204,
            13.957093324430337,
            14.238257866510597,
            14.193667219196032,
            14.37193289375372,
            14.515449012357404,
            14.531706443474201,
            14.677568318583681,
            14.497517220153885,
            14.337123133535624,
            14.548245871174068,
            14.292938333600855,
            14.343858921493704,
            14.26221276404256,
            14.089005495441844,
            14.236019870742323,
            14.326560800234555,
            14.096241667945325,
            14.001402175798415,
            14.06989023764042,
            13.986623908524075,
            14.138304347046592,
            14.075170435564575,
            14.260843600948311,
            14.572251595169082,
            14.523759541099572,
            14.573230687995668,
            14.892309857888474,
            15.217832519860298,
            15.034782300585208,
            15.24867162354234,
            15.0508478529598,
            14.968008743642773,
            14.841755389682652,
            14.607618384119853,
            14.567649791431585,
            14.525135982438833,
            14.604484824474525,
            14.849732611201249,
            15.053448978081757,
            14.803208816670196,
            14.814507972404325,
            15.071144767731502,
            15.096491867424394,
            15.379063588919054,
            15.716346862004066,
            15.744760951357822,
            15.395662466518903,
            15.212256769450123,
            14.874076927579821,
            14.587167869861133,
            14.330489369321006,
            14.24600211419362,
            14.092257881694131,
            14.271923232295974,
            14.304328765502408,
            14.638323405509574,
            14.642080027303871,
            14.50991289588478,
            14.311886072457545,
            14.348272727992992,
            14.355288044874506,
            14.407793493763098,
            14.56871904271579
        ]
    ],
    "angle": 91222.4,
    "fluctuation": 1339.230919,
    "buy_difference": 1.038563917
}