{
    "id": 183,
    "name": "Mohawk Industries Inc.",
    "record": [
        [
            38.325374234449534,
            38.107966650325416,
            38.03525212261004,
            37.5056433646705,
            37.41518941301695,
            36.95831888252128,
            36.785073268518644,
            36.563056555160806,
            36.444286620280394,
            36.616363035118184,
            36.32498749883627,
            36.456016191515886,
            36.045046114706494,
            35.788155440690076,
            36.197265090012635,
            36.675422798985196,
            37.11255247706318,
            36.81500126343357,
            37.57361255463571,
            37.88837590685817,
            37.319638530996286,
            37.71846696135647,
            37.40468223249025,
            37.33860407286429,
            37.744886529557505,
            37.04370638202568,
            37.77157058120501,
            37.26123176341563,
            37.699375975616924,
            37.9105142491187,
            37.70647589100196,
            37.6468680397382,
            37.30083731425851,
            37.8747860946547,
            37.56615162933906,
            37.957965700584474,
            37.53140276573824,
            37.689858814783484,
            37.60301636757854,
            38.30539612274955,
            38.37882903099723,
            38.339630943220456,
            39.045272890936545,
            38.72713937493408,
            38.39791384013485,
            37.9687005494917,
            38.09149073039613,
            38.10005624827691,
            38.29427983918655,
            38.357814970294704,
            38.63130062806248,
            38.52041337781676,
            38.22504921457754,
            38.73486461259411,
            38.21255651516267,
            38.344499651553825,
            38.24051882924986,
            37.85889625842439,
            37.90533415470636,
            38.15857847759639,
            38.210684290804835,
            38.483660271252994,
            39.00823091551969,
            38.93553572535122,
            39.26850346190018,
            38.90400358683103,
            39.10712445093386,
            38.42073708316992,
            38.705891312912854,
            38.60858567957967,
            38.52855178125053,
            38.81948125956881,
            38.19654177167761,
            38.184460707155324,
            38.032779103343046,
            37.549809728749146,
            37.122952586030216,
            37.02585161807634,
            37.06448902996617,
            36.93210781102039,
            36.36948794828391,
            36.38616121747971,
            36.37555008161518,
            35.71179777812912,
            36.027622490267944,
            36.068329945697066,
            35.98226224502944,
            36.13247462448564,
            36.53661740777998,
            36.98618952604841,
            36.3166070254991,
            36.98148614432886,
            36.97438933581909,
            36.53762380341396,
            36.22038177288969,
            35.96441027981928,
            36.17814672657503,
            35.820146848225384,
            35.32217895178445,
            35.27821236379168
        ],
        [
            37.38229068299725,
            37.03268929395009,
            36.884561198128445,
            36.443716789017785,
            36.20737369858536,
            35.98385684613047,
            35.618882667488045,
            35.39684983170817,
            35.49404737610572,
            35.558280379811094,
            35.31414682831883,
            35.40256698967019,
            35.14043801529204,
            34.75747870278047,
            35.08817203751399,
            35.516247664621254,
            35.925239879207425,
            35.93433387950062,
            36.35706185442924,
            36.70549623708089,
            36.30291165830898,
            36.50449655874265,
            36.396569445455754,
            36.25602779169807,
            36.511882603592106,
            36.17573767736112,
            36.54497122429452,
            36.278782970275856,
            36.56249535605249,
            36.712302419649504,
            36.72332663843249,
            36.7020596564181,
            36.2447095722819,
            36.68501564250035,
            36.40059018341317,
            36.86479976944843,
            36.39958762755049,
            36.54232329196161,
            36.666666125477136,
            37.13170941997509,
            37.47957715330875,
            37.42249224092583,
            37.77354996209302,
            37.52929852264031,
            37.39673620684761,
            36.98242088420053,
            37.012976600681455,
            37.15505780446014,
            37.22119034014134,
            37.31654004240498,
            37.699610765369236,
            37.41852926738071,
            37.127902378228505,
            37.49191566453186,
            37.14918914989626,
            37.203017356598224,
            37.17265421225373,
            36.853303704338344,
            36.84314376465255,
            37.06333950429233,
            37.05098826535684,
            37.45021766550883,
            37.7377144612627,
            37.810437228087245,
            38.22546949646592,
            37.85548182051981,
            37.814562533977565,
            37.37027101531532,
            37.65516738046329,
            37.38458459060689,
            37.6068938228242,
            37.555112470509464,
            37.20061466350347,
            37.066247997873404,
            36.91163336174975,
            36.482984337898834,
            36.0466287931517,
            35.94875076029451,
            36.17058672448595,
            35.92953563824367,
            35.50304423183494,
            35.46231836937846,
            35.29973106939351,
            34.86802828950236,
            34.93418249086027,
            35.11029768336874,
            34.97745933263924,
            35.16921531396806,
            35.47020443694242,
            35.79935317528224,
            35.45854759290088,
            35.75918045722624,
            35.748760766606395,
            35.39338602502639,
            35.05462730336923,
            34.94612184033091,
            35.0696394654065,
            34.78159593480327,
            34.387410589643856,
            34.18704775294526
        ]
    ],
    "angle": 89459.1,
    "fluctuation": 737.920531,
    "buy_difference": 1.029138811
}