{
    "id": 184,
    "name": "United Stationers Inc",
    "record": [
        [
            3.241241276627084,
            3.251321016586618,
            3.2575889831787577,
            3.3019746204967633,
            3.3737743254356904,
            3.4361153319536935,
            3.4007656737910517,
            3.3637979184744893,
            3.3158670566073516,
            3.2814071337578747,
            3.2640570541484593,
            3.267511816378746,
            3.3259914215013087,
            3.355118599053418,
            3.423455020243319,
            3.475022863630095,
            3.53927053071529,
            3.585974335285773,
            3.6467781303021876,
            3.650717757346326,
            3.621555949833782,
            3.59154014543252,
            3.548889654607805,
            3.558913345863014,
            3.533751191509314,
            3.5338542783531564,
            3.548471872626263,
            3.576597338838074,
            3.528410050220237,
            3.5792995764487694,
            3.6493049569175784,
            3.63875412564399,
            3.6567720246218536,
            3.698013050743769,
            3.7415016109467074,
            3.757313104230932,
            3.821459088733668,
            3.8213110647205393,
            3.755275357862613,
            3.7879474686897066,
            3.820979866317353,
            3.823046104775445,
            3.8658576526010617,
            3.88355804685672,
            3.8435384956043284,
            3.862739393590104,
            3.839844104966384,
            3.8437709742587574,
            3.7956613089888025,
            3.8057356697919467,
            3.7953192501078625,
            3.802114924579728,
            3.7147817838787494,
            3.6462275078836557,
            3.6984884560244318,
            3.7644506404528446,
            3.6732125354236893,
            3.6717676288596737,
            3.646551303460396,
            3.5636081341193226,
            3.601939414766773,
            3.6634273643530815,
            3.7269005145498246,
            3.6680762434854435,
            3.710947559876195,
            3.721229285855124,
            3.7349143180217044,
            3.7260329224522692,
            3.797788467710667,
            3.7461971978026045,
            3.6795763253418614,
            3.733170802400408,
            3.788304408743866,
            3.7827865973273105,
            3.6964825586123355,
            3.6339305054459325,
            3.6217450347450058,
            3.668281038111499,
            3.695209470887076,
            3.7537170659580883,
            3.7395663879870646,
            3.8300211633573964,
            3.841937482588331,
            3.7827937729654573,
            3.7112602041383744,
            3.7162058729150753,
            3.6780122092957903,
            3.6667401436853098,
            3.70302672775051,
            3.7281421016854397,
            3.745381127002143,
            3.801883077108892,
            3.8862149358276556,
            3.827132910543967,
            3.84946081915981,
            3.8903288258229116,
            3.8805836236471674,
            3.9110213364097133,
            3.8724509434913625,
            3.8508736689092125
        ],
        [
            3.1504325092425747,
            3.153613875350645,
            3.178388016247754,
            3.2062612492400127,
            3.2684772245290983,
            3.3331871291194775,
            3.3204145033179673,
            3.2839906465709023,
            3.232655802958483,
            3.2003433501482976,
            3.1729260404225044,
            3.19223115086687,
            3.2422012283662043,
            3.260467926860294,
            3.320906054718035,
            3.3807039100274956,
            3.448034534767214,
            3.5005446021550606,
            3.537539562086345,
            3.550919985866131,
            3.514825063458808,
            3.504219905292156,
            3.4671262854019442,
            3.4762209329978817,
            3.452683289246486,
            3.455560118919331,
            3.4545773308289776,
            3.4809136804977396,
            3.4210117863502236,
            3.479367132432176,
            3.5477724522076377,
            3.536101860524398,
            3.574676774252041,
            3.594766179596779,
            3.650901509521188,
            3.671116460778358,
            3.7047717701146947,
            3.725415759254636,
            3.6643417264811156,
            3.6843983200055686,
            3.7187583139821436,
            3.7159371070799456,
            3.7790683888057175,
            3.7758853403876644,
            3.7399652213746046,
            3.7571456969770676,
            3.740485330225381,
            3.73533501417894,
            3.6852697948847926,
            3.684388820286211,
            3.6797967647695775,
            3.6907991031357876,
            3.6284677213760883,
            3.5632949475306126,
            3.592715672179649,
            3.6444201746050227,
            3.5853447791456285,
            3.5792664525846902,
            3.5327407033658123,
            3.4780133318957867,
            3.5010250888857244,
            3.5543988248976635,
            3.623209113443508,
            3.582128167508522,
            3.615286040476049,
            3.6047290209158427,
            3.6320887090967973,
            3.633985116667826,
            3.706940702094529,
            3.6445180395490593,
            3.5768441993257896,
            3.620622398976317,
            3.6932374010280498,
            3.6698398068167033,
            3.6029977646741576,
            3.5420276656243908,
            3.5234437529123688,
            3.575151306530661,
            3.5923997913901995,
            3.639460874017479,
            3.646818692663775,
            3.7082689466990635,
            3.7316896383368525,
            3.6989842450570625,
            3.6286708446602516,
            3.6294943507990376,
            3.591831319961762,
            3.551945766508233,
            3.610099752376939,
            3.636406706308205,
            3.6590907630551746,
            3.713545190084275,
            3.7713080933407395,
            3.729970273063322,
            3.761905766431643,
            3.7949830815500185,
            3.7680982826765184,
            3.793489197274873,
            3.748976860520204,
            3.7591331601671762
        ]
    ],
    "angle": 90057.8,
    "fluctuation": 1145.248252,
    "buy_difference": 1.027796426
}