{
    "id": 185,
    "name": "Tech Data Corporation",
    "record": [
        [
            21.937732540721647,
            21.595016449702065,
            21.265344560352414,
            21.62576956957959,
            21.161704904628174,
            20.661208665524224,
            20.12354162039606,
            20.214217980928826,
            19.593405579405424,
            19.794299919913605,
            19.122085892219232,
            19.296350708349568,
            18.827393267672857,
            19.36350035218635,
            19.725341861110547,
            19.609872552850444,
            19.15706425658313,
            19.457657361991284,
            19.54921193305588,
            19.142553442459175,
            18.62627786212949,
            18.233506359990432,
            18.469392993711505,
            18.348963015293855,
            18.78661523492955,
            18.565771572633913,
            18.223841765653155,
            17.608088604807275,
            17.99751656104018,
            17.9589902073743,
            17.734915890231658,
            17.943291555655335,
            17.630947813532185,
            17.15058464709815,
            16.867834847360193,
            16.78183324495797,
            16.31108038876576,
            16.02832214059714,
            16.424969850000284,
            16.7759022315193,
            16.346605384173188,
            15.810141901982945,
            15.650321771214116,
            15.355233166516397,
            15.48049008233583,
            15.984805898620248,
            15.992733480436401,
            15.752962949788174,
            15.819555680864859,
            16.25780717721771,
            15.929272424789543,
            15.715875794876741,
            15.782502429921083,
            16.14423779117186,
            16.544622575393706,
            16.48746638237448,
            16.943150159616078,
            17.232368788990943,
            16.78035188965489,
            16.586945071744562,
            16.44929950495554,
            16.768573537117632,
            16.62427553525441,
            16.970310205654542,
            17.55432834853742,
            17.832304775477823,
            17.56173221752306,
            18.073303249184168,
            17.74083742776558,
            17.578165937470335,
            17.88741105500955,
            17.970432839260337,
            18.012736205752528,
            18.148817331289933,
            18.403491587767814,
            18.385352231218537,
            18.199310372490164,
            18.05648966729592,
            17.916434114512303,
            17.844491974054964,
            17.807369765582816,
            17.30997343596533,
            17.29552838363089,
            16.907632046715992,
            17.172893940782345,
            16.89005219417377,
            16.600199167877243,
            16.63951235239536,
            16.35283087458477,
            16.328547789087054,
            15.83931884440722,
            15.672051770824263,
            16.095269156875133,
            15.943596597328659,
            16.48679462928704,
            16.446959089881844,
            15.958355467008671,
            16.22874033678211,
            16.153865627835653,
            16.485125815240018
        ],
        [
            21.724958708809883,
            21.450026277725858,
            21.071756796099102,
            21.305046563708544,
            21.021736111560156,
            20.403588490703285,
            19.97839464608608,
            19.9382716006629,
            19.374258473272327,
            19.516297279407656,
            18.999425860486028,
            18.981800973011882,
            18.657869332116263,
            19.0953568985818,
            19.419257257946185,
            19.462567171651077,
            18.956069416756606,
            19.18055694324324,
            19.375130836541505,
            18.96829037738125,
            18.504938434803133,
            18.00256012816729,
            18.195480926975655,
            18.075035797277238,
            18.63988013746763,
            18.303197706297684,
            17.998410458792165,
            17.482840734508244,
            17.86052982483124,
            17.772344328417027,
            17.57875295074802,
            17.81744879699469,
            17.38679654175511,
            16.951977705337736,
            16.670835450372845,
            16.546139435451966,
            16.061174801367788,
            15.785893353691986,
            16.273815007923314,
            16.517229865805376,
            16.16377288726379,
            15.700836711800516,
            15.418218204903416,
            15.191085970428572,
            15.364203783861136,
            15.798119394306934,
            15.736733528649092,
            15.561205869185578,
            15.645747872281078,
            16.000749299558812,
            15.669609419018647,
            15.502883479890137,
            15.585713795677599,
            15.944531457549182,
            16.30413017647287,
            16.254285780255582,
            16.772098464653794,
            17.051567745669047,
            16.664339043850088,
            16.358882834729723,
            16.194050326170327,
            16.582680036735596,
            16.454795457555228,
            16.80739895155088,
            17.29054118685726,
            17.64344330388549,
            17.30818042437287,
            17.77869040556246,
            17.48993052323826,
            17.317471297262202,
            17.73879785484442,
            17.85516017106152,
            17.779259403543,
            17.938650670449846,
            18.259748923216414,
            18.100060686901916,
            17.906206911518915,
            17.904675683364115,
            17.788992955704018,
            17.630798547891278,
            17.53628584731692,
            17.198937333370456,
            17.074757354894384,
            16.69181237138392,
            16.980819622930795,
            16.62465268702717,
            16.40140654097921,
            16.496302734718586,
            16.144093031203646,
            16.083180311042756,
            15.665293900006525,
            15.516940036544105,
            15.956743622379584,
            15.735368467350673,
            16.219657352555505,
            16.28254712822288,
            15.821008293799512,
            16.106833334314228,
            16.04218406510341,
            16.234170589514388
        ]
    ],
    "angle": 89265.6,
    "fluctuation": 1778.4072919999999,
    "buy_difference": 1.011513554
}