{
    "id": 186,
    "name": "Thermo Electron Corporation",
    "record": [
        [
            38.67818893340598,
            38.599778847245425,
            38.565514669245694,
            38.66141128773418,
            38.19619336440845,
            37.76804508450003,
            38.38238240124623,
            38.081240882802575,
            37.89866033372538,
            38.24053006217279,
            38.18218495597589,
            37.82310352397326,
            37.626641152999724,
            37.459240425537665,
            37.77230049939508,
            37.72063988080579,
            37.86448779457875,
            38.29913725855643,
            37.92557589068957,
            38.216281818313774,
            37.66950394628339,
            37.714225158150704,
            38.12397828916788,
            38.19565941499278,
            38.168505579439646,
            37.78645227597353,
            37.69109742851987,
            37.64853254808125,
            37.515803824944165,
            37.71694280868133,
            37.73502653972176,
            37.748899183198986,
            37.88912247406636,
            37.9818418561498,
            38.01817193330512,
            37.72489877178263,
            37.666152355347045,
            37.500637976582325,
            37.480300652438274,
            37.9134328895426,
            37.89175467453017,
            37.836316706343304,
            37.89479516949133,
            37.608594290378164,
            37.99228418809154,
            37.978193312783596,
            38.423047965165175,
            38.63256485799389,
            39.1525422093822,
            39.02759377000415,
            38.83163664201218,
            39.075931044918136,
            38.992207264399624,
            38.95135496915611,
            39.11047034694324,
            39.65128891112477,
            39.753140395290785,
            39.61667844466031,
            39.81689443653391,
            39.92481021894681,
            39.960745688724906,
            40.511739652791434,
            40.69649657194074,
            40.194609807650664,
            40.37371666393802,
            40.22591091890997,
            40.44150045022542,
            40.22622790000631,
            40.359401266438155,
            40.265692436041135,
            40.036057997103164,
            39.87224314528094,
            39.757473084761656,
            39.730507597104584,
            39.489942653219195,
            39.78547693788339,
            39.858411952073425,
            39.78346926754267,
            40.03982565123734,
            39.95112839609439,
            39.366259896223255,
            39.62488786023659,
            39.24535595389209,
            38.974998881770105,
            39.31546218907197,
            39.47303877425495,
            39.84620922989843,
            39.79359667568806,
            39.402640231412,
            39.39117259568307,
            39.54895688861462,
            39.68797449882599,
            40.096024457772586,
            40.25168328557786,
            40.41555391284028,
            40.35855860310377,
            40.05841584339128,
            40.09750823238374,
            39.84563255598087,
            40.11545524586536
        ],
        [
            37.760555118043065,
            37.65389422761942,
            37.594185302227714,
            37.5901176600555,
            37.31237328902904,
            37.046051107131994,
            37.33740563240097,
            37.122108665349,
            37.114529747691876,
            37.16609905964219,
            37.23537621842493,
            36.93683309178364,
            36.8740203910881,
            36.74684027518959,
            37.06511524667371,
            36.892102996500846,
            37.040209707035686,
            37.386759202203244,
            37.20804421684638,
            37.16102202078861,
            36.81259889985319,
            36.8084231167191,
            37.13782249099274,
            37.36791477943205,
            37.10717609525347,
            36.98980731620667,
            36.82264774765103,
            36.8178925561435,
            36.61842665241156,
            36.85895862405373,
            36.90617365129834,
            36.76877824158175,
            36.982815527954436,
            36.991983500967464,
            37.276421437551846,
            36.96289482836929,
            36.805640777091725,
            36.802236480043604,
            36.6717320963854,
            36.888571792697554,
            36.99277888554866,
            36.80987313150284,
            36.91088615154453,
            36.69066324100511,
            36.99477539571365,
            37.173779963635965,
            37.417959831682175,
            37.73487335920909,
            38.0638501896966,
            37.93104890955146,
            38.043461179004254,
            38.14886086189215,
            38.204604999974556,
            38.15692199562365,
            38.378231444607984,
            38.6217738930761,
            38.70168214781965,
            38.80089232665571,
            38.74057971124706,
            38.98539447527527,
            39.13395015929687,
            39.50322023102057,
            39.69526727630746,
            39.37482001048561,
            39.49877097905986,
            39.42129868681426,
            39.36791105900469,
            39.465169116860054,
            39.48081100870738,
            39.46820505157926,
            39.18805716581354,
            39.02771206444809,
            38.78321925665314,
            38.72597091184631,
            38.53764121840378,
            38.87265858518941,
            39.10038433739883,
            38.88625770521944,
            39.04305429163443,
            38.84023055376118,
            38.54403471533863,
            38.51922731413535,
            38.26836251858096,
            38.115093048373225,
            38.440346633116555,
            38.67572421056452,
            38.9709840441374,
            38.79520841577668,
            38.67270229426333,
            38.51051652340312,
            38.668644017597245,
            38.855134559651574,
            38.99274183369922,
            39.20657949242942,
            39.46064587939532,
            39.52749569869906,
            39.19815607753876,
            39.00583642959169,
            39.095701676569306,
            39.18330633790478
        ]
    ],
    "angle": 89837.7,
    "fluctuation": 545.4822939999999,
    "buy_difference": 1.023891829
}