{
    "id": 187,
    "name": "Gap Inc.",
    "record": [
        [
            35.46687570312506,
            35.672021955832804,
            35.566150032735415,
            35.70030932080877,
            35.45430712614785,
            35.78307688530022,
            35.502936836638376,
            35.468954598096836,
            35.74129494479635,
            35.68255665505834,
            35.41051031115031,
            35.66960194999428,
            35.659951352158814,
            35.48289814257795,
            35.77187645888461,
            35.75162048020579,
            35.61759033520317,
            35.59888325120801,
            35.560843232979664,
            35.35704832137683,
            35.410339983241855,
            35.50849064638613,
            35.60927910522937,
            35.647874455122476,
            35.51487626547621,
            35.395413099484166,
            35.34352907012441,
            35.27707264174203,
            35.23187643691328,
            35.37232806054095,
            35.323558262405456,
            35.396665919254524,
            35.5817631977573,
            35.353436150535586,
            35.33394346801662,
            35.27003975882734,
            35.13750090329167,
            35.00114887867115,
            35.1216137948427,
            34.97228684037658,
            34.977722523581996,
            35.14704363236774,
            34.91188601582968,
            34.80872185157136,
            34.79171321779581,
            34.82717185546436,
            34.91407161860169,
            34.772802411134265,
            34.901492159481215,
            34.9180012456165,
            34.96767431761463,
            35.01275746104625,
            34.76271896713333,
            34.72018055291737,
            34.63438166171042,
            34.49118879292896,
            34.582234370141364,
            34.44810748730319,
            34.664765747178905,
            34.790255088445605,
            34.73454826905812,
            34.99507627411693,
            34.78544786062064,
            34.767674125153846,
            34.74888246407297,
            34.81121355601952,
            35.018926195540516,
            34.73760887831282,
            35.00121272348904,
            34.873139145835275,
            34.954024837868424,
            34.920639340985,
            35.271202939151145,
            35.008441584609095,
            35.16855667882774,
            35.09133621304072,
            35.126257358098194,
            35.15827540225622,
            35.24114025491024,
            35.252913378245395,
            35.30383777441061,
            35.21664223334625,
            34.8372457390066,
            34.94584506440554,
            35.04887687183555,
            34.93471927373888,
            34.93538362703466,
            34.97653564482522,
            35.14688221818898,
            34.7567802533536,
            34.947836231458936,
            34.91496042670637,
            35.07037520004949,
            35.0732538951265,
            34.910799031334314,
            34.916393851019336,
            34.77162090021142,
            34.7863660444562,
            34.83575882298495,
            34.94720344647309
        ],
        [
            34.862837616287905,
            34.89340965764229,
            34.98842874748391,
            35.00822543151838,
            35.00107808813174,
            35.01947536222201,
            34.982292497619014,
            35.015538314576325,
            34.9611706268721,
            34.95592380160643,
            34.96135449923261,
            35.03056478640732,
            35.04561165421386,
            34.98711234014688,
            34.98760085921275,
            35.08656069078161,
            35.14108549651233,
            35.03115434161085,
            34.92375453133892,
            34.83504942493156,
            34.75510080941865,
            34.86188443647429,
            34.971322652878605,
            34.93936876929675,
            34.833341320205136,
            34.72310419459897,
            34.69645922931513,
            34.71099893812498,
            34.621447964028924,
            34.71779226603683,
            34.64915411409447,
            34.668940463128116,
            34.780878602320215,
            34.688852637042096,
            34.60405747675565,
            34.49676660906405,
            34.608330630897896,
            34.5363595645749,
            34.427002401563236,
            34.34230919359065,
            34.399225166907094,
            34.47256744161972,
            34.4068114018718,
            34.35338886812721,
            34.243717414891826,
            34.275183509160165,
            34.18604275493152,
            34.26630230640225,
            34.214648136327405,
            34.210349137077685,
            34.320626307309276,
            34.28950614296544,
            34.232328592526656,
            34.16988795016672,
            34.075207920210794,
            33.98197313885783,
            34.08876850825213,
            33.99407658412298,
            34.10168616161876,
            34.211433349252054,
            34.22517221355341,
            34.268773905770935,
            34.196436901253264,
            34.168706330459905,
            34.187860101665734,
            34.20123120100145,
            34.268217599642114,
            34.235055553462985,
            34.339820535613676,
            34.30323969901152,
            34.413816302267605,
            34.41543809157918,
            34.52196380020417,
            34.5088940245803,
            34.50744857995469,
            34.51787097343361,
            34.600725505528104,
            34.59064337136339,
            34.65481692840248,
            34.600587254075045,
            34.51264289843602,
            34.4411107669336,
            34.34358710707075,
            34.34724388928246,
            34.331724567552776,
            34.43967940023858,
            34.350708807103395,
            34.3774087586349,
            34.40028392906183,
            34.29523597347441,
            34.27376095475188,
            34.23468394309903,
            34.33908709122362,
            34.30771089186989,
            34.30250227491449,
            34.321731047406104,
            34.2308007591269,
            34.27279249834181,
            34.174080124694314,
            34.16740118788397
        ]
    ],
    "angle": 90050.2,
    "fluctuation": 188.720688,
    "buy_difference": 1.017936893
}