{
    "id": 188,
    "name": "IDT Corporation",
    "record": [
        [
            30.784623190573292,
            31.114825968641238,
            31.75397042470441,
            31.7395902227406,
            30.987102607487557,
            31.272840956281318,
            31.398139390183793,
            31.572134642661602,
            31.06029118411147,
            31.98661680496143,
            31.069823145321536,
            31.908180244388856,
            32.783336788898936,
            33.48830198457052,
            32.49706398297781,
            32.75266091087034,
            33.53175140571024,
            34.62291381247537,
            34.80565930164085,
            35.20941796595577,
            34.98682686459935,
            35.763315143989786,
            35.17971724762184,
            35.18653289329013,
            34.60563274561366,
            33.660448111837006,
            33.536094761877955,
            33.40784124316973,
            33.40918024491566,
            33.18745550698638,
            32.622451070589086,
            31.685998803742137,
            31.61611064723841,
            31.64002752220351,
            30.627111590097794,
            30.255488288815872,
            30.773577691554955,
            31.194546252945486,
            31.329496873219828,
            31.800802553313904,
            32.312153699216026,
            32.76574296602949,
            31.916790304599058,
            32.34571788669898,
            31.277542008146884,
            31.10359760614456,
            30.304969806505365,
            29.800022541430067,
            30.20945048376202,
            30.034701152557236,
            30.459145102921465,
            30.76895074512211,
            30.084144459810922,
            29.2115602794841,
            29.725968195992102,
            29.09006465500029,
            29.217817650096514,
            29.12154127484343,
            28.94753378792291,
            28.16705871103912,
            27.416503598788672,
            27.296340410843317,
            28.004708662180786,
            28.287837570183157,
            27.403922665224062,
            27.626011254404478,
            27.89281007432205,
            27.526453465243687,
            27.900072245633467,
            27.14727093618318,
            27.184047435675694,
            26.436423101961953,
            27.027226537206023,
            27.51643829039428,
            27.18353968375072,
            27.15531517108831,
            27.690519259434446,
            27.7303482655377,
            27.896405975344244,
            27.487977938591715,
            27.52739297660651,
            28.028886171243343,
            28.269819987306413,
            29.204542206135077,
            28.572085949184906,
            28.285702362874904,
            28.15561446377327,
            27.97292571297438,
            28.335954942965135,
            28.78655461262423,
            29.12342918341826,
            29.836582211920483,
            30.308556628078044,
            31.123213416756595,
            31.216966929808,
            30.259050593939477,
            29.84673299335521,
            30.76160112700103,
            31.17487339831956,
            31.52864232623765
        ],
        [
            29.94479603863951,
            30.199637698065015,
            30.918577202845608,
            30.76923130512043,
            30.202077399556114,
            30.40147766055523,
            30.48373117312949,
            30.692432049162125,
            30.28856671340157,
            31.13576512240756,
            30.355606790194923,
            30.975830401837772,
            31.793725917443723,
            32.48387971214286,
            31.78511133116195,
            31.808317011308528,
            32.70189511491694,
            33.56440445756067,
            33.920500604825165,
            34.12958071513957,
            34.03915950039986,
            34.829406640120894,
            34.237085016056895,
            34.315723453025406,
            33.62462657556165,
            32.66387482129606,
            32.67014703921992,
            32.61697690488245,
            32.497753247098075,
            32.24986932409481,
            31.69766446091427,
            30.93589566793966,
            30.79357958609745,
            30.69409784348364,
            29.785632078213755,
            29.36264991153746,
            29.83275220103925,
            30.38602129757336,
            30.572510182723764,
            30.96108207775561,
            31.512480467360675,
            31.87823677997769,
            30.956419738423314,
            31.453879011200222,
            30.598452407060883,
            30.20680046548722,
            29.635090007874275,
            29.129605772639664,
            29.568400537547802,
            29.34133636637701,
            29.750013927894173,
            29.929551149021822,
            29.254661878550518,
            28.383466163081838,
            28.98739633469139,
            28.237245078600633,
            28.32737513386389,
            28.415056531427123,
            28.143770170043442,
            27.39864064240779,
            26.77552427051301,
            26.70100768964559,
            27.333532976994434,
            27.447594667681823,
            26.69097672950314,
            26.794749469733517,
            27.303663463253482,
            26.928806492276447,
            27.130809088604828,
            26.560524463287074,
            26.379218708702638,
            25.849460725309086,
            26.23749706302243,
            26.813972111709845,
            26.391873281275466,
            26.372357221739392,
            26.90286001932083,
            27.05761368070489,
            27.189680271468887,
            26.66352475257343,
            26.89730619237323,
            27.22074091124887,
            27.61996859623212,
            28.385142193518423,
            27.756581731211977,
            27.558083295079882,
            27.319299027499493,
            27.28610563856066,
            27.59048392382502,
            27.928715855651113,
            28.345906087776676,
            29.013925437944614,
            29.46700254935883,
            30.377297994383262,
            30.347160466603825,
            29.44532428684152,
            29.146014051853847,
            30.07256966428808,
            30.266967358194034,
            30.68077416169318
        ]
    ],
    "angle": 90483.5,
    "fluctuation": 1792.738649,
    "buy_difference": 1.026711122
}