{
    "id": 189,
    "name": "York International Corp",
    "record": [
        [
            5.63409362626023,
            5.605653637011621,
            5.614070454143528,
            5.532375250945274,
            5.581712739217003,
            5.62109116139923,
            5.582598060828577,
            5.661750759907163,
            5.68776353489315,
            5.685571394525017,
            5.692733724407173,
            5.71781026619066,
            5.73914801689672,
            5.740725615718008,
            5.681523676688392,
            5.790292861583345,
            5.757345315431671,
            5.767667550426357,
            5.821894160272121,
            5.835448858690189,
            5.783629998688584,
            5.849778684697913,
            5.946306536668828,
            5.856655462918445,
            5.884644520533493,
            5.8925201624426276,
            5.880989574224338,
            5.847494452116143,
            5.919380811556497,
            5.872386109041464,
            5.904475104622379,
            5.9982349928305885,
            5.945707618840148,
            5.9308578891071715,
            5.927601195587678,
            5.841760391473891,
            5.9139108344048745,
            5.827743502515874,
            5.74186295232923,
            5.735481838063529,
            5.693093320634153,
            5.676181574986841,
            5.739582288744511,
            5.732082783899346,
            5.624818650402845,
            5.64554944033052,
            5.5996564351204565,
            5.579365192750818,
            5.598999983741334,
            5.593201010421007,
            5.57236954989576,
            5.598547916972326,
            5.6036562258894325,
            5.571206290022451,
            5.608118998984936,
            5.612946121515964,
            5.543545824968641,
            5.677016536903788,
            5.698418693143118,
            5.65274372993186,
            5.713023358975223,
            5.653061377260276,
            5.7569739091541,
            5.735714399730136,
            5.658516305696119,
            5.718200845634223,
            5.618393539168739,
            5.617901985342018,
            5.670406666174443,
            5.613713099609682,
            5.668178459035817,
            5.625485354547398,
            5.643523582881022,
            5.694280220985588,
            5.685905490843623,
            5.6320314032842,
            5.68842997879315,
            5.737766297420508,
            5.709601891645868,
            5.73865250627804,
            5.76896826043644,
            5.780311075914281,
            5.68346727706297,
            5.6418484027120215,
            5.678952130043498,
            5.633878139248543,
            5.587789284299627,
            5.638203618599716,
            5.63182545833472,
            5.628308460990399,
            5.520410986458654,
            5.543039625245855,
            5.4663104698817575,
            5.479200408948146,
            5.549452570421909,
            5.621106379107416,
            5.593319242277946,
            5.559844617261381,
            5.62432841906147,
            5.717706973139915
        ],
        [
            5.500124028912975,
            5.4526459993505165,
            5.4434019893467855,
            5.3706190019711775,
            5.402328012549953,
            5.462196130524111,
            5.450400338232009,
            5.491276082312943,
            5.543609674048591,
            5.512179448596131,
            5.527392938546766,
            5.5790484521102615,
            5.580821199509566,
            5.5723210852234395,
            5.546426269762608,
            5.615947795787704,
            5.610865329448123,
            5.595678748784701,
            5.634790498471817,
            5.660873840359686,
            5.6410058390088516,
            5.709533608781707,
            5.762089420105432,
            5.698507420991909,
            5.724594621393746,
            5.7025789104250695,
            5.689154309949532,
            5.692442856674554,
            5.726293242194852,
            5.7287228794732155,
            5.75136862090875,
            5.807777264942497,
            5.792692928617395,
            5.790994920245873,
            5.779686888618344,
            5.70399854200714,
            5.743867407466779,
            5.659612146972941,
            5.576209264739839,
            5.560013221989555,
            5.552144684354045,
            5.530657564582966,
            5.601416660273369,
            5.548417940552552,
            5.48006214057661,
            5.470104485970412,
            5.418076571525161,
            5.397905993630685,
            5.452721808780269,
            5.454178267304914,
            5.4197280567874415,
            5.41808265397538,
            5.44743235909612,
            5.3991480594102255,
            5.450680469792454,
            5.440141206667996,
            5.4149923337112496,
            5.496210746357099,
            5.527943109876054,
            5.501203285494754,
            5.533275288871136,
            5.519749474975295,
            5.600396380928701,
            5.55635969023353,
            5.481575566066948,
            5.5432609160615005,
            5.479294307374908,
            5.471129981071203,
            5.484348892746336,
            5.479127560179617,
            5.521199285180901,
            5.467012647467122,
            5.471959739177629,
            5.509083609405442,
            5.515253831712746,
            5.483242153073755,
            5.506712207258315,
            5.568336468366616,
            5.569921047765404,
            5.575876872131272,
            5.583009617270317,
            5.621973531112607,
            5.544425795626457,
            5.506588335589169,
            5.523391066718701,
            5.450646000865354,
            5.45382525341581,
            5.46680150249559,
            5.487988754107119,
            5.46156551547299,
            5.3821176088214955,
            5.371851279224404,
            5.322432397530277,
            5.341403661539868,
            5.406635630806804,
            5.4507677387658475,
            5.4341227596569555,
            5.381162686897725,
            5.450086213824352,
            5.530097178787285
        ]
    ],
    "angle": 89501.09999999999,
    "fluctuation": 882.600581,
    "buy_difference": 1.028781319
}