{
    "id": 19,
    "name": "Pall Corp",
    "record": [
        [
            21.66116091912665,
            21.5172245745181,
            21.42595421720243,
            21.30231466346414,
            21.00321684650175,
            21.26295023135124,
            21.07959692072055,
            21.16558292466608,
            20.933953347576608,
            20.943149323657305,
            20.82104743414828,
            21.108706259927782,
            21.05339450258624,
            20.714219444777505,
            20.558497408364282,
            20.87872084786531,
            20.698367384011366,
            20.63399920454038,
            20.79124211528808,
            20.870240757850038,
            20.701635932735847,
            20.32212784172927,
            20.732299748745536,
            20.527394949697147,
            20.30461117287519,
            20.254862532689334,
            20.102271579314582,
            19.939150574490313,
            19.82883790601848,
            19.9160189484759,
            19.823532175816496,
            19.961446967402534,
            20.133495404908047,
            20.014519720873977,
            20.119423412271896,
            19.875470177007227,
            19.537517064141156,
            19.32889409132323,
            19.521911278025115,
            19.71985341647812,
            19.61903556645893,
            19.588834415789417,
            19.596560137412613,
            19.548167604986954,
            19.537502574403586,
            19.544309229559758,
            19.719270676642843,
            19.829503898414885,
            19.717531960181386,
            19.88030425560743,
            20.22660471487378,
            20.214474415976518,
            20.054296003734883,
            19.905688257203323,
            19.676918298822606,
            19.468478286021185,
            19.624801895840815,
            19.399531204561924,
            19.400039096397734,
            19.2906937979613,
            19.028270236619367,
            19.13531759776935,
            18.839137027914866,
            18.7063126211619,
            18.630158597038253,
            18.539855925815274,
            18.568448906291533,
            18.50809297775496,
            18.271547110044793,
            18.57016084329941,
            18.47866412859803,
            18.3854959274112,
            18.470492770686175,
            18.494911205285202,
            18.585487777599702,
            18.53762421025079,
            18.676161020404553,
            18.982042497093843,
            18.992894209306836,
            18.686926968697307,
            18.73686103744468,
            18.619427915162518,
            18.68236305941145,
            18.643416765628306,
            18.517227840872742,
            18.771290026123847,
            18.965609344089028,
            19.048539632351957,
            19.335369012478882,
            19.297657373507516,
            19.532227025686936,
            19.818941608488032,
            19.956045074438318,
            19.765510341522276,
            19.86115887934283,
            20.21286183601133,
            20.080057140947787,
            19.865767428298184,
            20.092133294121158,
            20.176533990127588
        ],
        [
            20.71696615715432,
            20.571056504919696,
            20.438748697763085,
            20.302539058352025,
            20.03949574087153,
            20.23268860460984,
            20.136532580157184,
            20.12799599522584,
            20.00741957202364,
            19.908530187152678,
            19.8260369631498,
            20.0539215898064,
            20.045280143465753,
            19.775623014087518,
            19.668281059622856,
            19.85915494835287,
            19.669962147668297,
            19.68525111998379,
            19.920906796744386,
            19.870896477111568,
            19.675027766421177,
            19.487083808658873,
            19.74153041290281,
            19.668104450199767,
            19.427336308642992,
            19.364203790147258,
            19.22795493482596,
            18.961686259244747,
            18.868063856548872,
            19.053622961181425,
            18.94424802147487,
            19.02460193267132,
            19.294568604546992,
            19.044748761448417,
            19.102661004933548,
            18.91243663678752,
            18.710269866946284,
            18.4993405902214,
            18.646668351640244,
            18.76997530280323,
            18.662843927527714,
            18.78203423910569,
            18.717970413410896,
            18.7148347127724,
            18.678388006370998,
            18.653124679039262,
            18.903299361385503,
            18.82739296775175,
            18.797767091638438,
            19.00611581018715,
            19.233131921781023,
            19.29273156567595,
            19.128377671928245,
            18.926091951629523,
            18.789083439672584,
            18.56960749374559,
            18.812739640740205,
            18.5762621936974,
            18.576748531836632,
            18.390839674178714,
            18.24089209537618,
            18.264609139627105,
            18.032411486878754,
            17.807031630801184,
            17.716864164161652,
            17.760198477870137,
            17.638842647216606,
            17.585009609355012,
            17.520762226294686,
            17.696845089566775,
            17.609651273641436,
            17.591137773677723,
            17.676007041447477,
            17.574235171205697,
            17.670861017199428,
            17.75449581085748,
            17.819215597279516,
            18.056896596620096,
            18.101505991597904,
            17.890308522810134,
            17.836111472779393,
            17.740251790390204,
            17.787782451035863,
            17.71358418011102,
            17.679949706995938,
            17.922524173124952,
            18.04126436185875,
            18.154539823490815,
            18.3856711601161,
            18.4177196939247,
            18.686449852374587,
            18.91145127978953,
            18.972080212737275,
            18.77410569310606,
            19.025936615099674,
            19.252679454868908,
            19.13764540795387,
            19.037996374630257,
            19.260733152646914,
            19.21040695392772
        ]
    ],
    "angle": 89593.59999999999,
    "fluctuation": 845.213646,
    "buy_difference": 1.047986287
}