{
    "id": 190,
    "name": "Home Depot Inc.",
    "record": [
        [
            5.436389069077305,
            5.487314839728657,
            5.473036272093676,
            5.467496083126673,
            5.428372966776049,
            5.564871398960116,
            5.68893288083952,
            5.685953706823545,
            5.5293176389928975,
            5.402899579108279,
            5.2798360108512234,
            5.210660697230639,
            5.322818269124505,
            5.413309587406586,
            5.419587853244515,
            5.357153595142185,
            5.435103900764378,
            5.555836473209682,
            5.672038866942042,
            5.545646867254895,
            5.4782538166468076,
            5.460693211603323,
            5.475925398547927,
            5.376909478045072,
            5.430995304939971,
            5.429724357053472,
            5.468017529443573,
            5.469000642076964,
            5.452862356654154,
            5.362551801560076,
            5.357389638320451,
            5.249918504788307,
            5.1949189764692845,
            5.182262632301199,
            5.055195514066516,
            5.184481635352534,
            5.230027229032457,
            5.249987197557862,
            5.26507015336628,
            5.173067136791584,
            5.188926016234251,
            5.344663118361228,
            5.4065957534908975,
            5.446664808664572,
            5.442389340891883,
            5.580415662648129,
            5.6957981804105815,
            5.576596104203906,
            5.502862824698437,
            5.422887954546851,
            5.326708514918734,
            5.421512012044214,
            5.506403571740029,
            5.5926154665170555,
            5.6824356455858895,
            5.739018603595383,
            5.6379365929419025,
            5.754794508690415,
            5.864302414099952,
            5.778199569539637,
            5.659136345359491,
            5.723082964783407,
            5.6126940309881315,
            5.67885391320373,
            5.6206596829899125,
            5.550384457660609,
            5.619522580694614,
            5.597088553374208,
            5.599731099782937,
            5.441212332575032,
            5.297914546545164,
            5.239307257412178,
            5.200309641248232,
            5.35307033235901,
            5.327252867021318,
            5.200265016102756,
            5.293435879600816,
            5.226778464283775,
            5.3499908171347075,
            5.440625419803342,
            5.631276314714362,
            5.590867820087073,
            5.5971886110885505,
            5.570448761838136,
            5.567625452060623,
            5.548803222973688,
            5.556066418845986,
            5.641443729856021,
            5.612481623924266,
            5.537430174418657,
            5.502131911492342,
            5.375026683294291,
            5.352253695684207,
            5.198138914249129,
            5.125808152154455,
            5.159423461381149,
            5.245559608487379,
            5.235958955519859,
            5.232167565936982,
            5.316400163978416
        ],
        [
            5.295431884778059,
            5.372354284420097,
            5.332723914417393,
            5.358320331982796,
            5.313049988508909,
            5.416262815896255,
            5.532601938942373,
            5.540182779941415,
            5.3972512869170295,
            5.275961177223112,
            5.177523657458408,
            5.074544428218326,
            5.175517732797769,
            5.307345379757338,
            5.273283037004129,
            5.209421336791821,
            5.307939403252829,
            5.428560404585116,
            5.534351904279548,
            5.392716599125922,
            5.337807696659965,
            5.3297334425040095,
            5.325978026376252,
            5.2658450193789275,
            5.291760752512377,
            5.3079915933497475,
            5.334217662256421,
            5.32719788998498,
            5.350956688981699,
            5.254944464436655,
            5.219001126519355,
            5.132216933441135,
            5.077434381234804,
            5.079801583470682,
            4.951769056572927,
            5.071291740461424,
            5.09543672821233,
            5.129717687456812,
            5.169270092802849,
            5.070279189948798,
            5.082253957641586,
            5.214402335968997,
            5.295979844704093,
            5.333624851013758,
            5.327302282872245,
            5.455304445842575,
            5.554206270767055,
            5.45757746010322,
            5.386496968911208,
            5.285969944951893,
            5.2072853349698525,
            5.313254477470546,
            5.3550885053002055,
            5.46668373725874,
            5.572881097753225,
            5.596352276976307,
            5.5281301213987675,
            5.640447739857003,
            5.753551764413582,
            5.635684242206681,
            5.520108704793344,
            5.598134087576537,
            5.490704943952504,
            5.552091283303908,
            5.5089781498801615,
            5.423775718534534,
            5.491886043770242,
            5.495799571179406,
            5.446935807115781,
            5.338451977061091,
            5.198904616745915,
            5.113656824017917,
            5.083720285488043,
            5.228870520723755,
            5.226644700115121,
            5.092338834146758,
            5.164939385587219,
            5.086185187424608,
            5.202973947520959,
            5.339484750018747,
            5.492933109738792,
            5.463335622863366,
            5.471701349895687,
            5.463053265718043,
            5.46083255424351,
            5.4049313130344485,
            5.422819384611136,
            5.4924317925573805,
            5.473507194200492,
            5.383119113968805,
            5.3911829576081685,
            5.272457341983361,
            5.206729509006256,
            5.091787915170188,
            5.013899242685456,
            5.048802594996132,
            5.142363023086691,
            5.091568837261876,
            5.111283918452809,
            5.209196438929397
        ]
    ],
    "angle": 90820.40000000001,
    "fluctuation": 1609.1420130000001,
    "buy_difference": 1.023547994
}