{
    "id": 191,
    "name": "Comverse Technology Inc.",
    "record": [
        [
            31.325322987858502,
            31.300478629055462,
            31.233988697161486,
            31.588082865131156,
            31.687237994430973,
            31.838495970798046,
            31.59856898530109,
            31.568453490399218,
            31.599044610392802,
            31.753831245329348,
            31.84394688778711,
            31.86587112948328,
            31.747594169145042,
            32.003192539748035,
            31.959354848265214,
            32.308284122887024,
            32.41391405764058,
            32.4417193392186,
            32.742664663125915,
            32.38759253486887,
            32.47384375555535,
            32.58512883346183,
            32.81673128758409,
            32.60033919375957,
            33.11481243294339,
            32.78286694380111,
            32.912977223963146,
            32.826924450054385,
            32.97051128302171,
            32.66598146437642,
            32.62736270289265,
            32.6011317367946,
            32.43681064630644,
            32.627534129865666,
            32.5472500475287,
            32.65844240085698,
            32.55985431355474,
            32.510032569403094,
            32.379116561712664,
            32.57978407811407,
            32.37059550077408,
            32.33553152830968,
            32.40003325429749,
            32.4103767870025,
            32.678521808546634,
            32.847239067912774,
            32.84250332332213,
            32.545382079898936,
            32.75353271442291,
            32.57334123629577,
            32.46408417309737,
            32.515218379668624,
            32.21656326243659,
            32.31968727373973,
            32.17620446329877,
            32.14143221057569,
            32.38697980523881,
            32.11858933076563,
            32.20657364479862,
            32.479225586032,
            32.39044174363937,
            32.39126871808925,
            32.24716081036868,
            32.02064876081313,
            32.26955136767688,
            32.03692250449192,
            31.760646964544033,
            31.709653833019942,
            31.373086369966042,
            31.89454835838465,
            31.52360366736079,
            31.702804250950084,
            31.75529022182534,
            31.84556687179347,
            31.490216573096497,
            31.31472033300369,
            31.411306194390253,
            31.46633573369753,
            31.42574836100415,
            31.22864898057292,
            31.204914505067965,
            31.03548624950005,
            31.37272951086747,
            31.400254800778978,
            31.603679145174993,
            31.896780228625673,
            31.838102504920943,
            31.543378462711008,
            31.672017000656627,
            31.52439047377309,
            31.320698790816444,
            31.170968308021806,
            31.15056272421993,
            30.882969172743323,
            30.924331833889998,
            31.004107877719356,
            30.996562668816537,
            30.829423849620234,
            30.819189351025702,
            31.004629423777914
        ],
        [
            30.785020442144532,
            30.834801034728414,
            30.71990148027891,
            30.900734294813304,
            31.103271878263254,
            31.16124800056534,
            31.000714867561715,
            30.95258088860113,
            31.010493021970372,
            30.98248236600987,
            31.129283777415388,
            31.14450385262117,
            31.215656759120346,
            31.253785904257217,
            31.43963804690762,
            31.67480964841709,
            31.617089067468278,
            31.85022781468611,
            31.944115730860926,
            31.876907855363058,
            31.92973788571073,
            32.06489003969904,
            32.10585181997811,
            32.092744917225964,
            32.326492485391384,
            32.17548735270616,
            32.30318703440231,
            32.2122777485561,
            32.1984533109824,
            32.02229068264076,
            32.02927838714649,
            31.981107848457807,
            31.89332527375412,
            31.844471275241883,
            32.02118669693661,
            32.091928509381546,
            31.963007477810013,
            31.90770787576549,
            31.78239977160277,
            31.839080814347383,
            31.81864429983133,
            31.83525763799098,
            31.78383395291256,
            31.85455287552423,
            32.031380458013324,
            32.241895218483776,
            32.108632160164824,
            31.993658941311583,
            32.060021872596955,
            32.0855017628991,
            31.945777921274832,
            31.861752444096528,
            31.66088850844933,
            31.651165968377146,
            31.637085600450675,
            31.590220581991343,
            31.62858616874744,
            31.432244878353202,
            31.63204249269668,
            31.756639352557794,
            31.87011174292003,
            31.71809781813643,
            31.59276543226504,
            31.4179533964338,
            31.49821645708228,
            31.44021517170175,
            31.237891361258683,
            31.072377516228592,
            30.897012860746866,
            31.107395263680605,
            30.976775402628324,
            30.9727751335457,
            31.024052495659067,
            31.06889693107594,
            30.86660754325445,
            30.734541605386067,
            30.816995143132704,
            30.88334797475769,
            30.76035151997107,
            30.616343111089723,
            30.44386920176664,
            30.56453568139568,
            30.72379569205439,
            30.889629975454632,
            31.089746272798706,
            31.249495164345262,
            31.24197036599979,
            31.058479813164954,
            30.961212455566887,
            30.795400328084526,
            30.688171497542466,
            30.58732749567024,
            30.454498253300198,
            30.33204972211091,
            30.242371713230163,
            30.444926253306416,
            30.316034321394266,
            30.34330823540649,
            30.23002987041989,
            30.366343528972262
        ]
    ],
    "angle": 90092.5,
    "fluctuation": 427.190257,
    "buy_difference": 1.020203355
}