{
    "id": 192,
    "name": "Penn Traffic Co.",
    "record": [
        [
            20.197464484297992,
            20.137597689265057,
            19.97750466321189,
            19.89167101221589,
            19.683642821813557,
            19.581635378661584,
            19.35919654860468,
            19.391560263378565,
            19.062928658066493,
            18.982426753207005,
            18.77135645961736,
            18.600167315213508,
            18.474612778974777,
            18.65416307669673,
            18.618225298924166,
            18.83942414906314,
            18.92785923986428,
            18.773845811093622,
            18.709458495715456,
            18.906030113211653,
            19.015025564876503,
            19.074255683849263,
            19.16878602097372,
            19.15024996757685,
            19.02835342747819,
            19.06491626407697,
            19.094896926654187,
            19.055107878811786,
            19.033032907336292,
            18.838164266052356,
            18.829553987804967,
            19.05379188584763,
            19.134628432612033,
            19.020565182550786,
            19.248501379178386,
            19.459535002649254,
            19.678048073559395,
            19.39983291271552,
            19.43016479303698,
            19.317579122514704,
            19.265808908184585,
            19.237447229568406,
            19.392856269263714,
            19.483922948915033,
            19.576088438692857,
            19.52135421436614,
            19.43051499786189,
            19.602371233089922,
            19.577423187454276,
            19.532219683112363,
            19.655993950730284,
            19.4701126097052,
            19.253005417734318,
            19.409429714277504,
            19.36328778311184,
            19.31925948227399,
            19.248705804880448,
            19.521339871220793,
            19.540173186874572,
            19.464365077123244,
            19.718251170103862,
            19.73175508740244,
            19.824958312587984,
            20.011079964423317,
            20.2791220775133,
            20.471484147292067,
            20.340446785993148,
            20.314923817315364,
            20.087284467139312,
            19.842080242607157,
            20.070936714070342,
            19.879687907619505,
            19.71097754730087,
            19.59550005669118,
            19.60251343997951,
            19.70701189061909,
            19.660488998657527,
            19.48309493514886,
            19.618570475793906,
            19.662714348528986,
            19.710997081227163,
            19.572409904084438,
            19.91919822288617,
            19.616743734625583,
            19.614137823245596,
            19.69684421933192,
            19.631696831006494,
            19.546965567016393,
            19.57649702730546,
            19.55750960375021,
            19.295996347400553,
            19.30283545974862,
            19.143778583997506,
            19.36250012934623,
            19.459304663418816,
            19.25215792369501,
            19.167406874290826,
            19.220028659391197,
            19.233527956025913,
            19.058499957658288
        ],
        [
            19.449135629212726,
            19.383740412570724,
            19.256564708235437,
            19.168077588285723,
            18.977103432126945,
            18.8410640841945,
            18.71297140212742,
            18.60061350702206,
            18.44694382096979,
            18.290079996071526,
            18.095753240223193,
            17.94867766279199,
            17.872255120018682,
            18.000782168176016,
            17.9697014055697,
            18.14866448692435,
            18.26123521170232,
            18.13988307409483,
            18.048719688025383,
            18.203730983517314,
            18.376603105403902,
            18.338227645490626,
            18.45119651251855,
            18.370974144278783,
            18.30687950141646,
            18.411895523248514,
            18.334297245577577,
            18.299739192252282,
            18.273077041712988,
            18.129330527945655,
            18.221110240580764,
            18.37721392799176,
            18.40545053601491,
            18.404101444918563,
            18.553869394272724,
            18.673249297670772,
            18.871659694623997,
            18.780503981339805,
            18.783454479457756,
            18.63349904228144,
            18.518694805097688,
            18.571073558535566,
            18.631524684101905,
            18.829757432977072,
            18.892307663491408,
            18.83759906010404,
            18.75181901375811,
            18.87797706019431,
            18.889812909969955,
            18.84619707086193,
            18.910722575551794,
            18.75997846818325,
            18.64960308728864,
            18.74460853198059,
            18.61610671563537,
            18.53310620155715,
            18.591252666700097,
            18.732556866864435,
            18.793665271362325,
            18.831627080647095,
            19.012371330168037,
            19.017781673473085,
            19.199771337525448,
            19.37418328978234,
            19.49271242430146,
            19.697259052122376,
            19.647673365760895,
            19.488254243300446,
            19.30446364100089,
            19.191284320688734,
            19.402899056415645,
            19.227658500364683,
            19.03582760265386,
            18.890234938934793,
            18.91023571526467,
            18.959806132965973,
            18.86232756857926,
            18.827069415454865,
            18.897354119015407,
            18.892671820609028,
            19.07981799192494,
            18.94566860795409,
            19.135295894007523,
            19.000032046108704,
            18.900640141917343,
            18.944350882670005,
            18.961162363900762,
            18.926741584521636,
            18.942015327557126,
            18.85549773408194,
            18.670605781163918,
            18.5616901772594,
            18.467701430873596,
            18.64324458452173,
            18.70841854358104,
            18.549973251544046,
            18.435140030253166,
            18.606439879313132,
            18.58963335560711,
            18.426008218758916
        ]
    ],
    "angle": 89806.70000000001,
    "fluctuation": 627.804995,
    "buy_difference": 1.037542413
}