{
    "id": 193,
    "name": "Smithfield Foods Inc",
    "record": [
        [
            11.16329341051753,
            11.23710940672269,
            11.145249300902666,
            11.151959328432733,
            11.27448778953173,
            11.298907960883524,
            11.0943505445776,
            10.991802387627722,
            11.159151871652918,
            11.005327259005577,
            10.923835780328448,
            11.029533373920867,
            10.971978714371232,
            10.938230851474897,
            10.870714177672136,
            10.960472200087237,
            10.93046065319887,
            10.796091162916653,
            10.86682865720002,
            10.747366107320255,
            10.961276000326423,
            10.835019893530374,
            10.96460713200754,
            10.77650791241508,
            10.747570687999778,
            10.83895614486929,
            10.766615493272518,
            10.825813370423484,
            10.80691707847253,
            11.024401628534523,
            10.98026278889563,
            10.905953523481502,
            10.795478527856487,
            10.940369133322879,
            10.867988595494994,
            10.813684443605785,
            10.71212189679582,
            10.605595033638618,
            10.573574176433787,
            10.457237407852258,
            10.52376324075215,
            10.53465189779759,
            10.530053967093892,
            10.341483435743086,
            10.285068015500924,
            10.378254675864188,
            10.410060427514232,
            10.571988443382688,
            10.597257785203071,
            10.59571507290559,
            10.578815862941372,
            10.667751911563219,
            10.630788115488123,
            10.674561241515274,
            10.632010519153146,
            10.501975817848713,
            10.423967083155947,
            10.31351582483131,
            10.229281427618085,
            10.440829765445866,
            10.340420117573325,
            10.289772129615198,
            10.327050756957524,
            10.547668453134683,
            10.536361435082654,
            10.480676240442598,
            10.355054489298212,
            10.311417950725284,
            10.312313464738407,
            10.417790198442143,
            10.464653655207831,
            10.280982267122837,
            10.225957547483128,
            10.257577225999276,
            10.256589340428262,
            10.300938207761947,
            10.296356029946114,
            10.310212836004002,
            10.272829705953077,
            10.453122255888898,
            10.429187230015225,
            10.357808410641494,
            10.410251581787293,
            10.324105571144674,
            10.267117225781101,
            10.355787669605789,
            10.215810863126762,
            10.32942800983421,
            10.411604030494033,
            10.589122227030597,
            10.532796377977885,
            10.580500003368888,
            10.509919287233751,
            10.43623257743581,
            10.500784120536311,
            10.488454001453327,
            10.469131432086115,
            10.495098302784891,
            10.52138617043649,
            10.47720651869023
        ],
        [
            10.975665187887548,
            10.970017032108897,
            10.940344211171055,
            10.923928518785507,
            11.055013217063687,
            11.052389769041426,
            10.900217982449574,
            10.78647371219806,
            10.918955929395269,
            10.7781378016278,
            10.67163882660209,
            10.759863953920403,
            10.724021065875009,
            10.670793756037757,
            10.646303617476091,
            10.764360983792507,
            10.651537711136957,
            10.577453764174074,
            10.671322408235582,
            10.570975277089119,
            10.685821470502566,
            10.656119804103108,
            10.708263149340576,
            10.558267104520427,
            10.476443264506434,
            10.619450664521075,
            10.499189323652802,
            10.592792395969342,
            10.631685247704603,
            10.776335177574284,
            10.738550765081916,
            10.657359922639676,
            10.547297458168108,
            10.670753050277293,
            10.663903826178117,
            10.56824897808911,
            10.492034873868235,
            10.364882520920384,
            10.328432980805099,
            10.277347602982163,
            10.303422729522739,
            10.30892842640884,
            10.260327248008862,
            10.146268689570332,
            10.041605859484383,
            10.123500043175495,
            10.222771943460701,
            10.34856829990295,
            10.405557622426365,
            10.38529304037539,
            10.326340571596976,
            10.457993399327302,
            10.377072448115486,
            10.46571687732014,
            10.429221090393916,
            10.305797183260049,
            10.207757802300153,
            10.068376142323357,
            10.034173443705999,
            10.178453938587188,
            10.091621919583513,
            10.060245038267427,
            10.143290675085186,
            10.285680591247813,
            10.273631050179418,
            10.261237860081998,
            10.186125884637745,
            10.089469116335952,
            10.049164371364403,
            10.167130418768066,
            10.211848276974578,
            10.09399096580127,
            10.008849365732601,
            10.065963997280518,
            10.028804013800418,
            10.115612952957303,
            10.032615469910297,
            10.047117346367788,
            10.094085438784926,
            10.19145240409809,
            10.204703462565263,
            10.184741333954449,
            10.16788235430055,
            10.129218864507804,
            10.072296829748794,
            10.186847104107603,
            10.046125454669378,
            10.161938561381387,
            10.240723885476381,
            10.38506965092532,
            10.32982920199871,
            10.367266212820658,
            10.326013293747124,
            10.224882866788619,
            10.306694044973346,
            10.299755130426078,
            10.255062814504694,
            10.228303061990049,
            10.269257546757098,
            10.290774557331774
        ]
    ],
    "angle": 89970.5,
    "fluctuation": 816.345014,
    "buy_difference": 1.021487325
}