{
    "id": 194,
    "name": "ACT Manufacturing Inc.",
    "record": [
        [
            13.644900764445076,
            13.407057380121017,
            13.356446116605598,
            13.155816571376711,
            13.57269602176093,
            13.455332926175387,
            13.338449852536622,
            13.335132895715091,
            13.78787116064952,
            14.064441523474045,
            14.276864724931869,
            14.179084460112438,
            14.235751004137931,
            14.170739933947496,
            14.073925464833346,
            13.915645680454599,
            14.116689961893798,
            14.371423273389407,
            14.167822443861938,
            13.69064295701551,
            13.282163673928551,
            13.379748810383264,
            13.055228534570434,
            13.346279578805866,
            13.494976937241615,
            13.353418267413968,
            13.382254011664777,
            13.11036302124078,
            13.089653559549921,
            12.830720065314987,
            12.52111421466889,
            12.5107011397467,
            12.578049083864387,
            12.315469847434176,
            12.420603344745567,
            12.641337394364104,
            13.149525737713386,
            13.29521824101066,
            13.029994943396579,
            13.139362348910874,
            12.912178301239608,
            12.987115863112392,
            13.233458717696115,
            13.059156237569288,
            13.219942092464906,
            13.038890745300623,
            12.924797938881943,
            12.63863888803733,
            12.729904799544869,
            12.821517997765776,
            12.93012652609045,
            13.113537676347812,
            12.712639201175485,
            13.112263769189603,
            13.32485483437773,
            13.023094140859776,
            13.41503426486466,
            13.479365665285204,
            13.824804318273214,
            13.733944251727856,
            13.279959659375956,
            13.155694075269505,
            13.004254887772625,
            12.666713831814773,
            12.35731915861129,
            12.799995847413598,
            12.788589344507447,
            13.048921721777157,
            13.0165451891781,
            13.131146202283137,
            13.25971312809325,
            13.006281297818354,
            13.210632237446317,
            13.074370320392287,
            12.783092303274058,
            12.935186542034494,
            12.974704281766478,
            12.828274506856355,
            12.630659404814901,
            12.514027929521188,
            12.813015413543443,
            13.046912006828217,
            12.735105778437132,
            12.595337573615103,
            12.474194253210273,
            12.773637330939607,
            12.40646710330469,
            12.67767227572869,
            12.528385831664103,
            12.25577460452335,
            12.081373860344145,
            11.706520398219254,
            12.014736734406076,
            11.874996574249623,
            12.280847430704625,
            12.25106422545843,
            12.562399702838317,
            12.5467442940626,
            12.472452963423535,
            12.472338060833883
        ],
        [
            13.176840354880932,
            12.92906405747994,
            12.912477180275715,
            12.755529815567371,
            13.090103817549545,
            13.04200656216059,
            12.842393687549476,
            12.926795714322736,
            13.267168506440573,
            13.580632241825974,
            13.741800804394892,
            13.688595445190991,
            13.819246857279687,
            13.669612627936415,
            13.534332452103987,
            13.469261740458714,
            13.5984666120322,
            13.830059975879301,
            13.620562375999333,
            13.27408325321643,
            12.893559219703892,
            12.883440590166416,
            12.563445540306413,
            12.882024964588657,
            13.026851221474455,
            12.890203064198573,
            12.869179619072117,
            12.719117536858997,
            12.704128668463436,
            12.404226289200231,
            12.090394568707712,
            12.11909755546799,
            12.185559141017341,
            11.845653909905378,
            12.039062222907793,
            12.260395527474888,
            12.641599387274134,
            12.867447211871863,
            12.565444788921566,
            12.684839850413665,
            12.529363325482297,
            12.506618388093417,
            12.825661291923366,
            12.598596295691435,
            12.739718981033771,
            12.56399130244515,
            12.44412546421831,
            12.24425827926758,
            12.245497879953458,
            12.34714731463857,
            12.464160707540342,
            12.709435693542853,
            12.334501302090608,
            12.681487106516222,
            12.914240979287182,
            12.640799394571603,
            13.023850869016979,
            13.031310877014993,
            13.396096651927751,
            13.208700778586534,
            12.865567047853553,
            12.661387695922905,
            12.58584554723495,
            12.215115508651767,
            11.95972484778079,
            12.305570777939957,
            12.41442569884476,
            12.632871549850874,
            12.581356794632418,
            12.709927315784034,
            12.772949377242801,
            12.538822077876628,
            12.712995274550675,
            12.654972681892533,
            12.387930559020727,
            12.505220295013453,
            12.534644943929814,
            12.363512123704972,
            12.16577526234578,
            12.046231124056638,
            12.393310516421767,
            12.574228489351334,
            12.342665414645793,
            12.146283982964777,
            12.103148907468894,
            12.34039752342288,
            12.010900873283294,
            12.242790660967538,
            12.060052302069364,
            11.870960410053582,
            11.627433525742907,
            11.33100043895937,
            11.646831609525394,
            11.480271094734833,
            11.818234929852663,
            11.846208902604605,
            12.093999615419202,
            12.138191722081022,
            12.105106261050574,
            11.992956077133709
        ]
    ],
    "angle": 88901.9,
    "fluctuation": 1743.281423,
    "buy_difference": 1.035003943
}