{
    "id": 195,
    "name": "Foster Wheeler Ltd.",
    "record": [
        [
            13.223762639504566,
            13.17251553840449,
            13.163430672613597,
            13.261575535109666,
            13.289614052523712,
            13.265728097590378,
            13.278012293134172,
            13.19706158481577,
            13.221292761705449,
            13.243463021722931,
            13.182926469643794,
            13.266615429495722,
            13.208869638552768,
            13.220655310357321,
            13.27847911982896,
            13.297075117127367,
            13.294452251008638,
            13.269119885592078,
            13.203272664612765,
            13.214824087121322,
            13.245863109605157,
            13.216063008800042,
            13.221538803579541,
            13.2376200790465,
            13.19487020981652,
            13.242058528456653,
            13.284593996556081,
            13.253555832423366,
            13.170578503079986,
            13.163381213768732,
            13.271598738800487,
            13.276255491841166,
            13.192792148369552,
            13.186373031155357,
            13.291146716804063,
            13.239716701424223,
            13.185198092395929,
            13.217536782735403,
            13.221944422110084,
            13.174766582886438,
            13.245794201280457,
            13.274390691321779,
            13.175852637678343,
            13.196792589590704,
            13.274030354739581,
            13.172463389565147,
            13.287307055131357,
            13.207730176954076,
            13.260328667787858,
            13.270877891961385,
            13.186898425617658,
            13.20864501819275,
            13.271853155797228,
            13.189914121108757,
            13.250304077062225,
            13.308237190913921,
            13.286141135242845,
            13.25654987444495,
            13.207844600091166,
            13.260348317841819,
            13.247596309112879,
            13.246815833360122,
            13.217697606669985,
            13.252380121714884,
            13.182801590731396,
            13.30356075153587,
            13.19485607067145,
            13.264213796474769,
            13.277908627110438,
            13.243365740213697,
            13.251955377333708,
            13.297116972062012,
            13.308903266998703,
            13.290106005222333,
            13.308812924672882,
            13.2541745014858,
            13.262573176673337,
            13.256806930775543,
            13.218472660991473,
            13.255584586641506,
            13.298736122369675,
            13.274692172657808,
            13.2618401209578,
            13.19533690767385,
            13.287388487662806,
            13.212710548179027,
            13.31139541427853,
            13.209590558037714,
            13.307161292342878,
            13.31165776746395,
            13.195053849028625,
            13.302176585455095,
            13.305615728658026,
            13.22689074135926,
            13.279922197890894,
            13.316842119546548,
            13.303961728472188,
            13.197733194595795,
            13.201687370741492,
            13.248712482394671
        ],
        [
            12.833946847788567,
            12.839392226565218,
            12.84084897466893,
            12.847531079566767,
            12.850334587651245,
            12.856684866328226,
            12.858323132870957,
            12.856864567855837,
            12.859827259344883,
            12.863352032479986,
            12.855992388699923,
            12.856261649614243,
            12.850318220210044,
            12.855344065083255,
            12.849804561728188,
            12.8511503310414,
            12.849894402434607,
            12.850993433956384,
            12.844873174709,
            12.845814822115896,
            12.843842149583427,
            12.844447429908481,
            12.8446267747312,
            12.849964500282901,
            12.85086165967289,
            12.849134859916184,
            12.845480466336824,
            12.841042920553745,
            12.834927400217946,
            12.838221217867975,
            12.83163696134307,
            12.837417585419148,
            12.844972689099425,
            12.843874266416924,
            12.846699403146902,
            12.840446788132748,
            12.83757884551547,
            12.840738841197037,
            12.845020830121811,
            12.851907088273522,
            12.847624231484389,
            12.8484090961322,
            12.847803657648637,
            12.847579425086769,
            12.854467054909703,
            12.854826029372031,
            12.859629106646178,
            12.859516886191237,
            12.860437159774353,
            12.860392268536716,
            12.858574430409293,
            12.864277339707373,
            12.867758403312992,
            12.864098713053494,
            12.86742248056679,
            12.869623730170382,
            12.8636292417239,
            12.869626524921703,
            12.868660742771391,
            12.863025738963696,
            12.866079693088587,
            12.860176594545665,
            12.85761834593779,
            12.863006389296986,
            12.864914937841046,
            12.858698320620148,
            12.85600576508876,
            12.862920374363938,
            12.860787974975345,
            12.863257543123426,
            12.865166128932435,
            12.866558424538752,
            12.86642368766497,
            12.862337967057742,
            12.863774864498726,
            12.858321457551362,
            12.861329389613976,
            12.86730313242603,
            12.869976151562936,
            12.869976151562936,
            12.873256489910997,
            12.871796230952436,
            12.87476236324238,
            12.874560130124776,
            12.872538116574086,
            12.866946309363486,
            12.86883297881023,
            12.875529645989074,
            12.872429251449333,
            12.865243944114177,
            12.861360559749851,
            12.863762870410131,
            12.8645262667659,
            12.867850144748585,
            12.86787260342305,
            12.867692936535954,
            12.868052280344886,
            12.873017631807526,
            12.872995164192504,
            12.86973818430208
        ]
    ],
    "angle": 90024.3,
    "fluctuation": 34.14802999999995,
    "buy_difference": 1.029858875
}