{
    "id": 196,
    "name": "Milacron Inc.",
    "record": [
        [
            18.572058184139,
            18.652602419622536,
            18.584827241085087,
            18.859214431650148,
            18.71315367690118,
            18.688590441404138,
            18.65102689897297,
            18.934671864457066,
            18.85610118869532,
            18.97559930010548,
            19.106340413460874,
            19.1671839483715,
            19.072696292025928,
            19.121435879082167,
            19.154793343009555,
            19.075686518940646,
            19.253835973931462,
            19.16861167076696,
            19.33845567874475,
            19.310920699821988,
            19.366303000144086,
            19.325493276243687,
            19.526131963493633,
            19.400215609208903,
            19.51488411313659,
            19.440476843029572,
            19.369897330650616,
            19.37563328543701,
            19.34161883859076,
            19.443739020732863,
            19.35792834097091,
            19.47140658142629,
            19.545536623804526,
            19.64059801263953,
            19.65345044084598,
            19.58534576182495,
            19.66064997634586,
            19.86209880445872,
            19.996492841608546,
            20.049493182970714,
            19.97114905516545,
            20.009237004407606,
            19.93600319693352,
            19.787175993962332,
            19.613185370545708,
            19.509847700604656,
            19.551858341695613,
            19.69745023890803,
            19.655361543695648,
            19.779741280007208,
            19.524051292861557,
            19.439090719452697,
            19.237557420535094,
            19.176557572865413,
            19.265394599006086,
            19.506757852679954,
            19.371981043517945,
            19.50030983623074,
            19.156245215063002,
            19.290010081171378,
            19.509838011564742,
            19.294636199118674,
            19.318628445659716,
            19.342410276519434,
            19.360194154603317,
            19.123199904207006,
            19.07001131467741,
            19.02774701976226,
            18.868141518642524,
            18.80304030477901,
            18.83780057605338,
            19.038163221702803,
            18.900654641117473,
            19.115579597908912,
            19.260433561311306,
            19.25761438459195,
            19.227362877523984,
            19.07339949959896,
            19.161985924427132,
            19.02502344065746,
            19.063408409835585,
            18.98432904831183,
            19.036627106753045,
            19.08679264379638,
            19.149143817102246,
            19.177207947496328,
            19.40829085644814,
            19.469778527033696,
            19.52529318367832,
            19.43215587300508,
            19.34998716833431,
            19.260793496752914,
            19.49797532380189,
            19.629438737389766,
            19.515013828170453,
            19.472707794188736,
            19.34458702729363,
            19.350084979195064,
            19.37108240365856,
            19.354483842586472
        ],
        [
            17.823391118581316,
            17.918619668590775,
            17.8965362829581,
            18.042999195859416,
            17.93905206384977,
            18.003687725343056,
            17.945868430292748,
            18.10796503325858,
            18.141369123005354,
            18.17610610404903,
            18.2976835910122,
            18.472163919910898,
            18.292864358726288,
            18.27563997638941,
            18.434287525046834,
            18.281105975783024,
            18.40768722959159,
            18.298844840119948,
            18.477535890884464,
            18.562189303281745,
            18.51336604978246,
            18.568752241916375,
            18.66429529847576,
            18.691110690198126,
            18.71135832448416,
            18.62511766067791,
            18.531580052151128,
            18.659928420317083,
            18.608483443953517,
            18.64127887771036,
            18.635391871893564,
            18.66967098111183,
            18.767017287830488,
            18.898025815753186,
            18.899015365883294,
            18.869474077716216,
            18.883217325467577,
            19.030957436741787,
            19.102471790197438,
            19.268262997207938,
            19.19489508384158,
            19.16619386303942,
            19.04278968941883,
            18.917588544272196,
            18.852734437037046,
            18.691579013194648,
            18.77872759177286,
            18.966048762461725,
            18.936930685177053,
            18.914251723600923,
            18.784000877797503,
            18.631234721787855,
            18.52695285674778,
            18.464497770615147,
            18.499885826546876,
            18.668104357165642,
            18.533573583203328,
            18.60993493938079,
            18.459766768806944,
            18.501292763774636,
            18.630151648169218,
            18.444855621075934,
            18.57332142876288,
            18.468434188726867,
            18.56303772844397,
            18.426071417601108,
            18.26654028571658,
            18.16798881682381,
            18.02815942992788,
            17.951648049531187,
            18.10197008806276,
            18.237855638471732,
            18.19701259776048,
            18.361539343563788,
            18.463692779650096,
            18.512805351932126,
            18.44305152762324,
            18.278914220172418,
            18.323527096133002,
            18.20526442791488,
            18.2857849947647,
            18.295939509660585,
            18.267404562456015,
            18.30638434808393,
            18.29300680224704,
            18.407830547185224,
            18.590567197689776,
            18.63085570134459,
            18.672799231226982,
            18.652550123881174,
            18.56438742023337,
            18.540021520502606,
            18.657837541487194,
            18.733167876167176,
            18.74897314670238,
            18.654133253554132,
            18.527696833710557,
            18.53481369108905,
            18.66679295531774,
            18.57985390506459
        ]
    ],
    "angle": 90304.5,
    "fluctuation": 577.576067,
    "buy_difference": 1.042734663
}