{
    "id": 197,
    "name": "Health Management Associates Inc.",
    "record": [
        [
            28.328246349705548,
            29.185043858031065,
            29.296615820192265,
            28.397647922014876,
            29.14647926081108,
            29.07811787532957,
            30.00343036904538,
            30.200357392499793,
            29.6627457861989,
            30.19839099875759,
            31.305770546903325,
            31.759892202710542,
            30.718465253620924,
            31.179871348085175,
            32.18355712058005,
            31.284380925904177,
            30.8565176252051,
            31.29887921718893,
            31.650891744527186,
            30.936193750950313,
            31.59678083801859,
            31.133651980312674,
            30.511403368028386,
            31.554004385952283,
            30.243964557654863,
            30.760146433632528,
            30.839661581533754,
            31.630822525646835,
            31.864642481286413,
            31.622529686180577,
            32.08345912306239,
            32.11076530597588,
            31.41577223151814,
            32.01671855085775,
            31.413072748867258,
            32.29663194648437,
            32.38415050125565,
            33.48007091078176,
            33.0926431098609,
            32.119502097414845,
            31.930889622822384,
            32.45551283578379,
            32.79436407594083,
            32.342109112602934,
            33.291622831615186,
            34.24427973635992,
            34.88370863264629,
            35.75238464329448,
            34.54585816543724,
            34.93223788772396,
            33.90830802162671,
            34.318061991136155,
            34.738628362611784,
            34.71095813130147,
            35.683248066654684,
            34.75650311027811,
            34.87222775012853,
            35.95478022781777,
            36.15721107149203,
            36.15489477893171,
            36.57222474466967,
            37.34706697839026,
            38.107794372529696,
            37.579331001400796,
            38.25732829207714,
            39.30408738548101,
            39.29076299432037,
            38.98704069707484,
            38.63756623818918,
            38.33630825282375,
            37.34918401554426,
            37.03824141219647,
            36.86254215982925,
            38.04413999057851,
            37.1259386699484,
            37.31214630555203,
            37.68424351258073,
            36.97866133112756,
            36.193603707434924,
            36.34472702451858,
            36.67944974370132,
            36.99343373327486,
            37.59346320949231,
            38.8313093205501,
            40.02256858668658,
            39.4864624715142,
            38.575425794589556,
            39.07823583166809,
            39.12682807548287,
            39.390803342607974,
            40.04515275056765,
            39.6569229626743,
            40.550470387260276,
            40.77485350756267,
            40.068389056302344,
            41.03535162794353,
            40.81568680686304,
            40.518853103372685,
            39.37128297880819,
            39.60225255970038
        ],
        [
            27.856001364095395,
            28.615605026165298,
            28.704982650027304,
            27.935410096387947,
            28.735238393471995,
            28.667841549718027,
            29.571211920095433,
            29.646549632880195,
            29.057933219506257,
            29.84105954681332,
            30.796196255859385,
            31.36833666593059,
            30.367175521042846,
            30.76151015713439,
            31.631240919804,
            30.741356208201243,
            30.33606342947208,
            30.913007332792187,
            31.11393093537757,
            30.335609744120905,
            31.00190500637483,
            30.731313568616393,
            30.059826458078817,
            30.901402692617232,
            29.913123774128305,
            30.211139778355644,
            30.36498913173892,
            31.128402395362897,
            31.465480319213473,
            31.14827192001195,
            31.70063924622309,
            31.531359767774205,
            31.040919195554938,
            31.536548951187328,
            30.84625635102704,
            31.62867118817637,
            31.81250781282775,
            32.905504665730774,
            32.64207286021557,
            31.5808998724778,
            31.392314088164156,
            31.838121623101404,
            32.41607887888642,
            31.8985608096528,
            32.779210718228356,
            33.67004775725167,
            34.50211337338932,
            35.31515111644247,
            34.14736936616476,
            34.32246802037138,
            33.49362661634986,
            33.78985131299766,
            34.06422527405684,
            34.030311249895945,
            35.088391796282835,
            34.2078554940063,
            34.438845440927736,
            35.291929039815365,
            35.72937010701935,
            35.75220827669006,
            35.96973629991482,
            36.820120307427686,
            37.47626404899268,
            37.11602983437639,
            37.54828332379178,
            38.703005532642976,
            38.55871968336485,
            38.51798039686434,
            38.21874796969011,
            37.776483522545774,
            36.65697020506576,
            36.607326262650716,
            36.29879913421367,
            37.42862404277885,
            36.514328378108516,
            36.620618936157605,
            37.22712049403095,
            36.27884361109825,
            35.632960676000636,
            35.66757259230129,
            36.15105900032432,
            36.23193862428255,
            37.02965657981373,
            38.145861849747554,
            39.34358137248687,
            38.941032304704216,
            37.77760666879019,
            38.58871039250066,
            38.482255262098754,
            38.610697276332495,
            39.567333934797766,
            39.10130227697692,
            39.80686444694559,
            40.09912412327776,
            39.325778662006854,
            40.43206472980169,
            40.09921356478106,
            39.875256578538526,
            38.839118882845476,
            38.91484876968883
        ]
    ],
    "angle": 91521.1,
    "fluctuation": 1974.755216,
    "buy_difference": 1.016038644
}