{
    "id": 198,
    "name": "Charming Shoppes Inc.",
    "record": [
        [
            31.44064562590449,
            31.689816914675745,
            31.25791591331609,
            31.789898364545802,
            31.95174689150159,
            32.25153078030994,
            31.9699011881777,
            31.750102175247072,
            31.800312287215384,
            31.792609115857683,
            31.418194713910832,
            30.949423993767976,
            31.583793965677604,
            31.932017749457074,
            31.586308470774252,
            31.582491609711848,
            31.233083232498547,
            31.727885247272532,
            31.64991062609172,
            31.883546934000925,
            31.98773068321327,
            31.66791793915656,
            32.38171012936007,
            32.588317200508136,
            32.49069110475982,
            32.45834157766955,
            32.46372851937654,
            32.6199795438617,
            32.94691520348889,
            33.48254635481608,
            34.03464833583556,
            33.8079098922941,
            33.34172523536074,
            32.93849680544786,
            32.92063612663773,
            32.54414003741877,
            32.605849975907994,
            32.71174681193923,
            33.065666827544064,
            32.850128230200184,
            33.589398960281585,
            33.91407990323875,
            33.859651995573884,
            34.349994580855615,
            34.2341275400685,
            33.90672517940995,
            34.27542800379322,
            33.9486096384741,
            34.14123669202511,
            34.39354062622223,
            34.48318730606446,
            34.8477180088418,
            34.99492610049101,
            35.43160086553772,
            35.82700102875726,
            35.787654180200676,
            36.497059440057484,
            36.62256324800412,
            36.59015178748772,
            36.71265856767285,
            36.99573073456093,
            37.02924864890868,
            37.12945641175445,
            37.852660871520364,
            37.27731298796586,
            37.99897601611859,
            37.19712156195658,
            36.77188643147477,
            37.19600498590564,
            37.58275161746988,
            38.19010712744645,
            37.81598200095093,
            37.76972421106359,
            37.605252875850816,
            38.21615548032708,
            38.04083351045282,
            38.241703126042,
            38.25266964334814,
            38.014333566379115,
            37.79963780327031,
            38.67039922432134,
            39.22799838260123,
            39.331649459658905,
            39.47093893941905,
            39.17701908063179,
            40.032399109396394,
            39.081522468653915,
            39.20569218184536,
            39.336773097944615,
            38.99388796424133,
            38.55442904223655,
            38.50129150561502,
            38.88850874287234,
            39.20011938875445,
            39.7857966416512,
            39.71218285273982,
            40.34955530739737,
            40.28316521843791,
            40.6649577786299,
            40.94856036041567
        ],
        [
            30.788097598954757,
            31.14412659035847,
            30.719662810808572,
            31.233088427957814,
            31.32301877804461,
            31.585308904426707,
            31.409938446265745,
            31.029122764323052,
            31.30294460392807,
            31.01808095606777,
            30.66194537335715,
            30.422584642505797,
            30.817420874727265,
            31.213132606585862,
            31.011302157061323,
            30.834569815342956,
            30.505592007728165,
            30.964181523557652,
            30.912710520874743,
            31.365974675636206,
            31.36143158566583,
            31.191418508803793,
            31.690631206274983,
            32.059304259611466,
            31.711784234045552,
            31.787847598291187,
            31.856792277852847,
            31.860184275053385,
            32.37308517993296,
            32.83026407245382,
            33.19888982235811,
            33.249086274778946,
            32.8268437141463,
            32.312977866513116,
            32.2438146260024,
            31.805129662469504,
            32.047599561341364,
            31.991261787889318,
            32.2987093908466,
            32.2974128895989,
            32.82992673452867,
            33.11754095958771,
            33.137031363628914,
            33.623624555575844,
            33.60755274508749,
            33.316178331905846,
            33.51047040704476,
            33.41093013748474,
            33.32276090927377,
            33.81824949292852,
            33.66992683949056,
            34.07678710695306,
            34.27888471822318,
            34.80751590407934,
            34.957667548817284,
            35.24208224872478,
            35.796795047002156,
            35.80879468905267,
            35.902473730998196,
            36.14935285425358,
            36.39882509857498,
            36.217283624023196,
            36.53039318599238,
            37.13381943792179,
            36.697969169160615,
            37.12129049734706,
            36.53461457880003,
            36.03389249979984,
            36.471379840319166,
            36.98008721191256,
            37.337781882535,
            37.00523143363806,
            36.95627528891182,
            37.005943103792426,
            37.61088640959887,
            37.29228784975471,
            37.321209029100324,
            37.67709106159394,
            37.13629332490501,
            37.174833418578054,
            37.769675594680166,
            38.295204249497914,
            38.39256628819997,
            38.67104289732077,
            38.494680547781535,
            39.068802196749516,
            38.46641054441675,
            38.315411681388504,
            38.60520515199603,
            38.161694297088616,
            37.61517014501884,
            37.619503600734525,
            38.119469925168744,
            38.33672621311829,
            38.90173972350044,
            38.98925076674516,
            39.53580611073802,
            39.38019859763532,
            39.78915402932203,
            40.05065397437698
        ]
    ],
    "angle": 90655.0,
    "fluctuation": 942.331147,
    "buy_difference": 1.020378512
}