{
    "id": 199,
    "name": "Equifax Inc.",
    "record": [
        [
            16.060540987892267,
            15.773597959144992,
            16.018736134183168,
            15.987755304089575,
            15.954739722748936,
            16.160933804975002,
            15.981046303297267,
            16.0668798194309,
            16.117668887652062,
            16.159987959481022,
            16.21481431088913,
            16.434650997272694,
            16.331518886409377,
            16.25215372238754,
            16.402918446976358,
            16.363001453997953,
            16.386679219080342,
            16.616847261523805,
            16.6573708390574,
            16.535917509516356,
            16.84209348190756,
            16.783679813149146,
            16.78691939987625,
            16.76966039783123,
            16.529068951418388,
            16.49384871784069,
            16.272350702883923,
            16.22750380261356,
            16.340144675563877,
            16.37087710776245,
            16.116335263138062,
            16.014163326797398,
            15.912275363913892,
            15.796748332248903,
            15.833666821343789,
            15.952653800256641,
            15.817525675451844,
            15.824808035488731,
            15.6530388084589,
            15.722461235792451,
            15.56065814303604,
            15.56316158519786,
            15.680680809575854,
            15.588705160690093,
            15.584044395742708,
            15.545605166203503,
            15.634787707076267,
            15.760993404697526,
            15.688568969405537,
            15.8425351850085,
            16.005411599758126,
            16.008963667233665,
            15.870230844710559,
            15.824599974528637,
            15.867772329740717,
            16.127500609233472,
            15.85166187944643,
            15.801409205445658,
            15.552965077003957,
            15.710613970048886,
            15.474680929806935,
            15.457467622194876,
            15.323269295694356,
            15.061738275072472,
            15.246918930694799,
            15.37510936037447,
            15.288900406350088,
            15.21422181423573,
            15.217057461721376,
            15.27259450689595,
            15.332325963386392,
            15.468183469005918,
            15.339230282967021,
            15.478431125961139,
            15.443302887167373,
            15.249866285111251,
            15.294460378567269,
            15.413905840775138,
            15.191950890524378,
            15.288598611981923,
            15.362265416707304,
            15.29888198395977,
            15.15736505048998,
            15.08880681302233,
            15.165420392014354,
            15.039664036022419,
            14.920909284959128,
            15.038751430613086,
            14.918543361712572,
            15.044186088347615,
            15.089366623152637,
            15.100273354437578,
            15.109142216144722,
            14.877111447700988,
            15.048833035826348,
            15.085341947825965,
            15.056054138495211,
            14.94440327976476,
            14.955394628029477,
            14.983663203777851
        ],
        [
            15.302615903056422,
            15.113698860135951,
            15.316294605519653,
            15.218074372216115,
            15.238313827044028,
            15.40596014672515,
            15.228392815084947,
            15.337744948586286,
            15.430983473603597,
            15.415835562014825,
            15.483611537936277,
            15.65594544216976,
            15.656136717963463,
            15.55349852784242,
            15.704080114716387,
            15.583025216440678,
            15.683813449256027,
            15.818458075968787,
            15.920545320716995,
            15.82506374441328,
            16.005745399006074,
            16.04287349368214,
            16.017098892253152,
            15.989443224645992,
            15.783694948369241,
            15.791136345784192,
            15.593151209897451,
            15.48488504334645,
            15.615787792170794,
            15.568779186483244,
            15.384956043112696,
            15.220444143668352,
            15.191675953936592,
            15.129805714468556,
            15.084942542315499,
            15.272998773443588,
            15.111797450980946,
            15.035982496139775,
            14.92328234708166,
            14.983482039189498,
            14.89770389982017,
            14.906081057594578,
            14.918344682618697,
            14.829362487558448,
            14.829362487558448,
            14.791310178402435,
            14.934223140544185,
            14.993258385030027,
            15.00210844764247,
            15.114511737043754,
            15.215156185735058,
            15.306950673416177,
            15.223098327258842,
            15.02980041451485,
            15.174990918373767,
            15.338855251622734,
            15.155028681311345,
            15.036201063814351,
            14.875418414159494,
            14.957258247793662,
            14.787209465085445,
            14.722124357870607,
            14.57685629036983,
            14.434518221327899,
            14.61198734866241,
            14.637841762875102,
            14.616998894253465,
            14.557266679738863,
            14.498937843190351,
            14.602872217807938,
            14.676155637891455,
            14.692747096165851,
            14.666585932112403,
            14.821953435282083,
            14.745416086637023,
            14.556352717736786,
            14.569779260539969,
            14.649937564499618,
            14.462023660190955,
            14.621103723340255,
            14.719574691770607,
            14.672098206007579,
            14.515960804504845,
            14.396858955078047,
            14.519305060219219,
            14.37151844318838,
            14.24093150266697,
            14.296224150754268,
            14.227292703515081,
            14.354284463431641,
            14.347197978358418,
            14.364722722375358,
            14.387498318825736,
            14.257579859024109,
            14.367335263920266,
            14.413724128220942,
            14.424725993806337,
            14.253378458543613,
            14.3182273413709,
            14.329481688814694
        ]
    ],
    "angle": 89283.8,
    "fluctuation": 760.566414,
    "buy_difference": 1.047643361
}