{
    "id": 2,
    "name": "Pentair Inc",
    "record": [
        [
            2.0861963493493714,
            2.1124346488246255,
            2.1001733886205405,
            2.104477547523997,
            2.0949838480999476,
            2.0983544971267674,
            2.129040301242209,
            2.0990225074776285,
            2.1225035179188696,
            2.1287570864382412,
            2.145243278980318,
            2.1601287151802833,
            2.1784550388490187,
            2.1329535959323556,
            2.14974192753203,
            2.179577787324725,
            2.2331564818187157,
            2.2345845084309204,
            2.207122662434463,
            2.209782626318341,
            2.2426992505354764,
            2.265082177601925,
            2.2277467602938152,
            2.267116566424472,
            2.2884879206845445,
            2.268142147196292,
            2.2702019653070313,
            2.2564301182354436,
            2.25615459298514,
            2.2865817828703543,
            2.264366908224909,
            2.303766260311891,
            2.31733284842927,
            2.375739615728936,
            2.3537243824312037,
            2.407215345455393,
            2.4133834518155264,
            2.408448272018602,
            2.439004182746699,
            2.438918068694642,
            2.464404575402931,
            2.453760953311161,
            2.4738216059496043,
            2.528530790937247,
            2.4816370883381795,
            2.468716687811633,
            2.451957851384367,
            2.4623663343511795,
            2.4941816858905166,
            2.436078088668557,
            2.3989299252812075,
            2.3971173899492366,
            2.380878988877521,
            2.3480357056402887,
            2.364751307865794,
            2.385616607054024,
            2.3979319528021885,
            2.3853104135479324,
            2.422399199657048,
            2.489425376859754,
            2.50935585254704,
            2.4910565169479386,
            2.5115114693219387,
            2.5714992187935106,
            2.5488621850634208,
            2.586460341296552,
            2.614900198254056,
            2.573559569265879,
            2.5936272910593625,
            2.5607224422359596,
            2.51983545691332,
            2.507659922255825,
            2.4879047426032073,
            2.5285926048523493,
            2.5673495141094795,
            2.574179975958736,
            2.546528017239255,
            2.5000591158908887,
            2.532272389103481,
            2.519549069385521,
            2.509707670152693,
            2.549186451882825,
            2.5602715554974154,
            2.6036516840070374,
            2.543216010088982,
            2.5947535044969356,
            2.5583142488429265,
            2.522224973768715,
            2.515012136475113,
            2.4668175894164235,
            2.4155364626129074,
            2.3847769992032584,
            2.3815348814599497,
            2.3443076107663137,
            2.3708761298000636,
            2.3997900949211255,
            2.380221625755591,
            2.3510173617990424,
            2.3941650717993546,
            2.4184431555181014
        ],
        [
            2.0365742658142136,
            2.0482353474263792,
            2.0506297139548937,
            2.04377384082018,
            2.0353653748225606,
            2.0364067554589953,
            2.069277894253636,
            2.052591039090385,
            2.060048011106131,
            2.076874285300501,
            2.0935875015253798,
            2.113193792110835,
            2.1192078954916918,
            2.0776402976810933,
            2.089815302678812,
            2.128587511440874,
            2.1698222630177972,
            2.1801224449033354,
            2.1411109134781894,
            2.1561409159460325,
            2.1834486606288963,
            2.215644410958244,
            2.1736689767709967,
            2.218302426374792,
            2.2251375474919812,
            2.2133053982461464,
            2.2119927753865154,
            2.1985740458234124,
            2.200505871030011,
            2.217531250942206,
            2.2165022230187637,
            2.2498706490295812,
            2.2674374827122117,
            2.315055866568139,
            2.2919985715257813,
            2.334754263615406,
            2.3616571223850475,
            2.3403759896828102,
            2.375516702217273,
            2.3782853458780857,
            2.4065097189226177,
            2.3822698988744544,
            2.4051008070718063,
            2.4538833600810848,
            2.422123787746665,
            2.395835092334378,
            2.3864634961867863,
            2.395158584998492,
            2.4319317183885083,
            2.3826689832351846,
            2.3456289622490165,
            2.325654705508267,
            2.3247133909881486,
            2.2778094576028867,
            2.305500984618827,
            2.3209670217039085,
            2.334580220408536,
            2.3162752332468264,
            2.3647802245886806,
            2.4142493443402366,
            2.457546865117867,
            2.417515403755191,
            2.4566951279233584,
            2.496080449210173,
            2.4790461614898205,
            2.5203941320510443,
            2.5565441426338436,
            2.5125968196583597,
            2.526872641187475,
            2.491078824659332,
            2.4591597932901026,
            2.4509593980082416,
            2.4195169148163007,
            2.4600684074018027,
            2.507287487061849,
            2.5099334053282814,
            2.4790028004488636,
            2.4347390181781012,
            2.4570251000856955,
            2.4608519407607266,
            2.442914755655229,
            2.4815907424945065,
            2.484687071971648,
            2.527541696169302,
            2.4864597120711607,
            2.518903628385531,
            2.4855104466474436,
            2.4664320469573737,
            2.446855966161388,
            2.400446801152014,
            2.3540715858618086,
            2.3259557674639653,
            2.322793617516039,
            2.292450308459406,
            2.302258703672751,
            2.3289433542676226,
            2.3171062858888147,
            2.2962464624498593,
            2.334644930865229,
            2.3463447089481266
        ]
    ],
    "angle": 90326.2,
    "fluctuation": 1198.31933,
    "buy_difference": 1.02621265
}