{
    "id": 20,
    "name": "TravelCenters of America Inc.",
    "record": [
        [
            36.61875790878937,
            36.786659336996706,
            37.25824196224487,
            37.420639607752015,
            36.89945514508683,
            37.08166094424446,
            37.439452614935085,
            37.537789930895755,
            38.45312047791941,
            38.899241125477005,
            38.64249109010095,
            37.868196543449166,
            37.37138955883958,
            37.73647783163583,
            37.36202636105223,
            38.11536016593717,
            38.7233028625546,
            38.773564697991034,
            38.815981054949596,
            38.14228691691898,
            38.36062017206291,
            37.95631798401548,
            37.66997569052267,
            37.522869369778014,
            38.389782117663486,
            39.151887973826994,
            39.3692437582829,
            40.28262662124643,
            40.78513273073294,
            41.16235690667087,
            41.61996200019606,
            41.17060883469186,
            41.370988483732404,
            40.47568425055793,
            40.712993264763156,
            39.86497424679655,
            39.384228826635564,
            38.57201850926316,
            38.576345239727125,
            38.73139185425518,
            38.72174563647398,
            37.86509972306606,
            38.1726853854315,
            38.45941921388915,
            38.38174400093548,
            38.3440149161452,
            38.89014242807473,
            38.45689357363047,
            38.26349935719987,
            37.77372015698702,
            37.73324923523411,
            37.65839193834357,
            37.2799613026746,
            37.345891207450386,
            36.596420572085194,
            36.6643309782065,
            37.088586628194186,
            36.6956652128481,
            36.17881922639739,
            35.58220337735241,
            34.83238860727815,
            34.464314247613984,
            33.692954484265954,
            33.95507267268889,
            33.452343671945,
            33.06840914566053,
            33.043852193174814,
            32.850124329297564,
            32.91061778025874,
            33.476449854945145,
            33.1813152824641,
            33.14133733483915,
            32.6000583613405,
            32.33968656156507,
            32.67061593988315,
            32.195891252332835,
            32.37502356637752,
            32.329000511078476,
            31.75520480383111,
            31.37588647326212,
            31.932345717189126,
            32.481773158843176,
            31.88913670848067,
            31.218854574046986,
            30.981613648040607,
            31.211217788498278,
            31.514680519734814,
            31.82864863680521,
            31.487792854323285,
            31.16888081783181,
            31.257362300119738,
            31.289781253404296,
            31.238801231990077,
            30.677384510702353,
            31.35413567426647,
            31.03069916030926,
            30.9803010750526,
            30.854183067521983,
            30.542344153121558,
            30.974150350022498
        ],
        [
            34.84834455362576,
            35.2507033234506,
            35.648897044813005,
            35.547644077872995,
            35.330406024443526,
            35.380609418216935,
            35.78639714218954,
            35.8660217543052,
            36.56120440224518,
            37.219014343422174,
            36.77423596050015,
            36.094972810892905,
            35.51500147564315,
            36.15360276100785,
            35.80923906151547,
            36.34871708895956,
            36.79243133753369,
            36.95425465049008,
            36.88048828975914,
            36.37803140953291,
            36.78480442596084,
            36.28771137554664,
            35.93834285590941,
            35.89849447965133,
            36.577519583454276,
            37.214467834714476,
            37.676271180409195,
            38.26638156546309,
            39.054774524635135,
            39.12155232208648,
            39.790297076770266,
            39.2114110240946,
            39.319840072629,
            38.588070912121594,
            38.71374761063581,
            38.097192866005145,
            37.51004000423984,
            36.954096275118424,
            36.814089961672174,
            37.13288203404161,
            36.86068720315846,
            36.19687660382942,
            36.53849666116967,
            36.59636530949732,
            36.58812758508077,
            36.574084145262646,
            37.054259435656505,
            36.82161861341435,
            36.435369761263196,
            36.13848587026422,
            35.86960305968023,
            35.92729159161367,
            35.505908874724945,
            35.67195384024125,
            34.96657684920846,
            34.909121854570785,
            35.36599992122267,
            35.01582174783321,
            34.5364503664318,
            33.912636479883375,
            33.29444222733852,
            32.73277288407264,
            32.17952981249961,
            32.36185303043483,
            31.946529258380433,
            31.694067046518,
            31.509123973258657,
            31.24010455834357,
            31.501700384431103,
            32.09482034779027,
            31.630719984115284,
            31.697106199565916,
            31.176290231378683,
            30.899419062224634,
            31.122122399071493,
            30.768189412078105,
            30.97660601138167,
            30.99472817227093,
            30.432383544475165,
            29.969539828455655,
            30.467509352563066,
            31.001032222335574,
            30.43236834102883,
            29.867382143491273,
            29.628529133959496,
            29.887044414362414,
            30.13529478073966,
            30.392881054569834,
            30.03734264920305,
            29.632400994069208,
            29.949263862367832,
            29.88729406248611,
            29.752231256181847,
            29.41423246110352,
            29.808523653848187,
            29.65763707918836,
            29.597611016680418,
            29.47712181549264,
            29.04832614953986,
            29.479577822190045
        ]
    ],
    "angle": 90654.0,
    "fluctuation": 1163.30593,
    "buy_difference": 1.047973841
}