{
    "id": 200,
    "name": "Coventry Health Care Inc.",
    "record": [
        [
            4.320514238162274,
            4.377155697940394,
            4.470106542422351,
            4.491161629033045,
            4.566872098852596,
            4.556756315181791,
            4.604341773480547,
            4.53814375394501,
            4.596098160769814,
            4.680033929512969,
            4.608127723975121,
            4.6117201740905385,
            4.692709657471415,
            4.713476152324422,
            4.585950081586279,
            4.535497854857142,
            4.480907606524083,
            4.457309260125075,
            4.453069304347582,
            4.51045860867904,
            4.486558851433387,
            4.440855701906542,
            4.3520890572072215,
            4.258706398420242,
            4.196543400841951,
            4.185899849145569,
            4.101280574300206,
            4.126373749949553,
            4.044552833210944,
            4.156587985848681,
            4.203691311606767,
            4.158610525531763,
            4.11135923412963,
            4.103646211917794,
            4.107123908932173,
            3.9953764606443416,
            3.972993356673622,
            3.9176999992576773,
            3.984641908559912,
            3.9954904662458213,
            3.9323459886974304,
            3.8354458245949803,
            3.7731670684355576,
            3.7211376336716415,
            3.666150612858851,
            3.6619044415191975,
            3.667970594044221,
            3.751331461197054,
            3.7376638800860706,
            3.802023254292069,
            3.7576093808584106,
            3.7560344296417116,
            3.674993392995021,
            3.6164521239728438,
            3.548565493210588,
            3.5326033263577066,
            3.453393047337664,
            3.4582063504596046,
            3.4312835988361687,
            3.436089660269402,
            3.48434583505325,
            3.5809749021716644,
            3.530450546588756,
            3.56929702650555,
            3.46207315501586,
            3.537928277083383,
            3.6029477659199545,
            3.627481508462836,
            3.6568751650769675,
            3.7268059189604164,
            3.6060840310571494,
            3.5908354943175467,
            3.63233591369128,
            3.5732899394233266,
            3.4951234495124424,
            3.577606055982427,
            3.655049713041311,
            3.6131430951448187,
            3.621173315005203,
            3.613790927520997,
            3.5476595796768606,
            3.6328873557854773,
            3.6173841501157686,
            3.5297505534543863,
            3.5192606441790475,
            3.5716766735283993,
            3.645167024702486,
            3.6692332010271795,
            3.6990242477315736,
            3.620768302751416,
            3.6891551892705556,
            3.732118403882531,
            3.83815857484447,
            3.892585405611713,
            3.902575089952672,
            3.8753409881155934,
            3.8554752576504163,
            3.8383431340811236,
            3.855793410999264,
            3.870535368736698
        ],
        [
            4.216355612015244,
            4.281469105222413,
            4.386442891034486,
            4.377641127233373,
            4.4416876449384555,
            4.470572748347643,
            4.504139791226027,
            4.423435712075272,
            4.474121648544816,
            4.580478146707922,
            4.505587397945743,
            4.48932906700004,
            4.5947256197773845,
            4.606286389051855,
            4.502379639011427,
            4.450163295072772,
            4.3750675777849315,
            4.3424779523905945,
            4.368408079809458,
            4.420710884942668,
            4.388480656562604,
            4.33509512228142,
            4.251416396970162,
            4.148164192609381,
            4.118827315979664,
            4.104257234637186,
            4.018062003547195,
            4.0345534413592565,
            3.94823034928489,
            4.050311882804007,
            4.123771231837642,
            4.060383225130305,
            4.013846835590468,
            4.012733272623736,
            3.9949395501038993,
            3.905689269840489,
            3.8644727173576046,
            3.8436031337752636,
            3.8750314059351365,
            3.915203787513231,
            3.852168911205202,
            3.7625267842731005,
            3.670104599975858,
            3.6525926060135294,
            3.57991313692295,
            3.559400152643131,
            3.598235572907578,
            3.6689582944203765,
            3.656322974434179,
            3.716304516127873,
            3.6556998736125905,
            3.6765027291568373,
            3.6007856879108444,
            3.5152201395935943,
            3.4578353767542116,
            3.434743740107766,
            3.3587306365181293,
            3.3778732256397728,
            3.365034674502357,
            3.3663683950873415,
            3.409883628712206,
            3.4901124201287828,
            3.4439625065770842,
            3.4749172174748293,
            3.3928454759978073,
            3.4585097663215834,
            3.53196614698612,
            3.5262916635629917,
            3.569785364588919,
            3.623205939332,
            3.5400140512768403,
            3.5028681598910825,
            3.5468938481500083,
            3.4909815829037685,
            3.419745737705171,
            3.4875249583487613,
            3.5601764769389543,
            3.5253333559947237,
            3.545207677475693,
            3.5376256165139806,
            3.4590228638412777,
            3.5417677562950987,
            3.5287664337693108,
            3.4636868440130666,
            3.4485434816423197,
            3.4967493856160625,
            3.550196318084856,
            3.570787391731512,
            3.623241053945687,
            3.5437456939060072,
            3.602736714993616,
            3.661163812206744,
            3.7400241103291743,
            3.805205642169575,
            3.8237719166201494,
            3.7925230205660094,
            3.7591479023480203,
            3.75970566590957,
            3.7707489009691764,
            3.7817583751629553
        ]
    ],
    "angle": 90871.4,
    "fluctuation": 1447.763558,
    "buy_difference": 1.023679793
}