{
    "id": 201,
    "name": "Dean Foods Company",
    "record": [
        [
            57.452225078959145,
            57.20195760570633,
            56.53134142209931,
            55.74952784584157,
            56.60163020381418,
            56.727086983288196,
            55.85366003023541,
            55.27847319872638,
            55.54233878126113,
            56.47682223970812,
            57.5468376179173,
            58.269088440163785,
            57.368888833586375,
            56.9045078166416,
            56.826234694938904,
            58.06865722844806,
            57.0568163979302,
            56.43021364747125,
            56.26511441332036,
            56.08547983837596,
            55.12755439613842,
            54.05242371809243,
            53.42749462068198,
            54.87304175709175,
            55.77012653189771,
            55.78267801445174,
            54.99470822190947,
            54.373367027751485,
            53.90669933830109,
            53.6861985298934,
            53.153184071063514,
            53.147826942475,
            53.64611982311569,
            53.79653197672194,
            54.553829973613674,
            55.75357301163517,
            55.11693588489992,
            54.3308255979003,
            53.149030296501145,
            53.982524611572074,
            53.689625572065765,
            52.71889897007506,
            53.049067012729715,
            52.83455101920766,
            51.29855514664662,
            52.46647492252897,
            52.31786435687991,
            51.567718744785694,
            51.251212672206485,
            51.84526040888394,
            52.09978309143248,
            52.68890757680909,
            53.41855228868269,
            52.87522440360299,
            51.601330249935536,
            52.217312339197704,
            50.851338412703946,
            50.37491670119103,
            50.658148263199514,
            51.111947421065885,
            50.82960971990555,
            49.88773954639435,
            50.035149010384906,
            49.201856248415474,
            49.9665799448501,
            51.08029306440272,
            51.858012358533486,
            51.70973654978977,
            52.494570635191316,
            53.655768875988755,
            52.72039261350127,
            51.51999260212869,
            50.470542834539145,
            50.09594972787664,
            49.346047123235934,
            49.13962252753126,
            48.50907126040858,
            48.73447098866981,
            49.02670809425413,
            48.366397417365626,
            48.7775981296242,
            48.0036639047329,
            47.52468024582078,
            47.67140983201339,
            48.27636321541989,
            47.505185905149986,
            47.91666089263774,
            46.75323824441477,
            46.79076451507371,
            47.55996423020101,
            46.38325990861784,
            46.39174609207467,
            46.06755071552126,
            46.04132693929621,
            46.72256104938021,
            46.93887863371592,
            46.9215727524546,
            46.94049133908307,
            47.90525329150688,
            47.59812933824503
        ],
        [
            55.527846242129385,
            55.125968247460925,
            54.594097602477,
            53.69945701025327,
            54.41168394748162,
            54.89842194455753,
            53.77294320601032,
            53.31485397359154,
            53.897695529235826,
            54.59604275300284,
            55.497098337389865,
            56.40201929518456,
            55.15474716497596,
            54.998474927366026,
            55.08269128531973,
            55.82195094013467,
            54.98609454477374,
            54.49098622555925,
            54.16906967581577,
            54.03383382168352,
            53.09505958007777,
            52.11674188289354,
            51.8506832984149,
            52.79727544707078,
            53.67111948044677,
            53.75283352704374,
            53.248568783607325,
            52.42619182940804,
            52.14804972939364,
            51.70684498516851,
            51.398522688997005,
            51.40363651640541,
            51.57565773687622,
            51.76148844537236,
            52.84288113258373,
            53.99958092723097,
            53.06895474583509,
            52.38517385895686,
            51.21502013423386,
            51.914583649030455,
            51.64319030800164,
            50.69431624415923,
            51.23115548574504,
            50.90182624882742,
            49.77457150757523,
            50.50690584919217,
            50.46445269899746,
            49.740881730949894,
            49.70366630071773,
            50.03357801422761,
            50.52154040855788,
            51.02109512740648,
            51.779563443225626,
            51.13485900327795,
            50.00304081736155,
            50.24701453822703,
            49.236755294368635,
            48.858736841102804,
            49.123576580164645,
            49.543729861743095,
            49.195986818339925,
            48.144460821731684,
            48.17599193246687,
            47.33590638834202,
            48.46755785576656,
            49.478283301563316,
            49.936101783231564,
            49.92773631075846,
            50.7616510091801,
            51.85855343382137,
            50.69575252666292,
            49.59083040895691,
            48.926915722396444,
            48.253777255991245,
            47.889691994374566,
            47.47942147823705,
            46.79993860280703,
            47.20129792487507,
            47.3940307723433,
            46.57388963586763,
            47.12019945960168,
            46.256885585356336,
            45.87314455012652,
            46.139288942621626,
            46.61268251368964,
            45.77654642126076,
            46.3070441144505,
            45.32330382957909,
            45.074629004469685,
            45.8156169355076,
            45.00982268776064,
            44.995451354430614,
            44.39122452974611,
            44.59287944714825,
            45.12144934120386,
            45.26246035760121,
            45.40900011356784,
            45.509398141274815,
            46.337752908380686,
            46.04067831048861
        ]
    ],
    "angle": 89582.3,
    "fluctuation": 1357.585615,
    "buy_difference": 1.035484492
}