{
    "id": 202,
    "name": "St. Paul Cos.",
    "record": [
        [
            16.856732708167158,
            16.959083109973566,
            16.623746475525152,
            16.605971253199638,
            16.316478249441367,
            16.050640263563295,
            16.06274466161836,
            15.770816058509537,
            15.491640850631347,
            15.39707433670158,
            14.970394301110574,
            14.974188119032393,
            14.90472825069037,
            14.905170540143693,
            15.232838008418517,
            14.913189045963353,
            15.356449848700986,
            15.771143305439697,
            15.380646964930122,
            15.304468326233362,
            15.615284657970195,
            15.309527423343209,
            14.977364364430686,
            15.099972634503418,
            15.184281477760141,
            15.254180340172608,
            15.519480164957471,
            15.871154470139613,
            15.624684904608717,
            15.899937843628443,
            15.634128334310121,
            15.853076137518967,
            15.750932236842106,
            15.451749594666195,
            15.067118127754634,
            14.652732425803054,
            14.488508209665465,
            14.093506243372184,
            14.019866652349357,
            13.729493439314108,
            13.752817030888771,
            13.608309589192798,
            13.453067876187298,
            13.832103358844016,
            13.440883928559572,
            13.412545551216562,
            13.537533661011356,
            13.719332625624366,
            13.86907809057782,
            13.583846331076275,
            13.882808824776042,
            13.887691209458144,
            13.83702366607901,
            13.898455452391936,
            14.217311767218916,
            13.903560319744022,
            13.797514356449364,
            13.738068002057815,
            14.110556877272069,
            14.003694081868865,
            13.624863870931675,
            13.333142097678895,
            13.641917297255416,
            13.74399194289751,
            13.657014284992783,
            13.575069738607683,
            13.693480412588947,
            14.061610664185858,
            13.739560748985273,
            14.123786697148338,
            14.305948585798081,
            14.183172440176302,
            14.238035445497161,
            14.072079638953085,
            14.303932201966372,
            14.593728128532382,
            14.436945005793234,
            14.724576064327927,
            14.556716228127657,
            14.358434694323929,
            14.469938379548976,
            14.216859474433246,
            13.991484444727169,
            13.725758943085394,
            13.836865836649752,
            14.197670612043334,
            14.57175014361229,
            14.591809784147786,
            14.684583943605494,
            14.46789048492963,
            14.763742621704477,
            14.285230210450027,
            14.16671389007547,
            14.138436354412494,
            14.419353844843462,
            14.373114914907145,
            14.632935245793767,
            14.368712933582065,
            13.994325193557776,
            14.255552535851502
        ],
        [
            16.397977258794807,
            16.51238998561975,
            16.135864756949704,
            16.094544002750254,
            15.818690621689878,
            15.571816495615877,
            15.591327494490193,
            15.361565875299346,
            15.047485400875408,
            14.96160048203946,
            14.646384817098687,
            14.508683511568933,
            14.50344366179606,
            14.576713908979741,
            14.810878022009977,
            14.540740707461369,
            14.913194915379062,
            15.322031407275315,
            14.945637723918026,
            14.874582616315413,
            15.17061111735889,
            14.97968315570172,
            14.644375020665882,
            14.674366184037291,
            14.771041735912,
            14.87917595417715,
            15.127345487639511,
            15.413042889291466,
            15.213139111016904,
            15.454868758831516,
            15.298827945588917,
            15.471098167522534,
            15.405385390704277,
            15.038743326760452,
            14.658531517854431,
            14.324083672237013,
            14.03810199910777,
            13.716804150213058,
            13.672466855024426,
            13.323897108759502,
            13.38522114148356,
            13.28574554949046,
            13.098721306694754,
            13.412780797407363,
            13.118342299210125,
            13.068414207906418,
            13.239214853548619,
            13.370005791106266,
            13.507826383785902,
            13.267183395974271,
            13.523905062449192,
            13.580292151465795,
            13.46986993367977,
            13.592183219948838,
            13.888668029331587,
            13.55089892059434,
            13.469114950866942,
            13.440730187492921,
            13.752645046296422,
            13.580522225478854,
            13.226313347329686,
            12.943124933865112,
            13.26535157856943,
            13.320707336271434,
            13.31327180298839,
            13.19376093601674,
            13.35149359727672,
            13.71867275058247,
            13.39776475850727,
            13.753149069696073,
            13.887475171787885,
            13.81235778085413,
            13.917290686253864,
            13.656362635987191,
            13.892443215897016,
            14.24923503983202,
            14.052467901707283,
            14.391426072364345,
            14.24452276870184,
            14.044847548694445,
            14.115627680714114,
            13.85902587624924,
            13.665318760670118,
            13.332232479659847,
            13.461640922641385,
            13.820947417635166,
            14.18793808509803,
            14.23594124799081,
            14.330760653011087,
            14.113629930812367,
            14.307627734266958,
            13.959218118039368,
            13.810142439478705,
            13.819935295616009,
            14.00454446168837,
            14.052148610746194,
            14.176628462296952,
            13.952576808553598,
            13.688690172339665,
            13.852364223749378
        ]
    ],
    "angle": 90397.0,
    "fluctuation": 1537.639259,
    "buy_difference": 1.027051997
}