{
    "id": 203,
    "name": "Merck & Co., Inc.",
    "record": [
        [
            17.986228173597574,
            18.06820659868519,
            18.060740839267783,
            18.08914215984721,
            18.22098845510604,
            18.177874957478984,
            17.998859452701723,
            17.996472310222487,
            18.022968124774035,
            18.114686221630386,
            18.191772217909755,
            18.232950411755585,
            18.213989677550785,
            18.358424869713012,
            18.401423971982066,
            18.466074024542642,
            18.505023073781285,
            18.30978571736646,
            18.33039202617531,
            18.42632793256773,
            18.540505793599902,
            18.55069897677219,
            18.515009358340944,
            18.374569157447926,
            18.260637941535734,
            18.305813972583383,
            18.510618584633026,
            18.248497501507053,
            18.37790095085337,
            18.597902339258045,
            18.57045390653678,
            18.50837022154284,
            18.448457544917403,
            18.487438434578216,
            18.58469828712434,
            18.6610776171231,
            18.61411247319,
            18.597841919827804,
            18.769462427654048,
            18.867309776796684,
            18.83191078810526,
            18.803881033960312,
            18.6691918620794,
            18.811145353545278,
            18.722666731054048,
            18.884757510422865,
            18.83564473279342,
            18.772360601806742,
            18.85685109940032,
            18.918525774264122,
            18.869709529535914,
            18.64280964720301,
            18.733936566812,
            18.696429868161037,
            18.79174337103173,
            18.861364494323404,
            18.947390187811525,
            18.690178046263682,
            18.69734498088277,
            18.84212698605565,
            18.77296875253043,
            18.782203727034684,
            18.837479487814605,
            18.84088303639042,
            18.861328602534982,
            18.768077370593037,
            18.89352879669599,
            18.90513363140101,
            18.8775406363524,
            18.977644721199425,
            18.84422066361821,
            18.84882298003763,
            18.941608081904977,
            18.905082817214915,
            18.916881560562008,
            18.922487504578537,
            18.72273692485584,
            18.870793206613666,
            18.769637012267133,
            18.9441123751099,
            18.845619126015656,
            18.79344910087933,
            18.825738193575276,
            18.699208997468155,
            18.744786074484523,
            18.631656436934,
            18.66649423352718,
            18.80547973796417,
            18.827354145184973,
            18.637534208371296,
            18.58654399146227,
            18.67720094274701,
            18.849589722156885,
            18.789778573449947,
            18.91169631216982,
            18.918821752115942,
            18.911422951458537,
            18.9238416042685,
            18.910498792623326,
            18.894896905209965
        ],
        [
            17.461164343375405,
            17.51260560676728,
            17.519424314107702,
            17.548735604236157,
            17.583106489655936,
            17.520511285245803,
            17.438395955263655,
            17.436083145617914,
            17.500347299588093,
            17.497995737781615,
            17.58475939389019,
            17.67582860638452,
            17.68582970693389,
            17.69806172811576,
            17.758998367033,
            17.83207459413121,
            17.798556190260946,
            17.716553410512766,
            17.802433620351824,
            17.8686740609219,
            17.891438137078428,
            17.903061922676468,
            17.85435619886198,
            17.76678743724592,
            17.679617461741906,
            17.744685957121714,
            17.80216654498067,
            17.726460242148363,
            17.798498016238444,
            17.88966984470952,
            17.911396431856442,
            17.93383885119254,
            17.84358701219985,
            17.847356103205836,
            17.903695873181018,
            17.950439325199152,
            18.020040000340092,
            18.05492352592988,
            18.148618691738612,
            18.20861929090955,
            18.134619733467865,
            18.151029724214496,
            18.11691179016561,
            18.16166945212048,
            18.161510963038758,
            18.16379349264066,
            18.17080229371023,
            18.116984956188233,
            18.167686934494213,
            18.223474506686742,
            18.163780168327342,
            18.067727649882244,
            18.14512699109081,
            18.103356695756748,
            18.193824076834215,
            18.27221197845529,
            18.231291997920604,
            18.14820980852465,
            18.078886697680794,
            18.16798897501364,
            18.104917414816466,
            18.117439288937373,
            18.136368338143658,
            18.1252013800592,
            18.202846929808135,
            18.174552186043545,
            18.264926829185217,
            18.217836822697514,
            18.300722881530366,
            18.316931200861774,
            18.237324284649198,
            18.145482138563562,
            18.240255254538027,
            18.214155920485002,
            18.287502628966287,
            18.225474314480472,
            18.18165112870607,
            18.224719304372734,
            18.18517240031867,
            18.21906934155662,
            18.138784532154858,
            18.177267312154076,
            18.2030330054797,
            18.124204554701286,
            18.144725751690757,
            18.062351862699785,
            18.009419832468183,
            18.092943726525817,
            18.151933832937242,
            18.06080397454671,
            18.04395541288104,
            18.1246839427605,
            18.206060908265687,
            18.197390309124472,
            18.284318695331983,
            18.31135629203747,
            18.355662971261808,
            18.367716670558888,
            18.34923798222242,
            18.28270714767453
        ]
    ],
    "angle": 90168.3,
    "fluctuation": 311.947314,
    "buy_difference": 1.034622719
}