{
    "id": 204,
    "name": "AutoNation, Inc.",
    "record": [
        [
            26.594008425936934,
            26.413778994571164,
            26.38183567910058,
            26.377846057605,
            26.166445905337937,
            25.965310284154793,
            26.057641191249687,
            26.07496253704711,
            25.83049230412769,
            26.065872629115002,
            26.307835031973468,
            26.5226572864189,
            26.559430523801225,
            26.3298026459369,
            26.310894278055493,
            26.233011868595806,
            26.300395657709824,
            26.343276020681774,
            26.524797923025396,
            26.179667220608817,
            26.360727037173508,
            26.474670610504415,
            26.66832722089361,
            26.84429950237637,
            26.92981803178895,
            26.76071120353995,
            26.813770517608233,
            26.815158150242684,
            27.115795145241535,
            27.19264389797105,
            27.233363206288615,
            27.257462836506242,
            27.49354049038176,
            27.047095283896667,
            27.316233338098183,
            26.912350841065777,
            26.963410840604844,
            27.091863180672586,
            27.283318082569775,
            27.121613681055045,
            27.09595250732954,
            27.042006138543304,
            27.026800116369376,
            27.039805773596477,
            27.076992542491457,
            27.08724853623021,
            27.259901845351152,
            27.255351468130204,
            27.51299052895759,
            27.237943834325563,
            27.466082897816676,
            27.48852260713718,
            27.557029776930808,
            27.748599533125546,
            27.81417992246136,
            27.975830624597137,
            27.546542414696276,
            27.875994409219476,
            28.179191324687334,
            27.8798583709096,
            27.7639375574924,
            27.62241270816757,
            27.64020150186641,
            27.711609926501914,
            27.880656495505658,
            27.506657362848106,
            27.40930006829973,
            27.531434080277155,
            27.478129993350475,
            27.47635584282162,
            27.69913705568708,
            27.495693911358096,
            27.691810834496476,
            27.50147453722476,
            27.606177942445015,
            27.515978543043957,
            27.454270584075214,
            27.675516005719615,
            27.590571650697274,
            27.581421272917343,
            27.37364240566379,
            27.035922813760088,
            26.99298360803483,
            27.12791908722255,
            26.968304286158983,
            26.86812556667381,
            27.026834689510398,
            27.258164523033894,
            27.029001802248736,
            27.461242180456377,
            27.581674462103265,
            27.541403353815006,
            27.78770037078367,
            28.137708417663056,
            28.36903190964213,
            28.59167205333407,
            28.48262518234855,
            28.32721008804703,
            28.024803528762774,
            27.982111067563693
        ],
        [
            26.013418548687614,
            25.96909109738865,
            25.844505572014505,
            25.86382587193495,
            25.590090744614027,
            25.492429544343597,
            25.55241295700419,
            25.57450774280773,
            25.421083574259615,
            25.65273316276872,
            25.795179138153305,
            26.00321798608344,
            26.16207313021821,
            25.959323828173673,
            25.736485236945402,
            25.670534506287513,
            25.73390829789113,
            25.840253207726555,
            26.093920844364046,
            25.821674188494676,
            25.767257687155492,
            25.904429521685746,
            26.125162018300788,
            26.363320380787815,
            26.476442384384416,
            26.35505344315261,
            26.452421927078035,
            26.395434958829807,
            26.62728774273846,
            26.628170766320245,
            26.601706390984774,
            26.801255292614908,
            26.874567668368492,
            26.626411555517354,
            26.773230517366784,
            26.5310106023421,
            26.48824721167775,
            26.548019356025154,
            26.679704268876584,
            26.656999953628375,
            26.578557395224376,
            26.52564112816711,
            26.561151310620243,
            26.45739217107698,
            26.504344836992995,
            26.564710930548355,
            26.81977113074342,
            26.888052030292975,
            26.909656484859152,
            26.784745746537613,
            27.014501022687888,
            26.85094756670213,
            27.049750119446724,
            27.175296458909063,
            27.359616001810128,
            27.425192346230297,
            27.134416774942117,
            27.3355103596526,
            27.588735155919252,
            27.36663596923627,
            27.274666619141506,
            27.013987698000243,
            27.174866227951526,
            27.27512016324719,
            27.329162400009533,
            27.100567050653954,
            26.947852124288314,
            27.073352759780498,
            27.002001983552788,
            27.03814987579045,
            27.287466493474284,
            27.000342403474537,
            27.127799904320955,
            26.976336013402957,
            27.152292703447966,
            27.14243922508919,
            26.89241413172168,
            27.122663289299126,
            27.104355858963103,
            26.98196310644192,
            26.784038256098086,
            26.674261008211182,
            26.56248669087885,
            26.588659651171746,
            26.594183108211716,
            26.341920360499962,
            26.53462144642315,
            26.740343881937484,
            26.579280193080894,
            26.86439600187318,
            26.995661545918413,
            27.14842332990297,
            27.333569202378282,
            27.542627773530455,
            27.76075489136815,
            28.026113694967684,
            28.05367980773255,
            27.794635933309547,
            27.602752900661443,
            27.417659509257245
        ]
    ],
    "angle": 89902.2,
    "fluctuation": 617.002626,
    "buy_difference": 1.018651715
}