{
    "id": 205,
    "name": "SunGard Data Systems Inc.",
    "record": [
        [
            30.2595983726149,
            29.93636106647779,
            29.91559285325742,
            30.226700987816074,
            30.25361234510293,
            30.308439089262013,
            30.211596592364568,
            30.200889464874155,
            30.26053927424445,
            30.172420671697843,
            30.239100185384896,
            30.391668374845956,
            30.248578911576214,
            30.129720755815292,
            30.24496036543207,
            30.42154621289914,
            30.39520460063228,
            30.300998192512843,
            30.207023180499796,
            30.04540155483115,
            30.05714415833964,
            30.20828176085105,
            30.166022338707393,
            30.512599904672193,
            30.481441453479345,
            30.31220114073726,
            30.46233859203781,
            30.470548251134844,
            30.412810891162085,
            30.367110170895266,
            30.390054237973683,
            30.446070359173582,
            30.40777740013608,
            30.548897972532917,
            30.44844923546947,
            30.347618546255077,
            30.49552290131598,
            30.383303023207613,
            30.28158308957593,
            30.35789461361509,
            30.314595262338702,
            30.144066131862196,
            30.259686634056806,
            30.29100729162073,
            30.43774090681391,
            30.230241544911802,
            30.327505159765348,
            30.631199777897052,
            30.474326418803155,
            30.562414147219595,
            30.628893478147205,
            30.74614330035984,
            30.67999579426175,
            30.675997360360242,
            30.687710638717938,
            30.675717852020203,
            30.80801653338844,
            30.9095452323889,
            30.741193314786592,
            30.831459920730712,
            30.59368119194203,
            30.584741223787685,
            30.513860702033252,
            30.49071678082157,
            30.270680875223825,
            30.360885274321518,
            30.170104011517783,
            30.366277918460035,
            30.313813046719375,
            30.25321303810164,
            30.379843425570837,
            30.308546884799256,
            30.274210594512468,
            30.209588867005436,
            30.374517478878065,
            30.085423599835796,
            30.168956633245458,
            30.28636510599116,
            30.365577054169897,
            30.375999887529574,
            30.180698569932268,
            30.200595925864814,
            30.244704398578783,
            30.16075645555512,
            30.08207273456911,
            30.113910681637456,
            30.09699199958476,
            29.998062440592065,
            30.046093511295076,
            29.973109059600027,
            29.966108719624238,
            30.09582504087397,
            30.167540484503572,
            30.001352836318933,
            30.14396917043291,
            30.06742094278227,
            30.12310691065059,
            29.948924517843945,
            29.982301545094913,
            29.971744742631394
        ],
        [
            28.902181342501176,
            28.87506802900968,
            28.82606516320561,
            28.913923402689704,
            28.956983014839096,
            28.974783843028955,
            29.047128105216633,
            29.08636966388031,
            29.00410947802365,
            28.98913318637635,
            28.99804074489848,
            29.0891221479371,
            28.989750503161936,
            29.06157280062471,
            29.163933831431955,
            29.09740612357003,
            29.06352155447067,
            29.054495235058322,
            29.002054876039644,
            28.962777861760237,
            28.99156916241465,
            29.081815574177266,
            29.076131862784266,
            29.169961017224715,
            29.22167645719573,
            29.196503449620433,
            29.116110741714444,
            29.100772032961896,
            29.202555069853993,
            29.23178900724248,
            29.256809759480205,
            29.269632130503346,
            29.229890847378538,
            29.25128210204423,
            29.181303000209468,
            29.218887468575105,
            29.159444682231683,
            29.241510565029923,
            29.20511617833777,
            29.114868825617293,
            29.10242446437972,
            29.040386028452275,
            29.119619492341574,
            29.161456271657705,
            29.211879767050284,
            29.155599752057956,
            29.222975598748956,
            29.292095657701854,
            29.358554326673175,
            29.431599307657883,
            29.354237854116192,
            29.4254701290833,
            29.467952351015718,
            29.529127973600044,
            29.49602616225819,
            29.48449908699476,
            29.449444992412708,
            29.546496480070957,
            29.538557085974,
            29.513008170593746,
            29.449889321863203,
            29.347090319352905,
            29.29958367655937,
            29.21305986880707,
            29.124358871813623,
            29.164367378136614,
            29.100524403762208,
            29.07641914220917,
            29.0551713019775,
            29.020273507066197,
            29.11846007286577,
            29.19591383534638,
            29.13651778646937,
            29.04228829927067,
            29.02060987901246,
            29.01301428971997,
            29.041043744653432,
            29.081141103285123,
            29.11350876006071,
            29.062531481437905,
            29.087356548390957,
            29.022014271702172,
            28.997620064412807,
            28.99534277551885,
            28.89654279840185,
            28.80890311341409,
            28.893522367462502,
            28.853386528762407,
            28.82159493004991,
            28.731482899872436,
            28.770750573957507,
            28.754339821383663,
            28.854456347608107,
            28.82477420710638,
            28.837658996387862,
            28.82764656336133,
            28.768949606895692,
            28.72838596203693,
            28.73455456680085,
            28.661470017341088
        ]
    ],
    "angle": 89946.20000000001,
    "fluctuation": 203.02270399999998,
    "buy_difference": 1.041964473
}