{
    "id": 206,
    "name": "Nash Finch Company",
    "record": [
        [
            47.686338511343514,
            46.81833035107061,
            46.282401050560345,
            45.75306176083157,
            45.467919151359176,
            45.33221833724883,
            44.77514772969619,
            45.44152590203594,
            45.466582585240694,
            45.96410397301812,
            46.688218791269094,
            46.00964138109659,
            46.229083495793304,
            45.800341172999254,
            44.81248638742405,
            44.724565458428046,
            44.45344241244236,
            44.18653994383643,
            44.53680792839918,
            45.13769059493072,
            44.63051422723672,
            44.42076660520169,
            43.61290453700972,
            42.98456552555969,
            42.8441977739013,
            43.159107650010235,
            43.40066866489608,
            43.175019024718594,
            42.519695364872064,
            43.12707706584744,
            43.02873002643143,
            43.484320778164864,
            43.54076987803546,
            44.29755770560492,
            44.10671325112085,
            44.6982661547171,
            44.018263087325536,
            43.846982483325895,
            44.20949030370511,
            44.28464285944619,
            44.72712855028928,
            45.011210799528726,
            44.46429855184143,
            44.15194272316753,
            45.032451921273974,
            45.648166514189896,
            45.87005671650073,
            45.36607845124099,
            45.919403682080535,
            46.74962714385266,
            47.20953313763372,
            48.019431860154775,
            47.36996541357584,
            47.85714610304313,
            47.882863969992705,
            46.97555615653599,
            47.11300785760827,
            46.530398110147495,
            45.95342096493021,
            44.80046313838055,
            44.4558268776278,
            45.12067659843732,
            45.329222325444576,
            45.62044763325765,
            45.271148399741996,
            45.43303906760561,
            45.37844160941028,
            44.93450655239984,
            45.126123697368406,
            44.739881445717636,
            45.04853761889922,
            45.33461409752584,
            46.00312042139791,
            45.479156275513425,
            45.186926679619575,
            45.233081466158055,
            45.892995820119864,
            46.444374033599765,
            47.00652271615188,
            46.66122787519347,
            47.38139908427093,
            46.6952009907988,
            47.47711676490903,
            47.56137212869183,
            48.482312069360376,
            47.491309159790255,
            47.024214010657914,
            46.98869293518396,
            47.5641919318397,
            47.80170742103085,
            47.29441871596738,
            46.510053462146175,
            46.042296114291936,
            46.462398035551956,
            46.092358475386355,
            45.611962570725,
            45.01022632835579,
            45.23973193454255,
            45.03830263594377,
            45.11314202871746
        ],
        [
            47.16563609405173,
            46.353501250124665,
            45.744978346331685,
            45.394318563925154,
            44.85919136371908,
            44.8103109069025,
            44.07448543442824,
            44.703717781459304,
            44.866831723538056,
            45.631194695890045,
            46.049360803999384,
            45.33481985707146,
            45.478488252060885,
            45.09261966318745,
            44.43880946786385,
            44.32493331395278,
            44.0916087394571,
            43.521099672480666,
            43.99765150313424,
            44.577890610993364,
            44.015419634256496,
            43.67779091005318,
            43.2232055340508,
            42.5407507179039,
            42.38061012229789,
            42.666487057070825,
            42.80252371654116,
            42.46132954984588,
            41.954627371078416,
            42.724579592030736,
            42.363836337876485,
            42.83799520305181,
            43.195036093556396,
            43.6391446512482,
            43.51186515071185,
            44.17481976705608,
            43.40294323416435,
            43.389917727224024,
            43.569760276403734,
            43.70921261615668,
            44.20334416480415,
            44.42190273867981,
            43.90846179775749,
            43.77498811715937,
            44.363115828035895,
            45.15423904177015,
            45.51496595462063,
            44.94268476875897,
            45.368045188095046,
            46.16060925318652,
            46.76424666967701,
            47.56650632191743,
            46.69381559076523,
            47.09418189820373,
            47.35053699004426,
            46.546474126277246,
            46.459063079813575,
            45.96251268558967,
            45.22531057973537,
            44.489390387057064,
            43.95280249422831,
            44.54773131735662,
            45.014478126024684,
            44.96927009250041,
            44.78130038151605,
            45.103976192745556,
            44.923407345596274,
            44.52853269494096,
            44.74085185812743,
            44.22921780770743,
            44.704295260887264,
            44.947562236573454,
            45.496243879290844,
            45.13615595994188,
            44.82362173945203,
            44.88292167762165,
            45.19735180250938,
            46.01552989258282,
            46.6145504328925,
            46.027333222690025,
            46.70974538565548,
            46.10686883774871,
            46.79476967676217,
            46.877814111869114,
            47.70463062359184,
            46.930460867812315,
            46.702393844885904,
            46.29028041679427,
            47.07780742313879,
            47.133499783378014,
            46.57289048365163,
            45.8736333991861,
            45.69045986342951,
            45.69436769753785,
            45.59362470669193,
            44.92505572559271,
            44.64834206702748,
            44.781602352466024,
            44.626915780404666,
            44.46920567109443
        ]
    ],
    "angle": 88996.09999999999,
    "fluctuation": 1078.136984,
    "buy_difference": 1.011950624
}