{
    "id": 207,
    "name": "Fidelity National Financial Inc.",
    "record": [
        [
            32.50107920346145,
            32.18789688849282,
            32.28092567061095,
            33.04651878266056,
            32.24236569014975,
            32.25881239816422,
            33.18168495258137,
            33.68998116230984,
            34.3172911652564,
            34.88840560916745,
            35.26047479635971,
            35.73555797122615,
            36.460835107137434,
            35.48687472497479,
            35.46359079212672,
            35.6527671986855,
            34.823020887382015,
            34.97939496943099,
            34.62680130138726,
            35.22069669104854,
            35.135391557562265,
            35.79814954000728,
            36.36579900511158,
            35.60568729304153,
            36.17223826720804,
            35.32055391975469,
            36.40328421322934,
            36.47648401155872,
            37.09499123128841,
            37.776622118938384,
            37.767322894018356,
            37.83458604942677,
            36.710730200502645,
            37.79625090156579,
            37.23155994209331,
            38.041399217390904,
            38.52337252074415,
            39.38428882830139,
            39.84079424306914,
            40.24622879655272,
            40.377772989788994,
            40.02915769098204,
            40.022910210621575,
            39.875682786758716,
            40.91411224209412,
            41.286978513039145,
            41.98879937629964,
            41.479668055894365,
            41.41248813443604,
            41.56221110233329,
            41.1310055479498,
            40.18155556342501,
            39.655853542651734,
            39.96755408563944,
            39.29323525072434,
            38.95651530438916,
            39.46728545036864,
            40.55485512647828,
            39.86622283857464,
            39.685201679103194,
            39.44887209943017,
            39.20952511494357,
            38.099030974943695,
            38.66670245889746,
            39.617211647059285,
            39.189351959805435,
            38.47301128643853,
            38.70158682569503,
            38.578143498112,
            39.0223485426269,
            38.264974571871825,
            39.22551314241001,
            39.56006891381109,
            39.06607917002885,
            38.551347162084106,
            38.09190515332792,
            37.137146026229296,
            37.63658020022222,
            37.299361316503635,
            37.140949045311665,
            36.54616296100392,
            36.532697358909246,
            35.694348117582074,
            36.291339249949594,
            36.556690069437984,
            37.29186683673485,
            37.423006082832785,
            37.62938191451325,
            36.72539140449761,
            36.18001329020336,
            36.75751849355109,
            37.51518471250612,
            37.76476888293259,
            38.43796743312644,
            38.590386711626635,
            38.05079249336048,
            37.454681659853776,
            37.494194816475826,
            37.46468485789639,
            38.24695149048893
        ],
        [
            31.29443530217732,
            31.10130114950776,
            31.2161499152033,
            32.01092509245018,
            31.219459299394362,
            31.304364195934138,
            32.1289781530801,
            32.58524717836605,
            33.29525387125374,
            33.893580238682276,
            34.0089697331171,
            34.65736883197104,
            35.36076339558503,
            34.468056751732675,
            34.15716620486475,
            34.37362054817515,
            33.779141717598364,
            33.85270137662592,
            33.551771286673954,
            34.099885694314004,
            33.874807261965636,
            34.4690977091651,
            35.261519714932135,
            34.50718395124696,
            35.0281629853326,
            34.1521007876274,
            35.02037322317372,
            35.336944727264076,
            35.85349297471317,
            36.4721995857699,
            36.635183273074546,
            36.57199143971955,
            35.65319353285097,
            36.498440799616134,
            36.13723703888258,
            36.849278702204444,
            37.28625940529032,
            38.16538232105307,
            38.57682362020457,
            38.763619120826924,
            38.913579504661065,
            38.8916546719763,
            38.75704377619077,
            38.52186303347014,
            39.517138859484525,
            40.03326330332728,
            40.52274278128851,
            40.28879870865032,
            39.91077343252039,
            40.19531592607267,
            39.68301448497651,
            38.86395524347286,
            38.17597476851643,
            38.4607233122625,
            37.83442391771606,
            37.68662658676047,
            38.30724932878072,
            39.1662351340863,
            38.675045827471116,
            38.41077838035873,
            38.136219680671914,
            37.86696994375624,
            36.96436593584593,
            37.4812760056549,
            38.406495956084306,
            37.80217024126802,
            37.35345025463007,
            37.41005915179891,
            37.30938813457218,
            37.75409187357022,
            37.09930406101327,
            37.93546712997113,
            38.24754119998036,
            37.929259918250516,
            37.164499087947746,
            36.831771861358,
            35.894236929465436,
            36.20321531355187,
            36.09071503305893,
            36.045670365748535,
            35.280704554906514,
            35.41979741660262,
            34.66260838448164,
            35.1013036842098,
            35.23808391916714,
            36.130475332634596,
            36.293904397915014,
            36.24317288608331,
            35.56738348858198,
            34.937699949153085,
            35.6592275621021,
            36.37965223209557,
            36.519110356116286,
            37.3306737408322,
            37.287656374447316,
            36.958365177943534,
            36.241002385250304,
            36.395806655541435,
            36.28700112910816,
            36.9595089083025
        ]
    ],
    "angle": 89644.2,
    "fluctuation": 1497.043183,
    "buy_difference": 1.034420098
}