{
    "id": 208,
    "name": "Science Applications Intl. Inc.",
    "record": [
        [
            6.356858668712406,
            6.193941208038119,
            6.186811123308997,
            6.319312358028597,
            6.462586927112221,
            6.316323719533418,
            6.295406757023586,
            6.343170253481656,
            6.444788876100608,
            6.460825744178268,
            6.523923934047894,
            6.497895932378144,
            6.372879342800076,
            6.301424477933363,
            6.265662953940132,
            6.0830022545658275,
            5.994301404493604,
            5.886316510685417,
            5.875177537048707,
            5.80740975552115,
            5.615771312108799,
            5.722052209258465,
            5.794520183660128,
            5.699539251111957,
            5.553216924729795,
            5.421745451080608,
            5.261253512188269,
            5.4605157340797215,
            5.425349567079499,
            5.329563664324286,
            5.275224780958721,
            5.111810869124676,
            5.142124954145111,
            5.182065962296872,
            5.091855212715407,
            5.075717624806906,
            5.150193596226464,
            5.276275001652978,
            5.402979007916383,
            5.594681990420301,
            5.453816882422606,
            5.481523607382395,
            5.554464701629509,
            5.590810017983265,
            5.730057780500982,
            5.814066635138801,
            5.62745044606215,
            5.533686864687986,
            5.638263577719454,
            5.675224737577781,
            5.6777702402465255,
            5.775036389827776,
            5.589700471157232,
            5.542420607855297,
            5.445143691655035,
            5.4613284866543355,
            5.406832258264787,
            5.30215670798102,
            5.228427725598927,
            5.1480774698116685,
            5.29370681086879,
            5.459143891769703,
            5.444884044788411,
            5.591024793462055,
            5.568077852628471,
            5.368615778136462,
            5.373236500032154,
            5.4127900118781245,
            5.418454600374961,
            5.496190976898236,
            5.463184345369497,
            5.3376252278922784,
            5.2136151508293835,
            5.227814693011678,
            5.306844522099344,
            5.229142363872673,
            5.087405078415227,
            5.172848023129188,
            5.114347359773121,
            5.237235726132911,
            5.202811351272063,
            5.330101452728016,
            5.236759416466095,
            5.096497009851274,
            4.9998028816983355,
            5.093417363341529,
            5.235469172593374,
            5.294032075714085,
            5.221440751904871,
            5.3247469309597095,
            5.263833762050264,
            5.359040153177525,
            5.272292045821706,
            5.219676365649158,
            5.407926676305868,
            5.380422304202171,
            5.530594766885787,
            5.406287676929532,
            5.439537971384415,
            5.603749063964584
        ],
        [
            6.249110708588439,
            6.060388011527057,
            6.091720548501153,
            6.210954999348204,
            6.330191915908303,
            6.182600319103287,
            6.193669746026964,
            6.2132216576252715,
            6.3311058463316625,
            6.3057818779312464,
            6.422361695550922,
            6.35398335173002,
            6.2585830485250264,
            6.169864882296679,
            6.1317874536860675,
            5.98109582473236,
            5.893289787698886,
            5.75537476630254,
            5.734187781822373,
            5.702112449816108,
            5.5211384097058165,
            5.590303451905793,
            5.654339979690404,
            5.6034947521970055,
            5.434021392665013,
            5.331986540859684,
            5.1829918617009225,
            5.353464281596436,
            5.312611126054469,
            5.24764888428417,
            5.153764108418406,
            5.002089778697528,
            5.041819721536265,
            5.085559995030334,
            4.995028834352666,
            4.952433564844649,
            5.051246800855737,
            5.1904867076918,
            5.3071411275726925,
            5.4789721815871415,
            5.3234688101690155,
            5.395105423252471,
            5.452661290987214,
            5.500459652672079,
            5.61042703871912,
            5.706362198114514,
            5.5392878822695515,
            5.440437189818652,
            5.501863511224123,
            5.560626948511206,
            5.590503565216183,
            5.6358885990848675,
            5.486701757418027,
            5.408339160786386,
            5.341064669097966,
            5.337710886656934,
            5.306140452963936,
            5.210718052377623,
            5.122339920065505,
            5.0648818901815895,
            5.2081577861883135,
            5.365535856709239,
            5.336004217314522,
            5.454138609401648,
            5.432294117500626,
            5.288757103648334,
            5.2668425464034385,
            5.3050823619839536,
            5.2968637636221505,
            5.396536548181968,
            5.337927990035747,
            5.212130307936456,
            5.084957029758751,
            5.146429844255449,
            5.213756818144812,
            5.107724542049458,
            4.984676922081231,
            5.04670240440412,
            5.008571882932968,
            5.137130677277681,
            5.103364293369972,
            5.209973677812925,
            5.1192458436335,
            4.9960823057243395,
            4.907673926234308,
            4.990068995705667,
            5.128725875771311,
            5.204820889414695,
            5.096139065462614,
            5.245540809779852,
            5.134447269826162,
            5.274023391007739,
            5.18500738949298,
            5.130688942345902,
            5.28762676528261,
            5.290285952928249,
            5.441763708302604,
            5.296590990692536,
            5.324908819393534,
            5.467095446906216
        ]
    ],
    "angle": 88215.5,
    "fluctuation": 1895.562375,
    "buy_difference": 1.020200709
}