{
    "id": 209,
    "name": "Cenex Harvest States Cooperatives",
    "record": [
        [
            6.926898253093491,
            7.063623174263929,
            6.99204446445016,
            6.894931288142334,
            6.810691508586767,
            6.7100210537259235,
            6.572008584376217,
            6.469569494850881,
            6.402048871886715,
            6.454057778846264,
            6.340388582597839,
            6.5142249773547425,
            6.559119801872306,
            6.575501568677367,
            6.750633221963933,
            6.800303906457145,
            6.836124699492782,
            6.950042975249807,
            6.79489231849149,
            6.831414019702684,
            6.684570818252545,
            6.657884997260717,
            6.585283147467124,
            6.633853948535682,
            6.800318636689854,
            6.736393121415413,
            6.805089762322816,
            6.89769942837315,
            6.972869069938367,
            7.046439981474666,
            7.0469245423104585,
            6.867741090422383,
            6.788460985279637,
            6.585758487673196,
            6.7261210486075695,
            6.801118668742715,
            6.68685548787433,
            6.702435946551668,
            6.707159670996344,
            6.786070273343114,
            6.605963192966426,
            6.587855890193271,
            6.789933128673489,
            6.902411617992778,
            6.987219511415439,
            7.092839405952578,
            7.110143581302471,
            7.019358913276483,
            7.047255174670463,
            7.151403099345509,
            7.23968029098049,
            7.408633903057501,
            7.266751163199466,
            7.194765393074308,
            7.137422667030304,
            7.306795701337181,
            7.3223757608042375,
            7.274615866967232,
            7.4045872110443804,
            7.24809140988261,
            7.364330780266033,
            7.542583140762627,
            7.538727977383093,
            7.400329597614624,
            7.237723572392224,
            7.123007313324536,
            7.366627599931116,
            7.306988687949745,
            7.170205592671778,
            7.080685602255341,
            7.126289464758426,
            7.263458604554748,
            7.175731021869265,
            7.188520648920119,
            7.330021609194572,
            7.254122519536752,
            7.336209430463469,
            7.127494181712368,
            7.203160832218586,
            7.0973332951717,
            6.937730744365104,
            6.8554283641759906,
            6.930121532804896,
            6.7130281474836915,
            6.791669160487377,
            6.883814629995967,
            6.801547119529004,
            6.668485398401509,
            6.616794301523635,
            6.604763722635054,
            6.507157796139561,
            6.602206094095721,
            6.739365477100011,
            6.7959561916974645,
            6.750209842468051,
            6.705521397149675,
            6.756387397541155,
            6.658673496183356,
            6.686751611504288,
            6.766915208020472
        ],
        [
            6.862721195869666,
            6.961140876791365,
            6.9272638337391275,
            6.811220525784264,
            6.707859771044938,
            6.614650599545563,
            6.484429294280708,
            6.388465069136376,
            6.322423526483498,
            6.364232537847355,
            6.259650924993907,
            6.433204444047994,
            6.462666345373731,
            6.515888448483971,
            6.678702451662956,
            6.694288543561571,
            6.726196186361773,
            6.835556551300606,
            6.7097095501911,
            6.714197729880576,
            6.592854897139831,
            6.565879025835555,
            6.512502720226788,
            6.57239191907978,
            6.717084177523083,
            6.62080724033748,
            6.690990623068885,
            6.83653821754195,
            6.90895969845783,
            6.9462879587005,
            6.951626424032375,
            6.779609964442431,
            6.6719817017811325,
            6.522122994568042,
            6.6318466749125085,
            6.718546877254776,
            6.607655236600241,
            6.617750066208849,
            6.60259640789805,
            6.698317165367627,
            6.536884594811157,
            6.520928214931825,
            6.686080266131391,
            6.837774972456949,
            6.881722452557446,
            7.032773166336092,
            7.04922254895143,
            6.942476797389072,
            6.920132702651764,
            7.035703276295314,
            7.168287525773891,
            7.27861387308529,
            7.2052121388933745,
            7.088964613119007,
            7.065620493579197,
            7.231113562329877,
            7.190290504248055,
            7.170504486319809,
            7.29060567853841,
            7.129405828940627,
            7.264014151258242,
            7.459970218659194,
            7.433063976781684,
            7.328087854110514,
            7.1512826868876305,
            7.052057556420259,
            7.239506894619163,
            7.180182114199565,
            7.073240300004605,
            7.015083719785519,
            7.015891892512754,
            7.135986371775588,
            7.114962808419892,
            7.125496382251768,
            7.203532587688804,
            7.13533818076839,
            7.246415781532921,
            7.060041085570769,
            7.141442810764938,
            7.011165187612762,
            6.835709721611497,
            6.743172536814459,
            6.814604967329413,
            6.648830117938189,
            6.670484556692261,
            6.76165879883111,
            6.684843298606709,
            6.609356605445013,
            6.551544011040841,
            6.508288850371095,
            6.434595995125182,
            6.5077179720635545,
            6.672237040857237,
            6.674695093867322,
            6.688341239448707,
            6.648067242912818,
            6.643104837949697,
            6.58904370605983,
            6.57005453224993,
            6.676071097773531
        ]
    ],
    "angle": 90810.1,
    "fluctuation": 1555.413622,
    "buy_difference": 1.01330343
}