{
    "id": 21,
    "name": "RoadwayCorp",
    "record": [
        [
            33.985189522657286,
            33.425082727322824,
            34.049074029157204,
            33.42695873966394,
            33.29753794116038,
            33.321097634984916,
            33.11549745513338,
            32.73461848612447,
            32.62547685592677,
            33.07034747132144,
            32.552403178045665,
            31.807309597650697,
            32.466264407025804,
            31.999664843566478,
            32.057401411161244,
            32.42314080338626,
            31.80089458747897,
            32.45805444435448,
            33.15116234912182,
            32.47191761648879,
            32.49737686758408,
            33.17525216125459,
            33.05964777801866,
            32.68593645118763,
            32.78143276633668,
            32.718897258795316,
            32.30950056720313,
            32.8743038068971,
            32.01043243280511,
            32.41850186451188,
            32.84595992104269,
            33.212850293829824,
            33.13677262153825,
            32.46720805872179,
            32.7905667145016,
            32.29962786121328,
            32.47025478199122,
            32.31776094980249,
            32.11964042101584,
            32.3435796326585,
            31.86050723883191,
            32.61034795897546,
            32.14395521144925,
            32.247686855030736,
            31.91421926023151,
            32.2811214121897,
            31.784986844817432,
            32.28432200188028,
            31.92886767626808,
            31.673565352103118,
            31.728397377475602,
            31.96320619662677,
            32.70715006872528,
            32.38985592486378,
            32.94736380294181,
            33.337355258611645,
            33.137043798938734,
            33.19359508163027,
            33.27329200759216,
            33.3040490385878,
            33.05498841798219,
            33.24043774454857,
            32.73789105507351,
            33.6268564031778,
            33.48389412773131,
            33.08712359671955,
            33.92084035068078,
            34.228396340837655,
            34.068708531046575,
            33.69341088407968,
            33.30124967834334,
            33.99496361842885,
            33.43005021604867,
            33.420491086291364,
            33.25666048300934,
            33.32043384677872,
            32.71142763322903,
            32.30208503108073,
            32.10438331511978,
            31.967519277641394,
            32.02017970839059,
            31.923963499701962,
            32.20774651909111,
            33.02076092455725,
            33.707859476682884,
            33.964292880008614,
            33.54036969555891,
            33.92512283345885,
            34.62851319631717,
            34.91782119399557,
            35.28625707023996,
            34.94043305610318,
            34.68930340797755,
            34.62366796463717,
            34.27803858840616,
            34.808761529413296,
            35.00553817389497,
            34.80191342475962,
            34.72007681255077,
            34.810539288894724
        ],
        [
            33.541154277990174,
            33.041364266372554,
            33.59746776379028,
            33.003451554841675,
            32.928509317479474,
            32.810086786655624,
            32.672998751192274,
            32.21971139288314,
            32.083417230689236,
            32.40436894570849,
            31.909559252205554,
            31.3980248986889,
            31.853667101676383,
            31.657740573767438,
            31.581564492077895,
            31.996306936921222,
            31.464256145651195,
            32.07577507687059,
            32.57758940820223,
            32.070159478950295,
            32.088865360106546,
            32.594755186551474,
            32.63097652254304,
            32.323686060074095,
            32.392093199256585,
            32.34653374562189,
            31.896952191245262,
            32.35719949964157,
            31.665210995217837,
            32.01098186310386,
            32.394076654058715,
            32.81838685328812,
            32.73007209348368,
            32.10093257395029,
            32.3070801901458,
            31.709135790539285,
            32.11039473906732,
            31.67009038434634,
            31.706336764505146,
            31.9241933469726,
            31.472628496548605,
            31.950452914160223,
            31.758999163756073,
            31.87108438749454,
            31.46254684384788,
            31.631036508731516,
            31.238169327583908,
            31.884884887252277,
            31.326410366855317,
            31.166000420043755,
            31.21683364574949,
            31.570909306795205,
            32.231344926530234,
            31.807229857384947,
            32.51036995377016,
            32.78346805022864,
            32.46649066561264,
            32.79277741974815,
            32.65848624261666,
            32.72783089122926,
            32.525286353687044,
            32.74376401828832,
            32.28749456187635,
            32.989072467263725,
            32.832462711568,
            32.53739389020132,
            33.247662035819275,
            33.56582379350025,
            33.52276172844695,
            33.07743809186985,
            32.806949973718766,
            33.38013531631292,
            32.81234795828717,
            33.033508386840566,
            32.583686815649244,
            32.66892868403518,
            32.20976665650994,
            31.642129725051515,
            31.669047631519597,
            31.405020848712315,
            31.369105239018594,
            31.421807800000092,
            31.853995590912437,
            32.46240578714659,
            33.14119552857763,
            33.296882428648566,
            33.09219372779341,
            33.44499069921003,
            33.968346344773224,
            34.44433527121324,
            34.81824155943276,
            34.305083509788496,
            34.14364962582214,
            34.202149729453836,
            33.738853895630484,
            34.104379923969766,
            34.31766688167407,
            34.199779610492406,
            34.2286939319897,
            34.27325841918988
        ]
    ],
    "angle": 89133.3,
    "fluctuation": 1253.481051,
    "buy_difference": 1.015777965
}