{
    "id": 210,
    "name": "Agilent Technologies, Inc.",
    "record": [
        [
            2.2692498386675464,
            2.287495909072615,
            2.3079665805398677,
            2.32487846573373,
            2.278625403299479,
            2.295581484620728,
            2.2756129664018845,
            2.258387432436039,
            2.2865629358386093,
            2.2785261780696056,
            2.2581021829947945,
            2.2537243215036216,
            2.310439930489397,
            2.2852461760707756,
            2.2383956133516216,
            2.2034570931931343,
            2.1639992064365328,
            2.1517932183169806,
            2.1296166823273173,
            2.1115855991307817,
            2.1277267058205314,
            2.1787971289907144,
            2.167746096506059,
            2.153958634522793,
            2.1168002788089795,
            2.1113137137224363,
            2.1228750309459614,
            2.0526709505188396,
            2.0473294981179286,
            2.1123233422487226,
            2.138621362653783,
            2.127722937955978,
            2.107682824748155,
            2.1767981129479828,
            2.1696736078376126,
            2.209975070041204,
            2.221771950224733,
            2.1880741913048296,
            2.138128525654699,
            2.1328729883335797,
            2.1713681308952406,
            2.1922054447437347,
            2.2192718134854554,
            2.2700203178820426,
            2.208748767215483,
            2.1763080894790123,
            2.212535533343601,
            2.2708260250272336,
            2.1910217928372573,
            2.2347551461992943,
            2.244137911032709,
            2.197725630798251,
            2.2082253257655218,
            2.2657870863623075,
            2.3143159759442824,
            2.3727682854927012,
            2.4034890333935817,
            2.425030128723661,
            2.378991289760302,
            2.368275915980691,
            2.33610883806703,
            2.369452628891007,
            2.28419549169138,
            2.350663240945603,
            2.381132903523366,
            2.4434840022979225,
            2.504712181155554,
            2.4992691758775085,
            2.520480690485627,
            2.616844941520093,
            2.5538038447555196,
            2.5130347842849963,
            2.472732137946694,
            2.435398141253656,
            2.4382684260920664,
            2.494526108511517,
            2.539760451880783,
            2.5210157833704883,
            2.541595830800622,
            2.5481126039313726,
            2.599918187993638,
            2.6405176330094795,
            2.575593130669825,
            2.5153687612032374,
            2.585187995380208,
            2.5555108851144355,
            2.504941122248827,
            2.510395349118105,
            2.53195753528569,
            2.5621210094672486,
            2.557077508586687,
            2.6269941824331458,
            2.6254163968791486,
            2.5663982228653066,
            2.5519029371161883,
            2.590757583097176,
            2.5974833853126698,
            2.624990602673736,
            2.619440972839446,
            2.630169790515334
        ],
        [
            2.2223751902398297,
            2.231758587486086,
            2.252853302399726,
            2.2684563996135942,
            2.229549289938619,
            2.251091093161123,
            2.227047009509042,
            2.213287394086607,
            2.246523852508387,
            2.233918699230886,
            2.2207907263751183,
            2.2038625966006604,
            2.256392748231639,
            2.227565257863704,
            2.198537891359277,
            2.160752153596184,
            2.123335421908693,
            2.0976896413795494,
            2.08500048370122,
            2.0603399000336107,
            2.0925694913770907,
            2.138069619003233,
            2.1240308081651924,
            2.103152248528513,
            2.070795454720803,
            2.056998650472383,
            2.069292453144927,
            2.01409913912899,
            2.011883446788141,
            2.0682763347184925,
            2.085679920225174,
            2.0852322719521954,
            2.0660060992524794,
            2.1275754834855167,
            2.1329659877929292,
            2.1690997122733147,
            2.1646152694248495,
            2.1388101646507574,
            2.082501742259266,
            2.0850600403626376,
            2.124389706076949,
            2.1409240737567736,
            2.1673572899351514,
            2.217139882482407,
            2.170943946475892,
            2.1379850203553814,
            2.172484251356644,
            2.217705514759602,
            2.154602230866528,
            2.178348650413187,
            2.1969026972592376,
            2.1575095502756763,
            2.1552788796079723,
            2.20661947833706,
            2.2568003534930683,
            2.3161075696993745,
            2.3592710607868157,
            2.38328411464773,
            2.325893379828274,
            2.3188916834541438,
            2.2825999881328127,
            2.3075779517757375,
            2.244873894809401,
            2.304643510390533,
            2.330314948248883,
            2.3927708736416164,
            2.4588785678274703,
            2.4451964797699044,
            2.4778379412803595,
            2.5515566225393913,
            2.5121112458399555,
            2.4591558982162356,
            2.431629935481448,
            2.3941948610442587,
            2.3902941826908797,
            2.4483877386588437,
            2.47911203288977,
            2.4743874645805195,
            2.4774445009496255,
            2.4847866432526025,
            2.551574628597179,
            2.586491518395312,
            2.5236531010983443,
            2.4730608972122474,
            2.526730690575269,
            2.489272955320977,
            2.464046240783481,
            2.4624818265592743,
            2.466330099910958,
            2.5114583515262803,
            2.502004206278114,
            2.571443311894038,
            2.5693849620793188,
            2.5001269155276673,
            2.501943468859248,
            2.5451363852439934,
            2.5301575432987704,
            2.577731666465939,
            2.5684165686098583,
            2.5817814791345493
        ]
    ],
    "angle": 90240.9,
    "fluctuation": 1683.008679,
    "buy_difference": 1.021705163
}