{
    "id": 211,
    "name": "Omnicom Group",
    "record": [
        [
            34.85887196620051,
            34.564896670544364,
            34.558768477018404,
            34.80531070928391,
            34.994267888486554,
            35.456903304410034,
            35.15950027568679,
            35.2635137348562,
            34.92896136067913,
            34.97520093395413,
            35.25481064511515,
            35.566799192728915,
            35.47301659877162,
            35.0393889861013,
            35.266203330344176,
            35.15676604175756,
            35.247170708370675,
            35.48611163148252,
            35.201965322374576,
            35.02711315785958,
            34.841044038858016,
            35.1072678727236,
            35.36981877248889,
            35.025366291336354,
            35.1478699585393,
            34.91813986778367,
            35.08776637367669,
            35.22584307551764,
            34.81858270928798,
            35.24773080883293,
            35.3489512604254,
            35.905814441542205,
            35.582743958268324,
            35.32720096907909,
            35.14987732630889,
            34.897574994624584,
            35.09616462485021,
            35.35905393121436,
            35.6068724528323,
            35.80739800435839,
            36.01720270503597,
            36.0327465583733,
            35.71138731819527,
            35.74023500054299,
            35.99603733120463,
            36.20988672775438,
            36.032938266624306,
            36.38820116139232,
            35.89043273004952,
            35.85757316652509,
            35.701757254305576,
            36.02789554866397,
            35.967440161166365,
            36.404166926400045,
            36.06501831470665,
            35.97807084896821,
            36.1014831877961,
            35.76698451800337,
            35.661160437842746,
            35.846769924765226,
            36.07158098476834,
            35.77641696874114,
            35.97306523662579,
            35.97752759348814,
            36.20941580770519,
            35.63446267461861,
            36.12313848195426,
            35.8167774481391,
            35.695722501791224,
            35.53912858168627,
            35.82203674790513,
            36.00980474836452,
            36.1702185507946,
            36.353835411578316,
            36.0460554093343,
            36.23988015660678,
            35.76822562100734,
            36.07433094695153,
            35.98520009975617,
            36.412877251920904,
            36.47844207511802,
            36.79921164813179,
            36.64077253240046,
            36.79996878499592,
            36.75983428706362,
            36.332155328415325,
            36.09889863131374,
            36.33368270155706,
            35.970877313176054,
            35.81019493526698,
            36.38093440648266,
            36.29286277488858,
            36.84842064083997,
            37.09060448247801,
            37.03553512545148,
            36.730183414328714,
            36.671221018913535,
            36.264245860557054,
            36.33768632117873,
            36.49393859245826
        ],
        [
            34.112174877759294,
            34.02470188917239,
            33.80838457361546,
            34.17906554072821,
            34.48888223380064,
            34.73550220649453,
            34.62738205112427,
            34.525365185835255,
            34.23539204571841,
            34.400984607601806,
            34.71776528472205,
            34.90938404342559,
            34.74088204643813,
            34.49177863872581,
            34.68373266352935,
            34.44835015795257,
            34.65806679910102,
            34.667203157242284,
            34.62055563609645,
            34.25289978013281,
            34.22100560833765,
            34.30734904500501,
            34.622535701531014,
            34.498740791245886,
            34.377839732117465,
            34.28986458618078,
            34.51516178867378,
            34.443804409586484,
            34.16474506123207,
            34.44804227239902,
            34.827948723631074,
            35.220994011227724,
            34.883161730837514,
            34.82050454889285,
            34.63528669597642,
            34.35562756796235,
            34.399275226815945,
            34.618905500450346,
            34.82678626014492,
            35.05086988879675,
            35.20707001231279,
            35.46961159995406,
            35.17091660992519,
            35.19579504936542,
            35.309496107779516,
            35.38836912485385,
            35.45557255426087,
            35.52725231175387,
            35.22703555270076,
            35.12802009673686,
            35.157903444273494,
            35.20700022644934,
            35.32735615213115,
            35.613713386467616,
            35.522761078971406,
            35.34841279298959,
            35.47676986238931,
            35.12695164770462,
            35.07216650206094,
            35.3432722616992,
            35.38359894073671,
            35.23496207520332,
            35.24468121963149,
            35.40460014276721,
            35.35973380218372,
            35.12688778123986,
            35.38111733853577,
            35.12663197327595,
            35.09208853062947,
            34.81953093087363,
            35.08269870020693,
            35.383134231481336,
            35.62637957208832,
            35.52197585905654,
            35.24229551088598,
            35.53802998328873,
            35.15632093387124,
            35.298077725052536,
            35.39085419579732,
            35.718385770346316,
            35.72555634903024,
            35.9285382450817,
            35.79521809574949,
            35.997332125754355,
            35.89009255671598,
            35.53263748829706,
            35.34326350526503,
            35.54475960469586,
            35.18983190801241,
            35.197572258360196,
            35.54491514140349,
            35.65412544072034,
            36.008829660728324,
            36.27078122017003,
            36.44941487893521,
            36.19972774511062,
            36.05831623178397,
            35.72257901418716,
            35.81289907745867,
            35.98858334016657
        ]
    ],
    "angle": 89852.7,
    "fluctuation": 647.629522,
    "buy_difference": 1.019137788
}