{
    "id": 212,
    "name": "Jabil Circuit Inc.",
    "record": [
        [
            16.651806796196908,
            17.115859514169273,
            17.000286206473493,
            16.446795508343875,
            16.256720759314383,
            16.703878514231306,
            16.706554165417014,
            17.19608224708111,
            17.117050658784873,
            16.777614552576797,
            16.871234436272495,
            16.74260768991775,
            16.606395602359523,
            16.830162901056987,
            16.53149807831813,
            16.346023163739126,
            16.837525561072802,
            16.405856171921588,
            16.364073737424565,
            16.12405818801428,
            15.892604265069295,
            16.29955556389755,
            16.44641061697989,
            16.122508589993387,
            15.986448850754797,
            15.80821193452395,
            16.205708892849636,
            15.931555780382155,
            16.46082798432887,
            16.625548595607263,
            16.45680525274709,
            16.395448430443537,
            16.07054012903106,
            16.222559361356502,
            16.45133101091031,
            16.555640380223778,
            16.8982316814362,
            17.373586642160124,
            17.34993549250095,
            17.80871593435952,
            17.393531391973177,
            17.178947535864495,
            16.74932880354608,
            16.78949184762301,
            17.133828392452834,
            17.480394455234368,
            17.55515285036242,
            17.58665498489364,
            18.059640714222674,
            18.425192267541437,
            17.97706545695439,
            18.400556708769294,
            18.77413083871402,
            18.45675255274621,
            18.14103983730116,
            18.49202200667943,
            19.122429744279664,
            19.21113370213986,
            19.18442333193835,
            19.561459636812685,
            19.92077547886384,
            19.398325001985373,
            19.58182935173483,
            20.012129938034207,
            20.48681479418541,
            20.171078089845032,
            20.31078326301463,
            20.631277042137924,
            20.065365162939674,
            20.33794513762957,
            20.19813681197346,
            20.040317278076174,
            20.060653590941715,
            20.65040940035736,
            21.223977052901503,
            20.856022651165,
            20.747273251333866,
            20.60648070822116,
            20.553111287955364,
            20.09994936689277,
            20.162379900148952,
            20.41643812134905,
            19.996886799669117,
            20.182915279019934,
            20.105721314786035,
            20.73770662556736,
            21.17118424269008,
            21.031803475264294,
            20.784033599769877,
            20.844967725891763,
            21.17582834183669,
            21.36198991618987,
            20.97796810968774,
            21.15080672625803,
            21.784148358600348,
            21.53444023715133,
            20.9558343110435,
            21.01244860841232,
            20.843409765898596,
            20.513968394387803
        ],
        [
            15.943970981220561,
            16.342629696541227,
            16.22904724991258,
            15.820302458222503,
            15.526939412059537,
            15.966739952765565,
            16.0798394150225,
            16.419228269702998,
            16.34051453879563,
            16.030833340454677,
            16.212319033290147,
            16.08066265926251,
            15.943451524949074,
            16.146975007113536,
            15.916140396277099,
            15.69033315212125,
            16.105721629306004,
            15.801518109172584,
            15.676291394031534,
            15.519194671421138,
            15.242901879065915,
            15.570951556304923,
            15.858090858680637,
            15.478881770624072,
            15.31759701983755,
            15.19081346397264,
            15.610310743927883,
            15.349312214858113,
            15.748536624061195,
            15.96503515507209,
            15.72273759214372,
            15.659439451660964,
            15.453731233364627,
            15.617134213624643,
            15.83101410676809,
            15.91702194284907,
            16.265958329564665,
            16.711790167492893,
            16.6923871199859,
            17.111472782858204,
            16.677468163449976,
            16.466781301453114,
            16.06139151760553,
            16.067785452756905,
            16.449828665592797,
            16.812843779097648,
            16.798858360659324,
            16.928623215349226,
            17.259233536893742,
            17.61209250084631,
            17.25940285519061,
            17.726299545297675,
            17.968905953937103,
            17.688079512137115,
            17.333571786560018,
            17.800114536272932,
            18.26945998181058,
            18.466381030038296,
            18.413034005271363,
            18.71499804285207,
            19.0397789879937,
            18.64071267763848,
            18.74570233799197,
            19.186345807768305,
            19.668960465165313,
            19.437798522510647,
            19.406738692389172,
            19.7997301944522,
            19.31458863630254,
            19.502614304753056,
            19.40928739450934,
            19.182699171259767,
            19.33138828741704,
            19.88173205474713,
            20.32178720178511,
            19.989423347992762,
            19.923008550644067,
            19.736448538152764,
            19.701066548845294,
            19.199552786660956,
            19.378808961624785,
            19.566149560330782,
            19.18131561404989,
            19.27304557619068,
            19.306944716004836,
            19.854205723822016,
            20.261128167526543,
            20.19623472430128,
            19.98631449952573,
            20.06904826830502,
            20.416276322856174,
            20.484598974881116,
            20.080223575734312,
            20.30035079767822,
            20.826968621577162,
            20.639651656612603,
            20.125298068105927,
            20.081172347407676,
            20.011319805607737,
            19.693059380816877
        ]
    ],
    "angle": 91397.8,
    "fluctuation": 1591.7514820000001,
    "buy_difference": 1.042310581
}