{
    "id": 213,
    "name": "Adelphia Communications Corporation",
    "record": [
        [
            5.935149114226377,
            6.007783531558748,
            6.102063757867096,
            6.184825018335288,
            6.078818470966052,
            6.087595779975882,
            6.176711660619459,
            6.166294455814939,
            6.037792574917047,
            6.037767312466314,
            5.966471831695572,
            5.993735696100017,
            5.945540533707637,
            5.938421339562116,
            5.934769562389005,
            5.96640056225747,
            6.037395672843898,
            6.019111010092611,
            6.183269775093376,
            6.14782688939255,
            6.070786768317783,
            6.06528369685441,
            6.091019195781533,
            6.081858328851757,
            5.932296427499526,
            5.887285201963499,
            5.8990455528206045,
            5.876468829711837,
            5.751041164010336,
            5.711544685029116,
            5.803036756005854,
            5.84310805999524,
            5.806081768189761,
            5.832879546883582,
            5.7674637887745455,
            5.667160163257238,
            5.741833441996048,
            5.769320477644084,
            5.6744452103309735,
            5.627533577917261,
            5.755688820217107,
            5.630780298727621,
            5.749563019601735,
            5.806341348008733,
            5.7814982681825215,
            5.707723897007219,
            5.753842780739436,
            5.669239862241275,
            5.587799938299503,
            5.678713674502982,
            5.6834519324130035,
            5.702226736569255,
            5.607016586927661,
            5.6608880386758145,
            5.545458198154975,
            5.4701610225145885,
            5.450640755019526,
            5.476796223365856,
            5.350630437135462,
            5.273336925707557,
            5.22206647219975,
            5.30463387809309,
            5.235933673147764,
            5.242983863994691,
            5.194564822216214,
            5.269264048620135,
            5.276389627502,
            5.420079379768849,
            5.439524442369654,
            5.53524017755234,
            5.59042283945559,
            5.63724524588341,
            5.694342842481078,
            5.7340479575672845,
            5.827508117493362,
            5.713618259112258,
            5.698172146810919,
            5.71289013711631,
            5.788255517596385,
            5.818691509707111,
            5.81675001364963,
            5.736827920979548,
            5.8236629112317475,
            5.747177235729928,
            5.821574181732385,
            5.826606196244842,
            5.897243135572177,
            5.9496069637626,
            5.854631567943383,
            5.7791391168225905,
            5.745374693276384,
            5.680828678658825,
            5.7120063962174505,
            5.609104846399805,
            5.648289726461445,
            5.732154172735539,
            5.5787664714794385,
            5.578872162439733,
            5.59366634385148,
            5.506791882121294
        ],
        [
            5.840584612657948,
            5.906747801182665,
            5.987483053577162,
            6.061440471087607,
            6.00537649477463,
            6.000799632033192,
            6.097803521531877,
            6.0644099333642965,
            5.971437910506394,
            5.931488300797329,
            5.854437187068934,
            5.921321657682334,
            5.881972455271272,
            5.868442304391204,
            5.841962996348986,
            5.853783802897948,
            5.957877467561162,
            5.948181118630252,
            6.064746316041287,
            6.0814848779826525,
            5.96511705929649,
            5.954361013476599,
            5.973073822804733,
            5.975399498562811,
            5.856510718641788,
            5.814406809375929,
            5.833629643813733,
            5.774181469768799,
            5.667341152472196,
            5.60317995150888,
            5.699183386288714,
            5.736820633296523,
            5.690252982714449,
            5.730207045386701,
            5.656910669944645,
            5.5712964504695295,
            5.673601496716161,
            5.65535106699539,
            5.569559429501687,
            5.552300512053623,
            5.658892685550582,
            5.54383610346693,
            5.648357086410147,
            5.702428838046671,
            5.7047786231939295,
            5.615660269658807,
            5.674077825091831,
            5.60749889213899,
            5.514756135968399,
            5.610668650009425,
            5.580068685952468,
            5.5923669332514345,
            5.514923848860593,
            5.569023289258528,
            5.467486697996718,
            5.405700020390188,
            5.39236400842615,
            5.387380550118006,
            5.285986152222188,
            5.211718481070739,
            5.151737683351669,
            5.203989434545496,
            5.129947002477871,
            5.169783036520872,
            5.117426940431322,
            5.2040361072500065,
            5.220500546567359,
            5.323610648477187,
            5.345376175121064,
            5.423734675612351,
            5.499152066992401,
            5.5402278187437695,
            5.5801876806464765,
            5.651160945036303,
            5.731221297932198,
            5.641757706580642,
            5.593405467610126,
            5.6467024357392015,
            5.68069970951563,
            5.7105701482024855,
            5.713791248414696,
            5.647681432627511,
            5.750418319874674,
            5.654477239569822,
            5.746626684931488,
            5.74180641965729,
            5.806184519984775,
            5.854226917219726,
            5.783898132774014,
            5.664411729035147,
            5.64931621431308,
            5.6178326280944955,
            5.610341831630123,
            5.5236001696850385,
            5.568314703319622,
            5.6166819063611975,
            5.515240161550038,
            5.517560981981748,
            5.483166873585528,
            5.419052379785008
        ]
    ],
    "angle": 90641.8,
    "fluctuation": 1242.811998,
    "buy_difference": 1.015784617
}