{
    "id": 214,
    "name": "Tellabs Inc.",
    "record": [
        [
            34.66889377446113,
            35.16753201566017,
            36.013628072663785,
            34.87426380576518,
            35.588435099409686,
            35.05181057095354,
            35.58126588969476,
            35.796926264410985,
            35.30577427468568,
            35.580191016486076,
            36.03239335919688,
            36.587683207340234,
            35.99577673699009,
            36.10169485018286,
            35.357101504424556,
            34.53165352553938,
            34.69890538723656,
            34.51352241656886,
            33.74015292443291,
            33.439166612853015,
            34.306190667233764,
            33.50795801957649,
            33.37350646493573,
            33.288162743195144,
            33.22037590216208,
            33.096391528319735,
            32.794101208721806,
            32.067084751352894,
            31.881402787548016,
            31.283623894682453,
            31.19519144916211,
            31.10781848769094,
            30.869035716511153,
            30.584022673454164,
            29.93706026840474,
            30.393767035909963,
            29.56176382711608,
            29.025930569872276,
            29.2316303265019,
            30.18541247471651,
            29.510290455899508,
            30.279316599044765,
            31.188823840617722,
            31.07313862132707,
            31.299076351692914,
            31.61299281480588,
            32.01178443341478,
            32.562658640644024,
            33.43512854144414,
            34.16595125694498,
            34.96252605349686,
            35.83005523656362,
            34.6301938320664,
            33.86324523261368,
            34.66698746622476,
            35.319792861514124,
            35.9915202372319,
            35.858254530456506,
            36.87797143124115,
            36.733981855125265,
            36.176097750530424,
            36.18964526199364,
            36.83765281855642,
            37.11414629636058,
            37.902510907414,
            38.51403829152568,
            38.89121403193298,
            39.50205223688111,
            39.64484947606443,
            39.20674922812682,
            38.9006972571394,
            39.06375989559511,
            39.803862155737434,
            39.75063626908585,
            39.00896216165373,
            38.10082483459231,
            38.100635281752666,
            38.853381022942806,
            39.06601565674044,
            39.74199712378033,
            38.827046972976326,
            37.88553777730183,
            37.654076885326546,
            37.726379759901654,
            37.76808399687265,
            37.08243847247936,
            37.26309735195407,
            36.74705284890745,
            36.67499019240838,
            36.38126247637859,
            35.96771423067678,
            36.77199048144704,
            36.80084055020875,
            37.627433287589994,
            37.693835257371305,
            37.75489464593876,
            38.51214717948896,
            39.11407653999157,
            38.75557753126355,
            39.23365256182967
        ],
        [
            33.64787733902397,
            34.0295270139013,
            34.89705574277394,
            33.9015557573106,
            34.40930717604074,
            33.8499113138214,
            34.59925656358022,
            34.676664388896526,
            34.197462530123026,
            34.41507890785306,
            34.72416080370634,
            35.37191667312015,
            34.75111442768399,
            34.98239208372711,
            34.08016897687946,
            33.437610536997596,
            33.700645190476706,
            33.584585425946116,
            32.65486234697072,
            32.47389160172102,
            33.32257017740142,
            32.60281027924825,
            32.436146007520406,
            32.2625469169566,
            32.08447428182213,
            32.170042691340825,
            31.745586141809795,
            31.063547960498685,
            30.79742685334449,
            30.304605447168758,
            30.246167483922715,
            30.128274995618586,
            29.873112683575407,
            29.701165957305257,
            29.003083307794228,
            29.395554290584247,
            28.688280083385635,
            28.055831274204795,
            28.356535941373124,
            29.101049483525223,
            28.704480244493187,
            29.191580251361263,
            30.056447361791864,
            29.9867349060828,
            30.46277801822786,
            30.53814288904344,
            31.022389699648603,
            31.424177145210336,
            32.31444085065519,
            32.994427425050155,
            33.74686365249049,
            34.584228464481306,
            33.698116611585455,
            32.813343718922226,
            33.58544614931066,
            34.17344649769889,
            34.90007561630385,
            34.67711051143369,
            35.723878335773236,
            35.51689929386859,
            35.02295175976293,
            35.071124533679985,
            35.749182892256556,
            35.89880315131027,
            36.80101419746073,
            37.466133857716855,
            37.708060717624655,
            38.25818557977529,
            38.49271812067352,
            37.95320466446613,
            37.61933745581216,
            37.735581963510256,
            38.685892532845116,
            38.36084299933169,
            37.73157120726872,
            36.864216732762586,
            36.830918620042375,
            37.63370352292065,
            37.6888925260155,
            38.641275899935046,
            37.64961486436154,
            36.575531292826035,
            36.45381896652632,
            36.432771610447446,
            36.70729320078999,
            35.84307605627059,
            36.241948565963575,
            35.52244478329464,
            35.36806126487008,
            35.193433184379735,
            34.85954081680617,
            35.49694987372908,
            35.6848532509947,
            36.58895167423997,
            36.426768038648504,
            36.456673617775486,
            37.291992906707115,
            37.8597108908143,
            37.67461242768095,
            37.895918470726315
        ]
    ],
    "angle": 90642.6,
    "fluctuation": 1705.432624,
    "buy_difference": 1.032512432
}