{
    "id": 215,
    "name": "Tektronix Inc",
    "record": [
        [
            14.096390461204548,
            14.091919474191354,
            13.787255042773943,
            14.099182275027854,
            14.436084019756489,
            14.798322847166808,
            14.513018513935457,
            14.162652855255198,
            13.961477614878442,
            14.25737963010136,
            14.09294930076023,
            13.686772695959233,
            13.343978011067648,
            13.523715130851334,
            13.473849164098013,
            13.508983424018934,
            13.906476410213976,
            14.07170377087114,
            14.016546697723259,
            14.346782232970336,
            14.173423673485754,
            14.68565022674822,
            14.727544459963818,
            15.069253713307258,
            15.048710636113272,
            14.999667582688307,
            15.265146643383611,
            15.042516957485313,
            15.502157423954774,
            15.935667557807582,
            15.844014743563058,
            15.994114181019274,
            15.632909476424793,
            15.575952208202267,
            15.87795471078237,
            15.45042809479791,
            15.046887142490343,
            14.97063126843453,
            15.381323574821728,
            15.125743418579816,
            14.91843705871472,
            14.773867884664567,
            15.162949406663522,
            14.852281373012492,
            14.393005145816934,
            14.69485489068183,
            14.170342181381558,
            14.077136684268664,
            14.206992474491498,
            14.271734176310543,
            14.07924541058444,
            13.793032187582558,
            14.20816213460599,
            14.462785714611764,
            14.721581859611351,
            14.359906295284748,
            13.971020878418772,
            14.317425704259573,
            14.593938358071876,
            14.45610156858707,
            14.43971638998501,
            14.942005356923996,
            14.601497431058306,
            14.418982929575854,
            14.80815154000336,
            14.557050273142297,
            14.919291615230444,
            14.58991427969948,
            14.295081523187147,
            14.45005145523555,
            14.470685113621133,
            14.612056560703097,
            14.513595706766703,
            14.442705897563322,
            14.005682652096095,
            13.611734212467503,
            13.379247162707296,
            13.50385129406437,
            13.910784432861151,
            13.95979701999082,
            13.845938211118952,
            13.4889324026626,
            13.85575288851602,
            13.703320085276586,
            13.780557925824352,
            14.05967801069697,
            14.475881500038396,
            14.265173630587698,
            14.475752367345338,
            14.27874235692845,
            14.318114945212564,
            13.920947283859913,
            13.845246685453493,
            14.219078264922466,
            14.290078989820328,
            14.30599879454125,
            14.067498879542187,
            13.875681804373583,
            13.758388372429163,
            13.516434083001327
        ],
        [
            13.688229305306148,
            13.759239580708556,
            13.438894052718606,
            13.74019319010658,
            14.039055451747325,
            14.399947645833585,
            14.20310376463651,
            13.844936983903905,
            13.608714563098708,
            13.847314636099727,
            13.793389001579634,
            13.378391357235612,
            13.03678687587552,
            13.201805785762295,
            13.203349746658763,
            13.146629396016234,
            13.528060467921005,
            13.7712129706857,
            13.654203793688364,
            13.928597188167634,
            13.86519516268654,
            14.307439444087189,
            14.351122100134798,
            14.704667660949614,
            14.642133922700653,
            14.5958721218852,
            14.846797305197326,
            14.604052392702622,
            15.047299119580568,
            15.497396676169062,
            15.459137253861742,
            15.540288662833486,
            15.320604466881761,
            15.241809763656317,
            15.470583111604066,
            15.000073592992228,
            14.640359695095395,
            14.59966623218923,
            14.946374831530363,
            14.69216611346818,
            14.479264898348871,
            14.343233997362681,
            14.800539304905737,
            14.429417204825949,
            14.075765550372552,
            14.26510398200634,
            13.855231525435116,
            13.775147515259016,
            13.905008069006865,
            13.950172871175576,
            13.734488833449944,
            13.419041789391695,
            13.833956386240361,
            14.056612364682762,
            14.389884883059924,
            13.949671012931898,
            13.60849551182981,
            13.994834907741192,
            14.213829612316312,
            14.109173669554503,
            14.083315500405073,
            14.507914831726344,
            14.201335747091804,
            14.070129551344918,
            14.426785887326506,
            14.186403092705161,
            14.587526319307775,
            14.175932277737251,
            13.9506217196356,
            14.040037995580128,
            14.069898806009203,
            14.198860933742639,
            14.103184328149679,
            14.020329084087846,
            13.718992143486489,
            13.331768596084181,
            13.069934747609818,
            13.220793453973561,
            13.610998185021158,
            13.612518717953147,
            13.543472946266181,
            13.194265948895236,
            13.569405504964006,
            13.358415044072018,
            13.47276424474137,
            13.694852135100144,
            14.049737385440402,
            13.88392165171049,
            14.159528778378565,
            13.975232833046645,
            13.946583049687721,
            13.57327825580265,
            13.544155017990796,
            13.933617715354105,
            13.868024391913364,
            13.930607120376612,
            13.723029938123757,
            13.473911270296908,
            13.436272913674589,
            13.23842859594987
        ]
    ],
    "angle": 90295.7,
    "fluctuation": 1861.205363,
    "buy_difference": 1.025409145
}