{
    "id": 216,
    "name": "Huntington Bancshares Inc.",
    "record": [
        [
            34.49900754038414,
            34.324320204562696,
            34.07487447866573,
            33.81046906560042,
            33.62284499218635,
            34.001660872461464,
            34.127557059887735,
            34.41238391963237,
            34.16308428600052,
            34.47891112791817,
            34.420085123546684,
            33.88648918112001,
            33.87570226666987,
            34.10497836222344,
            34.274808994404175,
            33.94873390133239,
            33.66448509009879,
            33.628523709989494,
            33.99829056340952,
            33.985877541056816,
            34.20080047959728,
            33.99391479653269,
            33.84139687057768,
            33.57216226101019,
            33.88046299543179,
            33.95580080617463,
            34.02096885912282,
            34.07328932140534,
            34.489391292676494,
            34.57683004289974,
            34.477108142565314,
            34.87352604294743,
            34.42403738412403,
            34.45039234036911,
            34.92294820965052,
            34.511229625253684,
            34.58824181961644,
            34.92253654772549,
            34.863651981973675,
            35.21773854128036,
            34.95332518479885,
            35.31929662932492,
            35.36005951729623,
            35.24494445143328,
            35.51105461625513,
            35.40998329865612,
            35.87255383763383,
            35.83814882065259,
            36.22092184816678,
            36.04113028394942,
            35.89101422101245,
            35.54063548855371,
            35.3643892254371,
            35.766861184356735,
            35.85286167054582,
            35.708264390458496,
            35.40369401076105,
            35.16714386467454,
            35.57856008127748,
            35.56048748040009,
            35.9737724886797,
            35.365320207786645,
            35.37869431653817,
            35.00432480603069,
            34.595940506668185,
            34.635221187702484,
            34.82982399361822,
            34.95968994871856,
            35.15951972152146,
            35.19101384467118,
            35.02776109133162,
            35.027959817742016,
            34.505791927112384,
            34.137078570103846,
            34.74915041648186,
            34.271569806554595,
            34.32049689036067,
            34.274546198573546,
            33.87204536627187,
            34.024718679111565,
            33.74645673085601,
            33.97878239634784,
            34.21981665190736,
            34.480158914528964,
            34.33724797752547,
            34.01974104766464,
            34.03411214525731,
            33.76864096544666,
            34.325788361528765,
            33.757350964748035,
            33.806032025548,
            33.948731802415914,
            34.17097047886374,
            33.62030811782913,
            33.66864387187886,
            33.23611571799871,
            32.93549127057309,
            32.89029036576449,
            32.86381165384668,
            32.90592992152597
        ],
        [
            33.22936795975063,
            33.080926352092355,
            32.81756741600185,
            32.6672760044799,
            32.57080715563874,
            32.64927367963015,
            32.83552629562231,
            33.0930679535257,
            32.971645372183154,
            33.120728026902796,
            33.1136771260979,
            32.80314534808054,
            32.609467269808995,
            32.88924397084657,
            33.05302067922596,
            32.751664557460295,
            32.46445288783943,
            32.573037476232095,
            32.68507603153117,
            32.93240103654151,
            32.919128996860955,
            32.85439022748156,
            32.74306724235451,
            32.39809067064481,
            32.692339425966814,
            32.6702725396814,
            32.78201401512225,
            32.90802684725265,
            33.28657240911312,
            33.411071058470526,
            33.298035586438566,
            33.56664423886883,
            33.19029414512736,
            33.37916438022405,
            33.765811793825264,
            33.44482779440236,
            33.2323700127614,
            33.6071120813983,
            33.749068462564736,
            34.04059985096369,
            33.863057700128834,
            34.03645964485199,
            34.02476091621022,
            34.10106239230514,
            34.39648207013618,
            34.26074486915102,
            34.524789013210174,
            34.60560168976381,
            34.96121328842722,
            34.73207548097042,
            34.532220960397254,
            34.30458625349591,
            33.98147642679985,
            34.3408466278558,
            34.585192187800864,
            34.54588055010452,
            34.24435651521822,
            33.97467660530754,
            34.163453061247495,
            34.337489690075735,
            34.60839457317117,
            34.245007013354076,
            34.015550140034655,
            33.71608843531586,
            33.47647939094528,
            33.50776730264532,
            33.68927857746234,
            33.56251686058106,
            33.82504661996508,
            34.103606586194054,
            33.80278490863278,
            33.78945684657619,
            33.44627761513812,
            33.08223805927963,
            33.376998719879296,
            33.15927882553473,
            33.17334813993248,
            33.102400999233474,
            32.83528953345733,
            32.69093718672541,
            32.5662897873283,
            32.646801623149315,
            32.953871665911755,
            33.29098373270009,
            33.179566510464724,
            32.938747405110306,
            32.78812889103896,
            32.587698204163026,
            32.95394931495309,
            32.67813565294806,
            32.47758863302837,
            32.837038833521056,
            32.89698117068684,
            32.555273938469455,
            32.38429791385658,
            32.02894223120083,
            31.78050606698387,
            31.64194544685977,
            31.714512204084667,
            31.790137174141083
        ]
    ],
    "angle": 89742.90000000001,
    "fluctuation": 659.462313,
    "buy_difference": 1.036549878
}