{
    "id": 217,
    "name": "Zions Bancorporation",
    "record": [
        [
            25.21439633264822,
            25.51686571255143,
            25.50325977824169,
            25.352024459264317,
            25.210656567045216,
            25.223166520355058,
            25.289576987826994,
            25.073368205068373,
            25.028514815417537,
            24.870807524356934,
            24.777465662224056,
            24.903492528970606,
            24.971149623856274,
            24.98715927417511,
            24.856608432354715,
            24.89202677373787,
            25.034644920881668,
            25.19128339095848,
            25.3159419430716,
            25.176842168673893,
            25.171093341700875,
            24.90159176459326,
            25.167928963945922,
            25.266371326518602,
            25.31404982412595,
            25.215319746306236,
            25.375369910970843,
            25.260552688947563,
            25.353713950261522,
            25.283588711916206,
            25.212260558333803,
            25.33504046213196,
            25.548780364690835,
            25.267184820257818,
            25.203622641190453,
            25.436818675794413,
            25.40053109999474,
            25.263167913591104,
            25.023070884688813,
            25.14861950663336,
            25.24751956307901,
            25.05768533202433,
            24.887855601723054,
            24.961203874444152,
            24.841930166003767,
            24.860385941507527,
            24.77673781760497,
            24.632707033882074,
            24.531272087605135,
            24.507788396909707,
            24.206981479831015,
            24.43142606758701,
            24.442755426818163,
            24.309019366558637,
            24.125621873890374,
            24.106938434876373,
            24.042690520198153,
            24.08448348234153,
            23.982375436775197,
            24.081346552326732,
            24.065168152045388,
            24.019484377988064,
            24.04725001075969,
            23.93042982809896,
            23.750748775811104,
            23.808784912531866,
            23.694262190942126,
            23.765744406585185,
            23.67360426825404,
            23.76856883626816,
            23.555393292829375,
            23.64215581765079,
            23.813409592606806,
            23.730326017328064,
            23.713307785314168,
            23.73441570759363,
            23.515795623224406,
            23.673575944180673,
            23.571164391515968,
            23.547127333790808,
            23.474156704090344,
            23.27165428523093,
            23.405872993190787,
            23.25849448812229,
            23.202648102880687,
            23.10278013850038,
            23.230803998594013,
            23.05759242613851,
            22.97656659594892,
            22.882064379008014,
            22.752536292471873,
            22.61294229518902,
            22.681376770720966,
            22.67334356358734,
            22.86001349592915,
            22.75208899911821,
            23.023285263824942,
            22.89525760942833,
            22.91923400951554,
            23.021326599003466
        ],
        [
            24.557285988988205,
            24.678533650389905,
            24.638369737204336,
            24.511780941295484,
            24.504467551156367,
            24.43099870635949,
            24.439231025631226,
            24.40524008344376,
            24.252140829903613,
            24.12581891466306,
            24.093061721274683,
            24.18169205329355,
            24.28626174955689,
            24.25565420135254,
            24.194256291787077,
            24.25305199455886,
            24.40425782806898,
            24.49544896360499,
            24.52575526269812,
            24.42756907764149,
            24.42931720291873,
            24.276993212072338,
            24.384796069050488,
            24.509533864441103,
            24.58526881594918,
            24.597675886924215,
            24.654691320101815,
            24.592368960909624,
            24.48902055299736,
            24.56305800794877,
            24.483960155018263,
            24.56632542367332,
            24.684803520357004,
            24.549578763070137,
            24.522187222729336,
            24.581521805369132,
            24.61507465606156,
            24.459980312694515,
            24.336758957332275,
            24.43193514970172,
            24.420469896559748,
            24.336284951377042,
            24.234391795676714,
            24.121899249602233,
            24.179969156075042,
            24.137420155192014,
            24.005777344815872,
            24.01244097361759,
            23.868015146395386,
            23.73335128169079,
            23.595065743302623,
            23.6523225598225,
            23.63264786157493,
            23.552612562650623,
            23.4851033807744,
            23.48575922689566,
            23.373899351836265,
            23.32342264700503,
            23.238452254067173,
            23.385714585258093,
            23.358318524704877,
            23.283707768613393,
            23.287365739454774,
            23.195064686287218,
            23.11554634762739,
            22.996781623738094,
            22.99830692921451,
            23.005574495778514,
            23.017385332542254,
            22.980805873662927,
            22.89557073072751,
            22.956913806099212,
            23.010407860849455,
            22.9781638843175,
            23.00989014340338,
            22.98441688541051,
            22.850217576539904,
            22.873012428177468,
            22.947667800160332,
            22.871503815664767,
            22.734650218914265,
            22.63564685315597,
            22.67304230434881,
            22.611517158776305,
            22.561743822412495,
            22.491673091434926,
            22.474296397380538,
            22.407226298943627,
            22.279412300858993,
            22.250015272309962,
            22.141810404706654,
            22.00596340366287,
            22.12357782693024,
            22.115742178988,
            22.13985436755004,
            22.154702590630713,
            22.249141921293017,
            22.216106127721588,
            22.357832278736755,
            22.41012637793548
        ]
    ],
    "angle": 90281.5,
    "fluctuation": 364.457053,
    "buy_difference": 1.030261152
}