{
    "id": 218,
    "name": "Laboratory Corporation of America Holdings",
    "record": [
        [
            28.38400550685922,
            28.35231961475199,
            28.584610072215018,
            28.470172572587135,
            28.34649076745738,
            28.489494408462875,
            28.39102760927596,
            28.47972197137765,
            28.649023015788526,
            28.57476944891373,
            28.638349160322413,
            28.61166335153871,
            28.605462497136873,
            28.55597460960273,
            28.465777555608003,
            28.440535154971155,
            28.547504199365424,
            28.3302803225267,
            28.354540512188937,
            28.41260060461489,
            28.362044546651777,
            28.41455330149795,
            28.420018319030145,
            28.62822946688254,
            28.549340211420294,
            28.50702198255509,
            28.406065066416343,
            28.415969317698153,
            28.48821682272644,
            28.276390543757145,
            28.32118443427919,
            28.317449345044704,
            28.550885418446278,
            28.2632471701235,
            28.458035313235023,
            28.460227689650242,
            28.495030968302736,
            28.574016952277987,
            28.360194512382375,
            28.32592339885153,
            28.47590141683864,
            28.494496410750543,
            28.45994298736131,
            28.305266734727716,
            28.4450609286284,
            28.484170967421086,
            28.23761121123922,
            28.386632847021794,
            28.256107942193808,
            28.477077358570707,
            28.5123228008897,
            28.58872081364059,
            28.516035057063494,
            28.64834198092183,
            28.422336566613446,
            28.586878866780715,
            28.470586071680216,
            28.302607792853994,
            28.29167871704148,
            28.2757771408037,
            28.16599420171825,
            28.351905551008212,
            28.104702593718887,
            28.045813740844995,
            28.007586410252063,
            28.184872771028413,
            28.374261105218046,
            28.06904286230417,
            28.3522761125415,
            28.13111997014874,
            28.32433256299503,
            28.145958848738953,
            28.184195898843928,
            28.30546079404701,
            28.07999874165203,
            28.08665567918028,
            27.972611959291743,
            27.972304714784016,
            27.797049940301733,
            27.85924285777302,
            27.811104082805105,
            27.70291046227366,
            27.86642974507959,
            27.94358154469485,
            28.03877312090025,
            27.99464028243916,
            28.050379457169953,
            27.925511713593306,
            28.046783554996814,
            28.011829039701304,
            28.131776706412797,
            28.182395457549532,
            28.09713131916002,
            28.01332931877075,
            28.035813257061104,
            28.013852691551005,
            28.06133141560038,
            27.92478101246602,
            28.1340846424665,
            28.116462860599636
        ],
        [
            27.60057784425355,
            27.608480329830574,
            27.613106950285612,
            27.560147197145817,
            27.636067475852652,
            27.730930515092464,
            27.65726899421494,
            27.61620314850842,
            27.702895766113162,
            27.783293724036664,
            27.681545907868617,
            27.666769895991894,
            27.633250665315668,
            27.68461348383515,
            27.705067420501813,
            27.672177130241593,
            27.577262192113608,
            27.515264298980536,
            27.5774504426704,
            27.606263284711048,
            27.665122347256567,
            27.633050221826064,
            27.666078122138217,
            27.693822314615673,
            27.64229678146538,
            27.595818746387593,
            27.58334996167521,
            27.615063829887337,
            27.52546751633191,
            27.55388906096529,
            27.470703879098462,
            27.57175942918849,
            27.643792895592178,
            27.56321398027429,
            27.636579222852035,
            27.691337645499615,
            27.655908454334735,
            27.691044347431525,
            27.602305944012596,
            27.63544196946703,
            27.593206341088493,
            27.64986132467833,
            27.588757165667985,
            27.49647180632232,
            27.58534827374436,
            27.592957363358295,
            27.546514291242378,
            27.468322191633227,
            27.561788854547252,
            27.594345831016593,
            27.55150082994692,
            27.628074228682163,
            27.65693996231092,
            27.688448154456825,
            27.665560824105004,
            27.659333395124804,
            27.566044745959726,
            27.537976055092486,
            27.43660182752515,
            27.506356867126993,
            27.4656108281711,
            27.43745304814349,
            27.41410389189592,
            27.364910316584947,
            27.311142048500084,
            27.352149410196127,
            27.418091603717105,
            27.376569819295703,
            27.4104886028865,
            27.41508204395017,
            27.391656391816706,
            27.382814866829367,
            27.425511810409866,
            27.367953714168554,
            27.277640622764775,
            27.251386048868156,
            27.173322311221767,
            27.21659654401044,
            27.116735466990523,
            27.036140247687293,
            26.99482054042323,
            26.951779207009587,
            27.005322463563044,
            27.085497543018366,
            27.126308348236364,
            27.189280076191686,
            27.1700272965751,
            27.152019396687855,
            27.139467061112878,
            27.13539408418105,
            27.213573455637015,
            27.284289177476477,
            27.23433215222389,
            27.196548486802968,
            27.147792603195033,
            27.142771057559145,
            27.175212960624066,
            27.15402841688592,
            27.186008722955584,
            27.258513059699624
        ]
    ],
    "angle": 90016.40000000001,
    "fluctuation": 212.185156,
    "buy_difference": 1.030032518
}