{
    "id": 219,
    "name": "Publix Super Markets Inc.",
    "record": [
        [
            27.263571046962884,
            27.283203704763135,
            27.713174253750395,
            28.127560891807477,
            27.594616944344338,
            28.13832911244679,
            27.645381985684033,
            26.875345781320757,
            27.44629268943737,
            27.092280348342243,
            26.714598474891456,
            27.13834775884023,
            27.08268020792665,
            26.473030713928537,
            26.04081783150003,
            26.170213640146894,
            26.302633278111102,
            25.7739583383333,
            26.241250934982286,
            26.173182701996197,
            25.808698756371143,
            25.903291838841884,
            26.10533131313666,
            25.814790345417784,
            25.322955696734898,
            25.65455397632033,
            25.990896997693852,
            25.74072106005596,
            25.33963877279548,
            26.124728582293283,
            25.847876766790982,
            25.9564350315578,
            25.952578382779517,
            25.943697109545976,
            25.560985861689414,
            25.405552690666685,
            25.01722115466629,
            25.690461611927468,
            26.146219095353022,
            26.61983179830862,
            26.069748974654566,
            25.994874917826984,
            26.125473204540835,
            26.298510955424575,
            25.774511366178423,
            26.27270614331524,
            26.251723586033343,
            26.524432853637293,
            26.93201516278866,
            27.07928653149674,
            26.506753855096257,
            26.230430663630965,
            26.554623908939796,
            25.982712443152536,
            25.61711127134996,
            26.055622604187658,
            26.716850658113856,
            26.039499312458975,
            25.75588999139299,
            25.87143915268729,
            25.46474293317234,
            25.448897256415652,
            25.0210202405046,
            25.402237947781448,
            24.733266823804453,
            24.240604285789043,
            24.31943060349743,
            24.411247283430797,
            24.693819564405796,
            24.51508803953022,
            24.679038261190072,
            25.027446402878756,
            25.191128278857967,
            25.464624095373324,
            25.072685943246746,
            25.310180623514565,
            25.689665356626993,
            25.72033547842996,
            25.358763322266043,
            25.5868456289521,
            25.771339050699705,
            26.34770721739009,
            26.042936524996417,
            26.460369986598845,
            26.84273535625316,
            26.440257832503534,
            26.480044046004796,
            26.680577509539408,
            26.552055329876776,
            26.469960869104614,
            26.24035873759849,
            26.61742127621742,
            26.791256717125,
            27.171706627949835,
            27.557781220459095,
            28.39199339127584,
            28.405865719061968,
            28.790646323116977,
            29.058453926536455,
            29.23745598005265
        ],
        [
            26.831399395731257,
            26.737880112199843,
            27.123974280071625,
            27.645581009801997,
            27.018737510642822,
            27.446836107043303,
            26.966003043231048,
            26.43870164001317,
            26.755818380454702,
            26.41071203002851,
            26.16231527553799,
            26.710845066601287,
            26.45665246769557,
            26.029850547457322,
            25.499914273285594,
            25.69598764682563,
            25.833777288116288,
            25.268914452388618,
            25.647463668993076,
            25.65261247827757,
            25.22721672009125,
            25.25666295011359,
            25.545209650146628,
            25.268476319125856,
            24.851625765330148,
            25.18462261572842,
            25.578899286420597,
            25.289489551817987,
            24.865506789662508,
            25.464966658971463,
            25.27812586690216,
            25.32360561495913,
            25.355202374727135,
            25.407351109205216,
            25.01504304800156,
            24.922696345125523,
            24.500028618487306,
            25.089108386438348,
            25.626185162956023,
            25.957899945127732,
            25.6153191470204,
            25.50337237520985,
            25.53175793273419,
            25.675244425826076,
            25.226528616909622,
            25.6807698039046,
            25.63723253906124,
            26.069923375683167,
            26.443984693556114,
            26.524768391205058,
            26.07086101632457,
            25.64200589294575,
            26.026467029188733,
            25.547740605195518,
            25.140306294754353,
            25.478748415348967,
            26.096676324353332,
            25.508824631250846,
            25.132957015815034,
            25.24571150051712,
            25.000794309331813,
            24.840813991825655,
            24.464609702496336,
            24.802685166656357,
            24.241335735776005,
            23.760849734358185,
            23.866779037249696,
            23.882702010232258,
            24.202673060693442,
            23.946022898337056,
            24.253716656083498,
            24.47089296164634,
            24.7594656444002,
            24.96064452596163,
            24.62575430467454,
            24.90146689548505,
            25.25706377116215,
            25.110771527797095,
            24.770114070539925,
            24.975466186304892,
            25.31957081304902,
            25.741236140539353,
            25.59924664431892,
            25.900393667940932,
            26.40927363580336,
            25.81363194600805,
            25.95856586867008,
            26.07424719720343,
            26.078753282265954,
            26.02683209434426,
            25.74421466768144,
            25.98141696288596,
            26.34539404165938,
            26.628611585491804,
            27.071981266276275,
            27.672219263061056,
            27.893924237786212,
            28.136363574881535,
            28.474798294481275,
            28.635879887093445
        ]
    ],
    "angle": 89799.59999999999,
    "fluctuation": 1358.872155,
    "buy_difference": 1.021007774
}