{
    "id": 22,
    "name": "Rohm & Haas Co.",
    "record": [
        [
            34.597165724439485,
            34.65331731263273,
            34.4477134138949,
            34.65307497591106,
            34.53716327244396,
            34.58861944649284,
            34.627422077590346,
            34.751046606697095,
            34.53421608433443,
            34.7004764216424,
            34.72054507941192,
            34.49454916047589,
            34.4147819492829,
            34.34304319836977,
            34.58069382245522,
            34.463370444889115,
            34.434538318205405,
            34.2976299206317,
            34.42800535522519,
            34.31335520546202,
            34.28709298953933,
            34.38394021349831,
            34.38894222555845,
            34.38067738600741,
            34.40686854833344,
            34.33628796697218,
            34.59422437443772,
            34.464946620986574,
            34.5885868132227,
            34.423093561777904,
            34.29053913562295,
            34.54889593289409,
            34.388765679140974,
            34.40449411871075,
            34.572164156660094,
            34.46991912527627,
            34.33681445784256,
            34.47528131271063,
            34.44061585308389,
            34.34797492442539,
            34.35091761698639,
            34.23094176702146,
            34.31336398886235,
            34.34243122897983,
            34.5884319919923,
            34.67342704711499,
            34.39583645128434,
            34.67704460284791,
            34.51771562595272,
            34.66436417294904,
            34.80647728552288,
            34.55406071201699,
            34.736877162300864,
            34.439496781342434,
            34.45455897135463,
            34.662030646236246,
            34.426357894332654,
            34.39104705354242,
            34.5813841768962,
            34.52772831345181,
            34.727019841909474,
            34.71278503273455,
            34.56315627701325,
            34.6041052837235,
            34.771320540170564,
            34.65133858241479,
            34.60245992382075,
            34.60805628947648,
            34.739534323119145,
            34.57260303393829,
            34.83506011349121,
            34.95176030995642,
            34.89325818852129,
            34.84388725951971,
            34.95978718058159,
            34.90098463031188,
            34.810184035167424,
            34.94492755130833,
            34.93455225127522,
            34.95873031847029,
            34.6391081987979,
            34.714317223591465,
            34.85847464542767,
            34.86306995764876,
            34.87372524708909,
            34.988934485701435,
            34.67052213347519,
            34.9226006494482,
            34.876370311994016,
            34.84938633567601,
            34.81635894158076,
            34.81158327243882,
            34.7950184114612,
            34.668984526287915,
            34.716821413345215,
            34.566159048040554,
            34.79588605277635,
            34.92909646504086,
            34.8635917248042,
            34.96051090661961
        ],
        [
            34.12465903686555,
            34.07096212180319,
            34.11377120000006,
            34.14905518993297,
            34.18861665148218,
            34.167506376710435,
            34.10672886040364,
            34.122808854651154,
            34.0727960763033,
            34.07315288952597,
            34.07588867720665,
            34.01663721564519,
            33.96855603065055,
            33.93171993934312,
            33.97245430182368,
            33.92142043226034,
            33.87613069433843,
            33.84275798290333,
            33.9001498710081,
            33.936398740045355,
            33.89002573994901,
            33.92792358646479,
            33.92946325666715,
            33.88061955073817,
            33.88949179884258,
            33.948862214759714,
            34.00268891233658,
            33.977248577286474,
            34.02089114283715,
            33.99377718320954,
            33.96153210190573,
            33.91417899037254,
            33.89536656456081,
            33.938014319922324,
            33.92350843592152,
            33.91770707445068,
            33.878031980655,
            33.855400963652336,
            33.86521255056593,
            33.87887153064801,
            33.902125484750734,
            33.905912811555375,
            33.882022158641405,
            33.94132014615711,
            33.96313402593751,
            34.022871394601985,
            34.02138693155733,
            34.06711036918431,
            34.087219144211716,
            34.143115456758146,
            34.16702817300931,
            34.18474827363255,
            34.129291559839835,
            34.08509072075053,
            34.082889743766955,
            34.13740634830088,
            34.096047721964,
            34.04055695739605,
            34.0886296144627,
            34.13814248731667,
            34.12640880909454,
            34.13623934017579,
            34.145774639141415,
            34.10761654472278,
            34.1359162877704,
            34.15075776211172,
            34.191456340464065,
            34.22442889444232,
            34.24110249116913,
            34.24432994322565,
            34.30096360298432,
            34.3164760317619,
            34.3376914547912,
            34.337092159477486,
            34.3483026404838,
            34.38304827398684,
            34.38292825492593,
            34.36109865565073,
            34.35432322030153,
            34.30965153064525,
            34.27232604627807,
            34.27106994596,
            34.32744777012894,
            34.36973824868939,
            34.342466047242915,
            34.33245916602362,
            34.28620230981079,
            34.26054985401219,
            34.30737417248998,
            34.29109517669486,
            34.35116915463996,
            34.33271321381773,
            34.343862304258046,
            34.30877256921768,
            34.24953387583339,
            34.21388432987634,
            34.25896837431731,
            34.27033284684373,
            34.325629314442416,
            34.345590786622836
        ]
    ],
    "angle": 89909.7,
    "fluctuation": 102.20894099999998,
    "buy_difference": 1.014353665
}