{
    "id": 220,
    "name": "Atmel Corporation",
    "record": [
        [
            28.22523457338988,
            28.135019881891555,
            28.09567319517915,
            28.002086151864585,
            28.1574372231264,
            28.41292033893894,
            28.340123404141263,
            28.25851571741153,
            28.258957101830998,
            28.208126013272793,
            28.1877793057346,
            28.24511540749914,
            28.04777504471954,
            28.044642144041287,
            28.336607141171232,
            28.525798911614103,
            28.6484359413186,
            28.4523926459221,
            28.466914849781997,
            28.48268380377183,
            28.7324792302911,
            28.63923918096047,
            28.486549377247787,
            28.539887421175496,
            28.44555854975015,
            28.54418541184615,
            28.637393826378688,
            28.663022530206568,
            28.437019591725413,
            28.57348859049582,
            28.619314862425064,
            28.466950418051592,
            28.563397915204014,
            28.3886259194689,
            28.75239481994176,
            28.710286538977144,
            28.681808457367467,
            28.713776087442678,
            28.530373780831173,
            28.41931220658375,
            28.78046573878827,
            28.528011080736785,
            28.6857858081988,
            28.511601103415757,
            28.511983334179657,
            28.352292167863055,
            28.134923113993796,
            28.036275334125882,
            27.86039782540133,
            27.859859565411025,
            27.703826928494742,
            27.67300024124637,
            27.494921102039772,
            27.634313892589212,
            27.788794666951492,
            27.57740200750111,
            27.789801937965162,
            27.624526924374518,
            27.62238247529255,
            27.894706956029662,
            27.598832848697867,
            27.72116898726415,
            27.633446359120967,
            27.562945100003883,
            27.68608363724851,
            28.002448151040426,
            27.830526165807758,
            27.781514398047264,
            27.980131958654546,
            28.337329391171902,
            28.242959961662493,
            28.121273548964304,
            28.08037662077992,
            28.037625270848622,
            28.147842085327554,
            27.854188012110235,
            27.646153574918017,
            27.88541356691324,
            27.724014840902285,
            28.01029362313776,
            27.87118922989349,
            27.910335678439523,
            27.988149420518134,
            28.059717719253968,
            28.176562837674435,
            28.526272248560957,
            28.403500592840267,
            28.516401275638813,
            28.4205134814267,
            28.382059765100895,
            28.182271663748242,
            28.08717333986805,
            27.904086354975664,
            27.890902818170353,
            28.000320861303695,
            28.24778170646752,
            28.378317673536916,
            28.115063411580532,
            28.102879480947948,
            28.155055427956466
        ],
        [
            27.24079504171185,
            27.134663966400336,
            27.153905321927375,
            27.003748538639993,
            27.16990871219544,
            27.19539737187463,
            27.215109590800033,
            27.04222600334904,
            27.221433804486544,
            27.196987942987402,
            27.058005003511408,
            27.075205876524848,
            26.934366542264463,
            27.07737139468481,
            27.21445055277548,
            27.379743631498307,
            27.580036786206943,
            27.438000589180017,
            27.463021097062644,
            27.489264959658712,
            27.536893332845157,
            27.565663800932438,
            27.473694639590263,
            27.341415944762435,
            27.25104821236112,
            27.36188843463678,
            27.445764523386686,
            27.45391026241981,
            27.313614390083508,
            27.414572291835196,
            27.55476024334292,
            27.410807683680776,
            27.36939232239345,
            27.39573815366452,
            27.542255751097453,
            27.595379532784275,
            27.601112123119808,
            27.521711291084866,
            27.381401752748495,
            27.329362463497105,
            27.538970029216777,
            27.5330113121785,
            27.547050283989485,
            27.47856469901321,
            27.2929319410311,
            27.24039644945947,
            27.034252981898728,
            26.939464415168104,
            26.770467434247944,
            26.909769176159898,
            26.694707200389445,
            26.63831168886019,
            26.525304982010503,
            26.532019512855516,
            26.590076422906982,
            26.540974347677363,
            26.612224103507252,
            26.49352660805403,
            26.536460465186536,
            26.74464317070709,
            26.628223622467253,
            26.60213026107756,
            26.61355681785309,
            26.54831642454512,
            26.680283588652205,
            26.882785423139477,
            26.894943020198447,
            26.807170130580424,
            26.92856870118816,
            27.11764741611167,
            27.124511890625467,
            26.935014256246408,
            27.10098944374774,
            27.048870535780914,
            27.01157956456093,
            26.820779169267198,
            26.695307104921902,
            26.711764254585415,
            26.72487113357598,
            26.911810108422287,
            26.746094537550086,
            26.93417603925067,
            26.810176132013822,
            26.967378872020106,
            27.07967531809692,
            27.29845788408983,
            27.35245069456926,
            27.39806966791783,
            27.21349961817002,
            27.203766314909352,
            27.185688636770934,
            27.02888214763407,
            26.952487722382028,
            26.845379702030854,
            26.907605131765138,
            27.083161091971927,
            27.29812960938019,
            27.137189952584826,
            26.920077400638068,
            27.121346864711697
        ]
    ],
    "angle": 89775.9,
    "fluctuation": 466.010988,
    "buy_difference": 1.039882004
}