{
    "id": 221,
    "name": "Bemis Company, Inc.",
    "record": [
        [
            33.31127938967395,
            32.775685143527085,
            32.66850493383499,
            32.960002859542165,
            31.760345321268648,
            32.42830516384028,
            31.77982149768958,
            31.42633856144503,
            32.164587180494834,
            32.48459275066059,
            33.1441032850301,
            33.90600534966449,
            33.82799617965816,
            34.189230785644966,
            34.11766724720024,
            34.57772983766832,
            34.1305335168932,
            33.26293716838587,
            32.55608535088705,
            33.23244559079719,
            33.624697109490626,
            34.18505131090548,
            34.806112800294365,
            35.86266329610825,
            36.69876429661793,
            37.880852322521854,
            38.279663443587246,
            37.952300964770636,
            38.849587321466615,
            38.76137476570685,
            37.8620045292885,
            39.28700001536055,
            39.36278110678595,
            38.07686518287892,
            38.68165125155553,
            39.66805134253061,
            39.141273394970774,
            38.35711132076153,
            38.22482875508854,
            37.60263748362117,
            37.98260699468442,
            38.94013451456288,
            38.91647078581711,
            39.65427955422757,
            39.59500848782502,
            40.854949502662166,
            40.39524910666203,
            39.48103408420201,
            38.391011969167785,
            37.611292827050036,
            37.37972241181573,
            36.79258800564886,
            36.71758246386407,
            36.51978909943344,
            35.66544250754933,
            35.92431228616101,
            36.37681166001839,
            37.23140324162136,
            37.138717631541525,
            37.90989876865194,
            37.26625120417724,
            36.73148496376995,
            35.87673506267838,
            34.63785141752281,
            33.92953233090741,
            33.074394902445114,
            32.21325121018516,
            31.752101240410777,
            30.845462285653934,
            30.091724833702383,
            30.823850156377564,
            29.761887707219774,
            30.482094536202016,
            31.1718723582332,
            31.880028057544394,
            31.050404203657564,
            31.39820642089237,
            31.14074127961881,
            31.097716663499572,
            30.3192812783302,
            29.93921714058759,
            29.32553976050022,
            29.287704395479768,
            28.732489028501398,
            29.160020040954485,
            29.603298722996524,
            30.62742618100346,
            30.986948964344478,
            31.716099361902387,
            32.652200308982216,
            33.72860388091662,
            34.6798387858191,
            35.66658866038174,
            36.62054989442744,
            35.63451620637909,
            36.219623396787696,
            36.7719495899974,
            36.09430937575734,
            35.96276959441872,
            35.783355687305935
        ],
        [
            31.895144592323046,
            31.570877519001296,
            31.433012378638697,
            31.587099808045398,
            30.648104695733956,
            31.142707839584197,
            30.498617923096496,
            30.14735438238307,
            31.056884040982666,
            31.384771762726633,
            31.861939690302343,
            32.60088420938808,
            32.448033650976306,
            32.98531286011346,
            32.85365953234132,
            33.09457826651201,
            32.783998873835756,
            31.890124836358353,
            31.168952868243245,
            31.946864516726134,
            32.18882995665132,
            32.9185471189057,
            33.58384087164166,
            34.62760361691992,
            35.324985304947205,
            36.371829859920126,
            36.666911461374546,
            36.62689380012265,
            37.39529457019197,
            37.37396440276934,
            36.58012214442421,
            37.72949456317568,
            37.84005097019621,
            36.62584240950571,
            37.394554227078515,
            38.32887200582464,
            37.778134100255905,
            36.98417101458192,
            36.7681674263386,
            36.03994265625964,
            36.50961945297253,
            37.329294906714985,
            37.591336163447146,
            38.02905793124698,
            38.00252716447816,
            39.180518695094314,
            38.69721939274067,
            37.949936670375976,
            36.97978948118117,
            36.152705064243875,
            36.11054149307879,
            35.337499866200204,
            35.21623179270593,
            35.219674108638635,
            34.43371832834877,
            34.400516087966025,
            35.120519985678854,
            35.98894493103381,
            35.57757746110271,
            36.541976857166325,
            35.83895129653391,
            35.26472858782642,
            34.358377386211274,
            33.40808346632206,
            32.59743805887196,
            31.747335494986864,
            30.982579177854138,
            30.529888887475277,
            29.59602178335162,
            29.03209388837363,
            29.684845111784426,
            28.762915526282995,
            29.42347336403318,
            30.107423601304703,
            30.567337180995086,
            29.92399948422551,
            30.244033797904606,
            30.074335763616283,
            29.981611080241148,
            29.228184398203364,
            28.873372403336838,
            28.349758899402563,
            28.25355186003036,
            27.662455398000844,
            28.01517974990189,
            28.601028831619544,
            29.57562954869415,
            29.713993401268205,
            30.6299908777812,
            31.42046736920845,
            32.39792636410791,
            33.33826600649796,
            34.15712469741871,
            35.25675506566789,
            34.4418868573127,
            34.75249464925939,
            35.395430985141566,
            34.8128319435695,
            34.668581076393544,
            34.582270016133506
        ]
    ],
    "angle": 89411.5,
    "fluctuation": 1917.454596,
    "buy_difference": 1.039617458
}