{
    "id": 222,
    "name": "Allmerica Financial Corporation",
    "record": [
        [
            9.305361174872315,
            9.327210226934998,
            9.277145000578132,
            9.360902114727285,
            9.327601803601144,
            9.410547137289253,
            9.437039554135326,
            9.470740399652838,
            9.415787131215806,
            9.412946858960037,
            9.44483537762083,
            9.448204627819411,
            9.429884954133753,
            9.358087114901542,
            9.339751281893864,
            9.329207741379152,
            9.304375474794206,
            9.291820896263667,
            9.212818113777145,
            9.301582198398014,
            9.288813884631367,
            9.311511442359283,
            9.304405155641462,
            9.26713666577175,
            9.324936483700334,
            9.384060542632739,
            9.359222582658052,
            9.339844218314665,
            9.358126056610256,
            9.321881681477953,
            9.372378719065681,
            9.270974261867995,
            9.344344964653192,
            9.363962175199912,
            9.397434880047904,
            9.407463786084808,
            9.372393431215581,
            9.41943593626762,
            9.404754098683158,
            9.495899284787173,
            9.51465145059412,
            9.50197080355267,
            9.63461408530683,
            9.554587400027197,
            9.594511063830474,
            9.61352857462502,
            9.650962321485899,
            9.53427239313266,
            9.545329334829313,
            9.646467065296111,
            9.567322369636646,
            9.523524382243234,
            9.503607426403127,
            9.422773205926358,
            9.408898708585994,
            9.425252999589231,
            9.386439913360208,
            9.395094748021368,
            9.452157857650782,
            9.393401208192143,
            9.449772479376303,
            9.436645850536756,
            9.436300883558365,
            9.425404228093036,
            9.447792340849608,
            9.3631219442204,
            9.351764412592107,
            9.435284760324727,
            9.478671314397507,
            9.460127787542284,
            9.404925802233162,
            9.4870040618618,
            9.467598319281741,
            9.464892507385672,
            9.533444374129504,
            9.515929547487483,
            9.579285339372095,
            9.572191082783242,
            9.700470610210093,
            9.678189991589749,
            9.712989835302855,
            9.741536816076753,
            9.704696202966508,
            9.732860971198466,
            9.742205609799203,
            9.710130821474733,
            9.588905338602588,
            9.58429811534996,
            9.502443346884831,
            9.572376060144407,
            9.542078333857772,
            9.573117189544012,
            9.65611497993515,
            9.634153764389119,
            9.579188519219155,
            9.57733903873727,
            9.563536777523034,
            9.50114753327153,
            9.467159204767905,
            9.53843164186008
        ],
        [
            9.05422404485165,
            9.100859252637303,
            9.053817231649505,
            9.111895535947045,
            9.142324269688219,
            9.198708285183661,
            9.257016860815162,
            9.211470765506618,
            9.202909663476339,
            9.236165460562892,
            9.222997981474487,
            9.259602676645311,
            9.237016288895838,
            9.174965088983667,
            9.164344545084013,
            9.13198980503615,
            9.093107281510335,
            9.059995613005327,
            9.038887565130473,
            9.056860343473575,
            9.073361449661938,
            9.11101662449228,
            9.085866141472,
            9.083060172797385,
            9.151646027658703,
            9.190286456381893,
            9.177920183860113,
            9.149734415485717,
            9.133761120322808,
            9.093843793271748,
            9.152243162689402,
            9.102343644045341,
            9.137652899534727,
            9.15134098680395,
            9.203384623369548,
            9.163608877394253,
            9.19822105645079,
            9.207396990273256,
            9.198567001194357,
            9.257134822670169,
            9.324723109812865,
            9.325390420756486,
            9.367128573755252,
            9.332970394235959,
            9.391684658343118,
            9.425407988955174,
            9.404545775405245,
            9.346764852410413,
            9.313685087260877,
            9.3786524798047,
            9.341674429316155,
            9.298909429551223,
            9.29618364618035,
            9.253241077086214,
            9.198017133694353,
            9.229703220745838,
            9.21015633301947,
            9.207552958788199,
            9.19522756115459,
            9.199434243930172,
            9.223210282261153,
            9.210398369768173,
            9.19811725993256,
            9.24653176582449,
            9.207481571667136,
            9.148689730417049,
            9.152235883960412,
            9.178813111469008,
            9.24495190024098,
            9.245323031293687,
            9.232930981036102,
            9.285520110515481,
            9.218508629704717,
            9.230591442197078,
            9.280772613837009,
            9.340027892190276,
            9.345883772122738,
            9.38959021417262,
            9.432095242806332,
            9.416990795491278,
            9.468766858202695,
            9.503233053024815,
            9.460681760582691,
            9.51852774834649,
            9.486836459100543,
            9.464091256529596,
            9.394667885138883,
            9.32656166939224,
            9.316496512292911,
            9.334482588210175,
            9.3544172761509,
            9.385787386714219,
            9.39551155384151,
            9.36947789178601,
            9.38608904430645,
            9.365493265518882,
            9.303578958704724,
            9.325519123037376,
            9.272598588513846,
            9.296742666235573
        ]
    ],
    "angle": 90293.59999999999,
    "fluctuation": 436.948977,
    "buy_difference": 1.023438571
}