{
    "id": 223,
    "name": "Nabors Industries Inc",
    "record": [
        [
            31.200250760782207,
            31.777944822279775,
            32.077720750302376,
            32.56177916761348,
            32.75084298869655,
            32.67012368981487,
            32.70740761002089,
            33.103889236159404,
            33.60887472391721,
            33.4043283208621,
            33.90007261077118,
            33.74632305560846,
            34.417726913340005,
            35.05488759430515,
            35.016599141645834,
            34.84574403812475,
            34.54292287853498,
            33.969698307061,
            33.88254035266823,
            34.262345159868715,
            34.06005629686759,
            34.534071480602826,
            33.977046880085716,
            34.00377758392784,
            33.808876490914194,
            33.546496091828004,
            33.60123673038817,
            33.73417765999199,
            33.32840623786304,
            33.70559945247053,
            33.0039720421191,
            33.445512193801505,
            33.928383579902906,
            34.35836578986732,
            33.889730543433956,
            33.64628331750856,
            34.1105264747049,
            34.335363918145276,
            33.96980666212368,
            34.04422119778268,
            34.2115912395862,
            34.173293691959195,
            33.73038673388023,
            33.9669353723403,
            33.720035403105825,
            34.02878956794027,
            33.99606833065595,
            33.94405573992437,
            34.24164102118143,
            34.331186970434274,
            34.94711000342042,
            34.783593610680136,
            35.12201812287253,
            34.172622460677175,
            33.69249465112102,
            33.55691891098988,
            33.835908556803744,
            33.578320592770595,
            33.72733527534536,
            33.23329054324124,
            33.14942689696625,
            33.6498515079142,
            34.290524671958195,
            33.749221086667674,
            33.42324018081044,
            33.77560994963285,
            33.76463114607171,
            33.60147516789862,
            33.47647948792251,
            32.93773992678873,
            32.600315967808456,
            32.45431943773458,
            32.65912851544595,
            32.82976764008322,
            33.28141374535402,
            33.15252994179399,
            32.76062528351546,
            32.59155125637112,
            32.83340622612742,
            32.32145237581763,
            32.65885670758037,
            33.01090892657131,
            33.169365640566845,
            33.61795289071418,
            33.8280292657375,
            34.09782599376101,
            33.82862487001606,
            33.569055502085824,
            33.77776156685308,
            33.4004899195111,
            33.05155987452634,
            33.532651440634446,
            33.31511198602828,
            33.631816446663485,
            33.34332844396651,
            33.372550636973614,
            33.17115044538607,
            33.636703496197455,
            34.19210178165922,
            34.68071154047499
        ],
        [
            30.25799845944274,
            30.685687847153748,
            31.096472651312713,
            31.543550248810973,
            31.524238168586027,
            31.68666431291669,
            31.419771722844747,
            31.93730530606948,
            32.41477645962929,
            32.182128927628774,
            32.58493912985874,
            32.66155400218494,
            33.24471296318111,
            33.71509618702374,
            33.9420430918295,
            33.80698257268067,
            33.50982077614997,
            32.94711820765059,
            32.82959931713303,
            33.13109296279588,
            32.77461405775242,
            33.1844296802327,
            32.94100694437411,
            32.80548151035252,
            32.61744874877403,
            32.225826695711824,
            32.42360706434513,
            32.41902393282632,
            32.054600632988496,
            32.41737759176129,
            31.869574620527672,
            32.17364182829708,
            32.68701002416381,
            33.287296810051004,
            32.68565368125024,
            32.597412408807706,
            32.941390198168655,
            33.275030562191105,
            32.87126238113218,
            32.94987626596879,
            32.930277572862856,
            32.945975502183664,
            32.425064740666585,
            32.74048885079592,
            32.596893122039425,
            32.934940682894776,
            32.77511510855307,
            32.77734619173468,
            32.96577600179762,
            33.28434847186544,
            33.681909101427024,
            33.6553587678519,
            33.73596591515945,
            33.12729193086655,
            32.63563246643201,
            32.3291365248918,
            32.62396556056396,
            32.47941349808566,
            32.55179396255871,
            32.23287831584213,
            31.95568899409455,
            32.51602225892918,
            33.12847566080343,
            32.533884105766845,
            32.3748239384797,
            32.52035281868037,
            32.75151474205437,
            32.39145863805045,
            32.46222351008211,
            31.86937688628887,
            31.360586836280287,
            31.241935360556287,
            31.454776935602236,
            31.79039771802587,
            32.1696595378519,
            31.90769935011058,
            31.74254911945685,
            31.408493535446148,
            31.72073654250735,
            31.21051420781694,
            31.621725713022784,
            31.99790158815175,
            32.087057421477155,
            32.3395249275584,
            32.773492707845236,
            32.79461330621443,
            32.701865705986535,
            32.27962020106764,
            32.44798763611106,
            32.16238187316546,
            31.98591692000395,
            32.43848929549888,
            32.27008749611443,
            32.41099759692621,
            32.24564980905976,
            32.12906847036277,
            32.005394844757035,
            32.60776657082032,
            33.06316883551794,
            33.40181122584714
        ]
    ],
    "angle": 90798.59999999999,
    "fluctuation": 1068.331013,
    "buy_difference": 1.035905769
}