{
    "id": 224,
    "name": "Quantum Corp",
    "record": [
        [
            17.120216832469506,
            17.11814652155547,
            17.45929170159425,
            17.195102215175766,
            17.494430252523703,
            17.17530236553596,
            17.438491813432034,
            17.967459195848498,
            18.248147616055373,
            18.00653301510136,
            18.118557243970965,
            18.12250485513977,
            18.068231885592084,
            18.388652329874237,
            18.770694613286203,
            19.43597674665456,
            19.33775881446936,
            19.0706307547352,
            19.599098552764854,
            19.27032529125706,
            19.970718855453352,
            20.13714166523899,
            19.683201724824016,
            19.057535166379942,
            19.056443926710163,
            18.999020491328537,
            18.43318201833749,
            19.225890005390095,
            19.83059884540437,
            19.49543776854613,
            19.64958894759628,
            19.87264115199606,
            20.57528356594726,
            20.81892381111136,
            21.235759105993395,
            21.724383665329636,
            22.02667527160193,
            21.53524712735696,
            21.503620666666563,
            21.44036630781999,
            21.803843785870736,
            21.945845691180477,
            21.595100446826162,
            22.32427223971712,
            21.574739529874456,
            21.739615932669004,
            21.554974000677596,
            21.978717469543792,
            21.595183064697633,
            22.386818299806322,
            21.773573580923564,
            22.0486211375788,
            22.78662869371916,
            22.33013590654897,
            22.184419303145532,
            21.481609791601603,
            21.683569751113414,
            22.259360198714365,
            22.613539635886283,
            22.429387937624007,
            21.989913303620195,
            21.66085363932624,
            21.697691011602977,
            21.271458301778193,
            20.7320909983221,
            20.54891614151321,
            20.100431636876742,
            20.56020516614,
            20.474661716169503,
            19.794673079348204,
            20.496808796386592,
            20.51340952066237,
            20.51698045984275,
            20.11648677022788,
            19.779580798976443,
            20.293777551483284,
            20.495829188569733,
            20.215617614947586,
            21.061308966649186,
            21.748796758313425,
            21.654143508284257,
            21.311364332838895,
            21.155249555994573,
            20.663806951428377,
            21.045080816786324,
            21.237827759440147,
            21.47084428035783,
            20.814493379414877,
            21.453715272413433,
            21.81816328782479,
            22.434670426683102,
            21.676955911493298,
            22.425208378529348,
            21.96271097049766,
            22.60998094393408,
            22.22688615132763,
            21.798610275159966,
            22.12683979255266,
            22.631938310724035,
            22.109139771396723
        ],
        [
            16.32778360532447,
            16.478340792168012,
            16.80673537210725,
            16.502683359750538,
            16.68135536888219,
            16.406446943084735,
            16.69780555477597,
            17.176841740438917,
            17.508063495234243,
            17.267602938159964,
            17.30920242243884,
            17.424154741265543,
            17.34065351558753,
            17.593543759202436,
            17.91791739661995,
            18.554823350379507,
            18.570218642877332,
            18.328388274314015,
            18.77790107737357,
            18.501753132373832,
            19.078628090306907,
            19.339811219780003,
            18.847173173736653,
            18.279134102525315,
            18.185249822606096,
            18.19023425036995,
            17.74779164645254,
            18.343295738918528,
            18.92401308043097,
            18.70476771125971,
            18.82627593690854,
            19.08961033210873,
            19.70924272088894,
            20.032748157132218,
            20.378588431653764,
            20.86629778764865,
            21.015506618359005,
            20.699156173009634,
            20.604684439082536,
            20.58112037880882,
            20.902808451024203,
            21.104398546694117,
            20.792142286297025,
            21.43819356276524,
            20.77045137453297,
            20.810004167227568,
            20.678705447556048,
            21.146621468214875,
            20.708986356526335,
            21.418832675795667,
            20.855010251806657,
            21.16499873669359,
            21.753569459040598,
            21.315648614603614,
            21.178661955924934,
            20.631045109232588,
            20.679915339370734,
            21.27139830006292,
            21.64223373359763,
            21.57156577710151,
            21.074863096831965,
            20.786524239179997,
            20.88252498746926,
            20.482592078673232,
            19.859449921446316,
            19.755082102634365,
            19.323923196255166,
            19.675129761840203,
            19.62659067071266,
            18.999476717258972,
            19.673406069602994,
            19.640155903033346,
            19.588770115167826,
            19.227469541255168,
            18.91488647042206,
            19.35252541985164,
            19.593956522938715,
            19.41907268091041,
            20.106469178154608,
            20.80009102933102,
            20.825970924163876,
            20.459337920974278,
            20.307429989983998,
            19.891479055891768,
            20.147180902162486,
            20.4296784706085,
            20.59799583009963,
            19.922450696942807,
            20.58980898167718,
            20.958474122351934,
            21.426106492465347,
            20.806144031302562,
            21.46413559754289,
            20.958652480822117,
            21.653967505744117,
            21.293455880279605,
            20.971227226400075,
            21.304110274720653,
            21.76636951890021,
            21.252899734148983
        ]
    ],
    "angle": 90523.5,
    "fluctuation": 1975.356153,
    "buy_difference": 1.04362776
}