{
    "id": 225,
    "name": "Gold Kist Inc.",
    "record": [
        [
            25.980083654377115,
            25.726165756357922,
            25.57176105716934,
            25.36333515776711,
            25.073151463103738,
            25.35104605580588,
            25.352349040329905,
            25.48167128914745,
            25.255571928486532,
            25.464893130238725,
            25.316716351981125,
            25.28285128004847,
            24.805111520497057,
            25.115273602514034,
            24.942503551653754,
            25.086702163398126,
            25.238655847957325,
            25.26043315473631,
            25.44908822660955,
            25.606443179787068,
            25.809480275749873,
            25.67418336276849,
            25.6755969448508,
            26.02600719729586,
            26.11837660550215,
            26.20597239683329,
            26.42286343298554,
            26.17325550128915,
            26.270990880716422,
            26.3896773346908,
            26.515382135366174,
            26.878927137611445,
            26.903176186390994,
            26.954660427622237,
            27.056978320176302,
            27.00897727486117,
            26.94193477389562,
            27.081167378593832,
            27.080585816562056,
            27.016595237241674,
            27.45164957733847,
            27.82131683387649,
            27.745285123250977,
            27.81454788602611,
            27.567886240644462,
            27.77488213890212,
            27.869793571389035,
            27.770594623589563,
            27.757179032147977,
            27.62946579723308,
            27.716191489568594,
            27.397537501460267,
            27.38631394641632,
            27.82359236693635,
            28.046915221596898,
            27.571836164942326,
            27.486860892247574,
            27.578608399516067,
            27.412289721059075,
            27.306517206741706,
            27.362015212569005,
            27.17014694602877,
            26.811564941192348,
            26.740542830095215,
            26.809799062684334,
            26.696642999911816,
            26.67848252983849,
            26.914466739517522,
            27.19181861714451,
            27.073849669935985,
            26.93780182353472,
            26.96758483772974,
            26.99564966407029,
            26.744508177593783,
            26.581124542053985,
            26.653346925030014,
            26.720308910977472,
            26.768441429465632,
            26.912265223398062,
            26.82608963722875,
            26.84630402181058,
            26.720290176923406,
            26.551294106518416,
            26.585969155547218,
            26.164090785255585,
            26.14841268832905,
            25.93882200258787,
            25.84484357141078,
            26.25735682044586,
            26.19071345036295,
            26.247842158523802,
            26.44024808835596,
            26.253941401071963,
            26.033570999162823,
            26.112076189875474,
            26.337065762241853,
            26.254055363066215,
            26.70773440313118,
            26.80728829968427,
            26.747348094356987
        ],
        [
            24.815618806767016,
            24.602640514412215,
            24.48197400936795,
            24.248363614905614,
            24.035970077745244,
            24.16638474279018,
            24.124237921366404,
            24.29576109126937,
            24.07537214754253,
            24.19513160211084,
            24.240231034555418,
            24.026952713347942,
            23.7670770785113,
            23.90341510843977,
            23.857985851597604,
            23.90483942041041,
            23.980175238849988,
            24.188768656355023,
            24.240468502844397,
            24.339319484920907,
            24.50789183165919,
            24.530797488691647,
            24.50270070569546,
            24.75785483041219,
            24.997768872688944,
            25.05395854322401,
            25.31712995234141,
            25.05783467515467,
            25.146357947989085,
            25.272641720995303,
            25.410881092810804,
            25.523405810638344,
            25.705057781428298,
            25.798171976338306,
            25.909096060138,
            25.8813156438494,
            25.72663110877871,
            25.9192511524656,
            25.87715817286688,
            25.880816987157903,
            26.168826487468817,
            26.418270197389848,
            26.36181591109832,
            26.58649260809977,
            26.39832890176038,
            26.59387381222717,
            26.674041375158463,
            26.531189102970643,
            26.46536730971314,
            26.38578976320247,
            26.410450548185437,
            26.18002491802612,
            26.219196431157837,
            26.446754009617273,
            26.624541518003223,
            26.365063085450547,
            26.328668957730976,
            26.219117460057387,
            26.068790842081874,
            26.064332739551936,
            26.078169296383013,
            25.843667930131858,
            25.66636574745163,
            25.470589769268184,
            25.57741539870092,
            25.472008055884338,
            25.46232010731877,
            25.72615143532943,
            25.82051797459963,
            25.9096481272404,
            25.650797656918886,
            25.84944050162047,
            25.63934582705348,
            25.633037756340624,
            25.42280953397463,
            25.45106095420188,
            25.479299250022436,
            25.428615830932685,
            25.565240894177094,
            25.63140424005244,
            25.60968134223066,
            25.390459189993983,
            25.346000910397507,
            25.247734847798732,
            25.08178136885733,
            24.847043233816553,
            24.744000713820256,
            24.775740204041295,
            24.948080502245347,
            25.064487613441447,
            25.00378466011386,
            25.119350544743057,
            24.979664118638716,
            24.889135906436387,
            24.896827115748565,
            25.04127221522362,
            25.162967586083344,
            25.3886432966047,
            25.60574694592991,
            25.55361020939639
        ]
    ],
    "angle": 89504.0,
    "fluctuation": 631.398673,
    "buy_difference": 1.048182494
}