{
    "id": 226,
    "name": "U.S. Industries Inc.",
    "record": [
        [
            60.04053564948347,
            60.01451182183084,
            59.21599510541449,
            59.35829284748927,
            59.31528307221879,
            59.37691353985402,
            60.217277190290005,
            60.220907989213316,
            61.18077068791257,
            60.665393794022975,
            60.91120563338377,
            60.534167556903924,
            61.78144227476401,
            60.889108490622334,
            60.70101380947912,
            61.59090460798279,
            62.218584932776494,
            62.07499188728024,
            61.88818486013879,
            63.02228502648398,
            63.31509644987729,
            63.148707857396495,
            62.0113508975384,
            61.63850101470228,
            61.13348050037698,
            61.86625059949715,
            60.7220115283912,
            61.75513158261298,
            62.061458359447485,
            62.25563497372058,
            61.64517742775398,
            62.12567730485237,
            62.065000551494414,
            62.418710209142695,
            62.345384110333214,
            63.40841778186613,
            63.82918166023769,
            62.804370060411976,
            61.530642063071156,
            61.315444447042516,
            60.34239057678067,
            59.88257335798727,
            58.95719095167059,
            59.744692702101005,
            59.518788071381515,
            61.008067982892996,
            61.59905853826784,
            60.507780748370465,
            59.76539305791268,
            60.49959752011223,
            59.17022499671365,
            58.31868694459644,
            59.00482374186548,
            60.2345060988978,
            60.53075217051838,
            60.745864827572596,
            61.15902431892333,
            62.47107701153134,
            63.36642888740353,
            63.62260123860566,
            63.94801642648836,
            64.53185280055149,
            64.51373894419211,
            64.84066966806236,
            65.35203306649892,
            64.15816392538463,
            64.11483549315481,
            64.54738646845607,
            64.17925809544248,
            63.96629310044891,
            64.62174668682198,
            63.91418919501586,
            63.26726051123235,
            64.10537368241177,
            63.79251312874701,
            63.04449274478521,
            63.80046588258646,
            64.81908413943313,
            64.29463037040746,
            62.71857243622318,
            64.166229566672,
            64.1087545919582,
            64.8191775252974,
            64.81614263180913,
            65.27013908845895,
            65.9245695573513,
            64.96790885173476,
            65.77139103735186,
            64.98725345138423,
            65.09405833348114,
            63.4709720746747,
            62.78770484203774,
            62.03122962072201,
            61.13611649313816,
            60.162036265520136,
            59.810607950831745,
            60.46071227286762,
            60.93959709625534,
            60.565094246864895,
            60.37276823988434
        ],
        [
            58.813526009234074,
            58.782132193234176,
            57.64698934676904,
            57.866351778175044,
            57.992466750745216,
            57.87872120320555,
            58.48751515675326,
            58.88969765179449,
            59.45292526452539,
            59.23530011430386,
            59.46341511150975,
            59.29111695686475,
            60.16847617394285,
            59.64475711540558,
            59.371092108405755,
            59.97094035385997,
            60.679004049122106,
            60.73932379667281,
            60.39904205516235,
            61.41984011912547,
            62.064786555859776,
            61.35917318554666,
            60.74406497923193,
            60.095252772491285,
            59.53148868355595,
            60.23904419384874,
            59.4452646054804,
            60.17889485169152,
            60.707816155607254,
            60.964993829610584,
            60.216092572143744,
            60.413266970725815,
            60.396401114052274,
            61.118553747828585,
            60.94888445286738,
            61.91985845913715,
            62.119348553951,
            61.299313936460095,
            60.23689279585493,
            59.93000480667674,
            58.813961312581455,
            58.191391158844304,
            57.74652308347522,
            58.25468128822446,
            58.26149421604697,
            59.40936257844521,
            59.937007658394656,
            59.040041436736516,
            58.41497726281902,
            58.761725737835455,
            57.60243197736266,
            56.96101526833558,
            57.40132052615823,
            58.52755530349681,
            59.09200459750448,
            59.39709667993428,
            59.86107566302055,
            60.91915880434845,
            61.71208256653063,
            62.303621087033676,
            62.371875954583224,
            62.803196793088716,
            62.89221830994551,
            63.36288114849078,
            63.894588517568906,
            62.8848874384042,
            62.82348475541306,
            63.1838668973357,
            62.77313021151925,
            62.640187764819636,
            63.24396563439529,
            62.388778524140804,
            61.84391458367272,
            62.46291061511912,
            62.14565296213342,
            61.34344150919638,
            62.315177204133775,
            63.01987116803645,
            62.528668076513576,
            61.32600336164598,
            62.578454780026455,
            62.28581056337045,
            63.051377695526114,
            63.53619094621458,
            63.661411975829,
            64.18421561760867,
            63.5955060317167,
            64.27882856185782,
            63.20226707666371,
            63.274601994927515,
            62.04304317605106,
            61.22180178630978,
            60.73914422317998,
            59.9167958877388,
            58.76145101740793,
            58.523662627265345,
            58.770763466560744,
            59.212665135294635,
            58.96034233013916,
            58.64437783841441
        ]
    ],
    "angle": 89969.4,
    "fluctuation": 1156.462769,
    "buy_difference": 1.024962562
}