{
    "id": 227,
    "name": "Nicor Inc",
    "record": [
        [
            14.958381167740368,
            14.61742895514952,
            14.776636233333011,
            14.508233050362152,
            14.964418182054457,
            15.056236073393581,
            14.848281959865481,
            15.387187377513943,
            15.095748430894144,
            14.799573948953537,
            14.781698048906062,
            15.011463330574104,
            15.244201443446777,
            15.16242943176023,
            15.597035231688613,
            16.081544655059073,
            16.072844223353353,
            16.39006099695834,
            16.301206724569024,
            15.996755303857844,
            16.012778873745045,
            15.821995452342636,
            15.914978145732757,
            15.907259079911858,
            15.562123004167727,
            15.142716221969218,
            14.919022843595457,
            14.695999456021891,
            15.19983706822508,
            15.164346013350755,
            15.25235103122901,
            15.763282146123169,
            16.100844866980843,
            15.84568379881538,
            15.930199236093587,
            15.707104162328204,
            16.21909334414781,
            16.213617057740514,
            16.178447126928454,
            16.500483806838158,
            16.533970873729125,
            16.377450427843698,
            16.560158671154145,
            16.450024662280914,
            16.289721429223395,
            16.34164090234803,
            15.84822444996903,
            15.629431215445209,
            15.917509365811542,
            15.790873068444553,
            15.24186714339835,
            15.456186823965597,
            15.71391942783315,
            15.539887620896687,
            15.289697666143422,
            15.352928494793824,
            14.877507236138223,
            14.858369668433644,
            14.547240136472492,
            14.458521203123055,
            14.248193871217428,
            14.365794853943996,
            14.772715669973607,
            14.758789156783406,
            14.768122880197401,
            14.508278714082156,
            15.065955949411313,
            15.350702610989318,
            14.943699933405215,
            15.384069993203571,
            15.771277275770798,
            16.05035537556664,
            15.648105897517501,
            15.663479358789635,
            15.816858200446159,
            15.617024684584344,
            15.70888424543844,
            15.686989421004505,
            15.303838116874836,
            14.874978551186928,
            15.14230708906568,
            15.131401654362733,
            14.831794729296572,
            14.369970882360866,
            14.379508161856275,
            14.304225817469657,
            14.702501315505986,
            14.319020339799433,
            14.022247876088008,
            13.908106268305241,
            14.359327329044557,
            14.159085288755522,
            14.208105947964743,
            14.355897939773294,
            14.595453843789478,
            14.620841722582783,
            14.646356848953891,
            14.791583226530348,
            15.192045878020147,
            15.290250753812314
        ],
        [
            14.48722385125944,
            14.117450401503941,
            14.365837386427224,
            14.037206001153628,
            14.475685981449933,
            14.528199159905075,
            14.421003674379907,
            14.820943122344852,
            14.595432236163486,
            14.316225498242943,
            14.28180210827941,
            14.59413615751576,
            14.781793748191264,
            14.676032357701928,
            15.155815901085738,
            15.497460725122371,
            15.580617464427226,
            15.856352846070841,
            15.754642010698989,
            15.42804174689133,
            15.500653731243753,
            15.308315543518617,
            15.382899619473733,
            15.46036873371648,
            15.040339098798102,
            14.692219911382024,
            14.375730306439483,
            14.26022272365518,
            14.72696990678511,
            14.736846635459477,
            14.786732858558384,
            15.213482334033092,
            15.624977339015212,
            15.395884605020562,
            15.45162770767949,
            15.218455913906592,
            15.620680417992377,
            15.747049510284418,
            15.62195692403525,
            15.956799162037495,
            15.99557659786381,
            15.82674871151502,
            15.974599200338933,
            15.858874505755105,
            15.719992432453743,
            15.782686929825175,
            15.384451523848433,
            15.108408285215686,
            15.474993600394168,
            15.232515176996635,
            14.76917111722464,
            14.90966328169862,
            15.225059156398443,
            15.018849247811922,
            14.830367944485147,
            14.878277887408537,
            14.432006976086955,
            14.407665543384944,
            14.097498162561928,
            13.940326720941025,
            13.755353576655047,
            13.934220816592454,
            14.22908380430899,
            14.313974174129418,
            14.274386666062888,
            14.106357512692753,
            14.569538450092683,
            14.891032728352409,
            14.486052930649036,
            14.817940456918029,
            15.27451545406016,
            15.465864126664902,
            15.149159197983842,
            15.121684809190482,
            15.231770074269539,
            15.119069023117019,
            15.156447060679941,
            15.170109105785134,
            14.8336760803871,
            14.422325500291775,
            14.634599231524465,
            14.645999923445752,
            14.307349399672114,
            13.86461950696842,
            13.985369699885084,
            13.893997862335343,
            14.184041620311554,
            13.854136306381992,
            13.533172747197433,
            13.522811576180052,
            13.832284798125192,
            13.663874766476921,
            13.707080297907286,
            13.941389457620254,
            14.066745729262594,
            14.204385032203836,
            14.20493046237819,
            14.371705971959631,
            14.709112351480464,
            14.838340690191181
        ]
    ],
    "angle": 88499.1,
    "fluctuation": 1843.3657739999999,
    "buy_difference": 1.033348943
}