{
    "id": 228,
    "name": "NVR Inc",
    "record": [
        [
            30.18484448969697,
            30.223557618412162,
            30.525278989925443,
            30.29349806887998,
            30.52605374317223,
            30.525439957904165,
            30.499541382093636,
            30.590935955745735,
            30.426464860480564,
            30.410465560604052,
            30.200493565292042,
            30.180887192230866,
            30.025021097534843,
            29.91696367576037,
            30.170124086253374,
            30.03830937935044,
            30.36958939698254,
            30.19026301020309,
            30.354685049617775,
            30.435488713951333,
            30.679475751050685,
            30.53690690929546,
            30.714061015316982,
            30.774761452598355,
            30.9820511298663,
            30.78545031481618,
            30.53714521845072,
            30.70775470983917,
            30.664093954376394,
            30.629066040283213,
            30.847434918576564,
            31.016150920612127,
            30.659303586337174,
            30.547255536991784,
            30.83978885068761,
            30.992440932736454,
            31.067010964191315,
            31.050157847264728,
            30.794071883100973,
            30.612487451753115,
            30.467922662728075,
            30.518305287983694,
            30.884975613565302,
            30.929017421883326,
            30.901884731831537,
            30.754505825229263,
            31.004672871244335,
            31.010860399314563,
            31.097713759884538,
            30.702634514940826,
            30.833467192291668,
            31.169217424370963,
            30.972239682473784,
            30.906762174006207,
            30.764556734233153,
            30.60921204371553,
            30.586714949501033,
            30.584913901961386,
            30.800044539899318,
            30.899992383771536,
            30.739431975195746,
            30.816810174576748,
            30.68774201343979,
            30.61926851260922,
            30.560253376280443,
            30.380001293555623,
            30.498052513362687,
            30.574029532052787,
            30.499268549072415,
            30.508575593564498,
            30.45447480663956,
            30.73645202975616,
            30.634735265676166,
            30.55853296407425,
            30.491831363703536,
            30.221673583901914,
            30.19676763126246,
            30.29828626345016,
            30.350274290829717,
            30.113939974086424,
            29.866343338608214,
            29.91197251722547,
            29.829222651251335,
            29.91818900405755,
            30.305154997312734,
            30.21440134702814,
            30.177163579512474,
            30.342037574757775,
            30.39623169430751,
            30.595773427017924,
            30.64020556809127,
            30.317440629154543,
            30.326059369306527,
            30.439099541739584,
            30.546233689820365,
            30.567573880429283,
            30.496014047626314,
            30.67564529139871,
            30.93246935410776,
            31.070947395277333
        ],
        [
            29.03869182760114,
            29.043913020244638,
            29.237259141694082,
            29.023947197292866,
            29.162338017927244,
            29.21409102160319,
            29.3944713453756,
            29.320627127569256,
            29.180469607645765,
            29.159298297770594,
            29.065399651780854,
            28.864193461706122,
            28.76959344606996,
            28.818533210175026,
            28.813705427515274,
            28.88903413139217,
            29.099754409398237,
            29.102243266222295,
            28.98996871422225,
            29.194958249160155,
            29.408426980646787,
            29.271764757129805,
            29.462176127084835,
            29.53811469601335,
            29.71924314115478,
            29.554284896144477,
            29.395293134392432,
            29.40910051744192,
            29.47020550519397,
            29.263661037747873,
            29.472295307795985,
            29.683721426590584,
            29.48922373501677,
            29.38439650416847,
            29.541446154052114,
            29.72029871933632,
            29.9233522455167,
            29.74889660406721,
            29.66641489521546,
            29.458954763005693,
            29.334542936787795,
            29.368321549800193,
            29.499353202852564,
            29.626918238317778,
            29.794203595421997,
            29.62235124601681,
            29.681615201438056,
            29.70235135282127,
            29.743985603838038,
            29.596149535555508,
            29.650797932271146,
            29.803466755552364,
            29.721713158222308,
            29.679650952749057,
            29.590460007992732,
            29.52388472607262,
            29.389953564280514,
            29.36176829440716,
            29.568295471969574,
            29.56076285548914,
            29.572220999445644,
            29.54597317021056,
            29.38993417312285,
            29.465480301491255,
            29.40574072041796,
            29.305746230082935,
            29.29889397710635,
            29.246012503634535,
            29.276619805285513,
            29.154346072693805,
            29.318654346549504,
            29.457158952799745,
            29.495150258716055,
            29.315917130539727,
            29.187746895662436,
            29.10621312238587,
            28.90242008462993,
            28.98802441086641,
            29.142341976830302,
            28.932780313738682,
            28.729404961717183,
            28.730106970662636,
            28.67645355929216,
            28.831287731498428,
            28.96860752020604,
            29.105050167587134,
            28.93270459928699,
            29.067550959668072,
            29.271391291823836,
            29.416326844493714,
            29.441351264199817,
            29.242458807706637,
            29.069652617596223,
            29.24811388039671,
            29.304117987393145,
            29.32459041190961,
            29.376323183544,
            29.58201687780713,
            29.790773926626766,
            29.942167432727985
        ]
    ],
    "angle": 90010.3,
    "fluctuation": 423.5480160000001,
    "buy_difference": 1.041866137
}