{
    "id": 229,
    "name": "E.I. Du Pont de Nemours and Company",
    "record": [
        [
            15.24208451915847,
            15.253264309583676,
            15.090079626165345,
            15.152115703241531,
            15.080644581234576,
            14.811973958467188,
            15.117098215189626,
            15.368265401523233,
            15.373559241363408,
            15.305923718071321,
            15.453250402311971,
            15.584804447375918,
            15.633893064947403,
            15.69977884031094,
            15.453951172559334,
            15.239441596615304,
            15.49308912003266,
            15.237565444810764,
            14.922954760689425,
            14.953106677286776,
            15.054979086264062,
            15.1011494782611,
            14.838803372455901,
            14.667167930314976,
            14.847451495468452,
            15.101742047964565,
            14.78575420826584,
            14.729832638654672,
            14.858188526261717,
            14.793309256536853,
            14.76694330932849,
            14.525451807197875,
            14.735438881439814,
            14.60781919976566,
            14.86159675814934,
            14.717989011262825,
            15.010895399894961,
            15.187546801493863,
            14.986292763019526,
            14.917980889586072,
            15.106523315725974,
            14.867179107804551,
            15.006816613362929,
            15.249824214135584,
            15.416023092986537,
            15.728870748596012,
            15.478870787467894,
            15.384639178126013,
            15.347501377649452,
            15.221537077310128,
            15.187566084224287,
            15.355554013614405,
            15.125285784016603,
            15.224297204246383,
            15.221895269426476,
            15.208752707616348,
            14.959840102252873,
            15.06281127665201,
            15.31161916016412,
            15.124668198657975,
            14.884609833525818,
            15.113342966833407,
            15.20098984155451,
            15.119690181960054,
            14.915427977766363,
            14.840070595559878,
            15.024929637470317,
            15.192610904736426,
            15.158090468580474,
            15.554536901517974,
            15.20525839765344,
            15.56933608153437,
            15.517364075497015,
            15.25465552476937,
            15.561651739027841,
            15.691194003527754,
            15.47276649567064,
            15.118043322512392,
            14.857352654049935,
            14.629025076132148,
            14.807634626744424,
            14.47565798517593,
            14.740607703748221,
            14.916904894330779,
            15.15025515842162,
            15.42220550881048,
            15.166857793318734,
            15.316720857421885,
            15.54933947488247,
            15.430560909832433,
            15.380060374132592,
            15.53453129629165,
            15.529395496445836,
            15.571997688729352,
            15.58821751320965,
            15.565297023977934,
            15.622934400580293,
            15.638447891081412,
            15.895784029111649,
            15.810555381032831
        ],
        [
            14.567264936827444,
            14.582331908648523,
            14.390277302668906,
            14.500161660370274,
            14.356885300115973,
            14.14911024980536,
            14.424693395632536,
            14.686388217146296,
            14.622610764856226,
            14.565539280202007,
            14.809134531898527,
            14.807299635366261,
            14.989775734318886,
            14.979187571433604,
            14.775671857026623,
            14.610107485153964,
            14.790859048487018,
            14.506275124100144,
            14.285159328720171,
            14.23546827125275,
            14.319592216432424,
            14.409475154871856,
            14.208881282850783,
            13.936830616911196,
            14.17874136737248,
            14.37266790941562,
            14.155242831735931,
            13.983840930091876,
            14.24459879498332,
            14.151116193519773,
            14.125894819719797,
            13.878189476661662,
            14.128337916982462,
            13.966676912100352,
            14.14411623043963,
            14.077654243897365,
            14.306185822483888,
            14.516595923392629,
            14.232977509714418,
            14.229004022254571,
            14.436259410520979,
            14.169216512819778,
            14.338104395386924,
            14.571742657488082,
            14.78236753403231,
            14.98147570538817,
            14.827729714934556,
            14.608391964632181,
            14.586192850903513,
            14.54471330471983,
            14.522433802784846,
            14.691899355851612,
            14.416646054560891,
            14.51391854206352,
            14.497143128881024,
            14.509247719593278,
            14.333411000670006,
            14.324185846118045,
            14.578229432191657,
            14.408860171043964,
            14.252743213694757,
            14.41102142414576,
            14.529445080869673,
            14.358240197578438,
            14.24936115514843,
            14.120812177224373,
            14.298137560849003,
            14.466364990871208,
            14.511701494958375,
            14.78443113491997,
            14.51171823233828,
            14.799972001421493,
            14.750568209880065,
            14.59389813072543,
            14.860774950107785,
            14.999495805060537,
            14.741955941840219,
            14.461753213264586,
            14.220934203018174,
            13.9841493395746,
            14.12093068786565,
            13.872289709881954,
            14.09646250773081,
            14.27507132841467,
            14.394429422614568,
            14.655731424854828,
            14.531760022462683,
            14.679770218623831,
            14.783909416062112,
            14.771070787478152,
            14.612769966975732,
            14.863141384745296,
            14.828487302728083,
            14.92143350617322,
            14.862343066013704,
            14.778463753268438,
            14.831711593630748,
            14.95806676804691,
            15.09825433437173,
            15.084879670594084
        ]
    ],
    "angle": 90059.2,
    "fluctuation": 1152.901004,
    "buy_difference": 1.048106165
}