{
    "id": 23,
    "name": "Silicon Graphics Inc",
    "record": [
        [
            18.12992530297743,
            18.31475580780853,
            18.228105771873423,
            18.238664262171227,
            18.10493504736168,
            18.119663402571994,
            18.152702566435764,
            17.98638103966008,
            17.966740088594484,
            18.1052145781764,
            17.963807037273128,
            17.92941758994839,
            18.064285001489136,
            18.19997072489167,
            18.017571228672807,
            17.808209893014084,
            17.912205270694695,
            18.149109070435195,
            18.154787942637952,
            18.188367036008074,
            18.09777448305607,
            18.102611121804948,
            18.209882413587128,
            18.2201539485834,
            17.95344363646191,
            17.86243521256115,
            17.924928694244386,
            17.826560998702877,
            17.96074585238833,
            17.879671047039615,
            17.754015108028625,
            17.867276121654967,
            17.931153717408478,
            18.02699333461473,
            17.89639001051512,
            18.004320360989183,
            17.95529133520313,
            18.100620408757383,
            18.0298935331317,
            18.12986351566903,
            18.12994304254867,
            18.15983175267077,
            18.08840838118032,
            18.206569910751785,
            18.27330291532565,
            18.071807641585114,
            18.2159700192617,
            18.169824440632546,
            18.261356101539576,
            18.36340190505646,
            18.176637388159286,
            18.32342398722717,
            18.0545039492045,
            18.305091204842583,
            18.171486655142814,
            18.141165127253366,
            18.378855206127753,
            18.22174318366098,
            18.3997417796639,
            18.41297040456812,
            18.380816697813152,
            18.357946489041748,
            18.26521699278953,
            18.277148398526347,
            18.24644554580594,
            18.442094779708682,
            18.52919333733462,
            18.66702819328356,
            18.62575056345547,
            18.642225228128012,
            18.78412725943696,
            18.785107849521882,
            19.012220071122428,
            18.862480436773147,
            19.042362118635246,
            19.027510894549604,
            18.80057809271273,
            18.853744345863575,
            18.82543625621384,
            18.934062185715288,
            19.086856254156924,
            19.151809928271085,
            19.068808657552164,
            19.263077068470878,
            19.065459194042695,
            19.005970213760243,
            19.225730301994894,
            19.133811896353315,
            19.2765997772556,
            19.095159542547975,
            18.92454093707084,
            19.132516809288912,
            19.027792637768037,
            18.875226065390944,
            18.931377314890195,
            19.020631986147883,
            19.223292167669563,
            19.3669968586315,
            19.398056626538082,
            19.654446165372516
        ],
        [
            17.872647064789142,
            17.99915199928447,
            18.034247382068354,
            18.0122098845663,
            17.853358358770084,
            17.82871372195558,
            17.838116003990212,
            17.743539208618138,
            17.797058483178176,
            17.82159997306482,
            17.68946076734111,
            17.770784092819394,
            17.88829898421652,
            17.9238050994235,
            17.76720850191819,
            17.671933876526452,
            17.70574102440978,
            17.863026262093623,
            17.9239972508255,
            17.88918416698946,
            17.896336981899342,
            17.895743536570517,
            17.899648634084723,
            17.906180339630563,
            17.769627697614162,
            17.697289148212892,
            17.730741735135243,
            17.605223365761713,
            17.689974449549258,
            17.627703897012548,
            17.538840395621126,
            17.57162475797358,
            17.673167573234025,
            17.769401859423624,
            17.66182085755845,
            17.784332859670887,
            17.73412895462219,
            17.881244917233193,
            17.7350838584594,
            17.858323741401193,
            17.9695353632049,
            17.894983272508917,
            17.79973415481236,
            17.958961113481006,
            18.068102349482153,
            17.93171246166173,
            18.06749541735622,
            18.009063904001767,
            18.059906375738414,
            18.133585223648314,
            18.024862473915718,
            18.030999129690876,
            17.892967787993264,
            18.01116408702718,
            17.90646819635736,
            17.973442082337804,
            18.089150929677224,
            17.98290960541006,
            18.1079034356036,
            18.131764436457882,
            18.225506648760188,
            18.102854086060287,
            17.968349361070644,
            18.064669376115628,
            18.06325069172526,
            18.122493046588744,
            18.238937188824856,
            18.396618413437416,
            18.348613933625394,
            18.443962621451416,
            18.47698498839795,
            18.585325666688487,
            18.725596924063172,
            18.64133088740329,
            18.738463675114097,
            18.793141564227582,
            18.626758485109608,
            18.623378076769225,
            18.67762207117908,
            18.697103731089385,
            18.774764012876364,
            18.857439800562616,
            18.92478779931874,
            18.93301584130744,
            18.862695436441815,
            18.856738506207403,
            18.91325128654863,
            18.9000235952468,
            19.02584156801434,
            18.88451173344844,
            18.721400160489974,
            18.887408486481274,
            18.772765664039003,
            18.646462525677023,
            18.746943904165217,
            18.808922608218648,
            18.929710829867904,
            19.080734567562583,
            19.20522489890407,
            19.377468206850775
        ]
    ],
    "angle": 90402.7,
    "fluctuation": 512.009589,
    "buy_difference": 1.012673538
}