{
    "id": 230,
    "name": "Unisource Energy Corp",
    "record": [
        [
            17.946078655681287,
            17.810573216686176,
            17.850357331995863,
            17.886086784949594,
            17.879103421769962,
            17.854516603565113,
            17.808246927253364,
            17.76759125869155,
            17.73264611028348,
            17.661682165463404,
            17.588463912971267,
            17.56740955749621,
            17.63223251236385,
            17.484619403660965,
            17.504514063224182,
            17.510050839547556,
            17.45754040066466,
            17.326227691463373,
            17.302454653964826,
            17.381209463501968,
            17.357874778276972,
            17.491051019843578,
            17.525215699418315,
            17.43081026308718,
            17.398750272812354,
            17.47467356212485,
            17.365470884478935,
            17.392750833215405,
            17.45380906232378,
            17.39932360073713,
            17.29505109469342,
            17.188680051400524,
            17.263200350695133,
            17.249712672273773,
            17.314015703260182,
            17.17421231575074,
            17.251523535141995,
            17.185715436391774,
            17.352762145330328,
            17.28656010818961,
            17.38039874835618,
            17.263751610373408,
            17.458909151349506,
            17.38343552212235,
            17.38792556125459,
            17.39852434163244,
            17.34832424460995,
            17.307248919689762,
            17.290618668456254,
            17.39426322679603,
            17.35846434410197,
            17.38521182599642,
            17.31010460515962,
            17.215098680460226,
            17.271063613868858,
            17.413440092726514,
            17.390644467494873,
            17.421851850429764,
            17.347034748788836,
            17.380141352269902,
            17.333197396964398,
            17.33385988892067,
            17.415265441698978,
            17.28991242773216,
            17.3356712219428,
            17.339362527386278,
            17.29440526716974,
            17.42573999333567,
            17.45705737138419,
            17.36118685664665,
            17.368465530166965,
            17.459687369801486,
            17.36052917358195,
            17.37316224265525,
            17.446571302589945,
            17.564030293478442,
            17.58895976680595,
            17.63329128750636,
            17.56619168010095,
            17.55964773117278,
            17.586233721472944,
            17.41778928023196,
            17.424557434829566,
            17.432711554672238,
            17.491260968430726,
            17.443836110821106,
            17.34519364900946,
            17.44054928997031,
            17.411295997751854,
            17.355058078722692,
            17.33835672734062,
            17.395627743248696,
            17.40901040350807,
            17.28817001954815,
            17.29882565777995,
            17.25895681810917,
            17.18098407058221,
            17.211608704689557,
            17.23157777175953,
            17.15586749790025
        ],
        [
            17.26691475560044,
            17.226086262749245,
            17.195444321040263,
            17.15944579045726,
            17.2007546194954,
            17.17710064665128,
            17.10693633782913,
            17.138014346188374,
            17.085471987142217,
            17.029031405118868,
            17.00955655591069,
            16.94322782582651,
            16.936163181768155,
            16.904034319142536,
            16.874112239024583,
            16.855813659049396,
            16.813673713697682,
            16.757635433179765,
            16.694378750317206,
            16.713397835369214,
            16.74953034569777,
            16.773770660413177,
            16.80318571822493,
            16.7477067813732,
            16.787290164633117,
            16.821758201331658,
            16.792215807552786,
            16.724495768685696,
            16.731387388532042,
            16.70078162482712,
            16.673862859472607,
            16.606244855982062,
            16.570123403554838,
            16.557177223742915,
            16.61724138950183,
            16.58228003700007,
            16.547363420628844,
            16.613386751456215,
            16.63783716293128,
            16.609109707517824,
            16.661015563280607,
            16.678772629277976,
            16.73127699682755,
            16.740626726108445,
            16.771801724865984,
            16.76018866292092,
            16.705142284593283,
            16.737597483403846,
            16.68965131962222,
            16.747702489925313,
            16.696531072217077,
            16.678919400907,
            16.64835160656274,
            16.650153326537588,
            16.705960489260267,
            16.75946006752585,
            16.724141242938757,
            16.73909944378255,
            16.73907022859363,
            16.724067082811157,
            16.68556808406738,
            16.719651815820672,
            16.69776535525125,
            16.69566731582532,
            16.633049435085848,
            16.6681627676055,
            16.706710548849276,
            16.737822387678506,
            16.749515754649973,
            16.684143042025045,
            16.753031240611744,
            16.792215928404982,
            16.738665872071113,
            16.79965326474638,
            16.83511830761793,
            16.90270442474014,
            16.950423466472053,
            16.937180159543022,
            16.947148064014886,
            16.883293431174458,
            16.851617134734383,
            16.793874891533044,
            16.75340647969434,
            16.761246522961972,
            16.785679827039782,
            16.761895498450343,
            16.775978987694813,
            16.755391445802534,
            16.765779385982057,
            16.733390754712197,
            16.665531346007874,
            16.703897714789992,
            16.696758086633555,
            16.630579353790917,
            16.63417933661542,
            16.655749097042072,
            16.590482768486726,
            16.52719611809948,
            16.52987917568182,
            16.46874215232988
        ]
    ],
    "angle": 89864.2,
    "fluctuation": 236.34051699999998,
    "buy_difference": 1.039021545
}