{
    "id": 231,
    "name": "TJX Companies Inc",
    "record": [
        [
            0.7158922096339085,
            0.7186183654490023,
            0.7172098547855288,
            0.7113606203301718,
            0.7152293062909806,
            0.7133668430612731,
            0.703924287448733,
            0.7096344757123497,
            0.7060620724969641,
            0.7108544475201662,
            0.7070049325063528,
            0.7090033100841625,
            0.7064256532513922,
            0.7091834738680155,
            0.7060863646332679,
            0.7065694976720708,
            0.7050697396877881,
            0.7032006164411038,
            0.7058311147006919,
            0.700458858885469,
            0.7034531496551436,
            0.7030812261259068,
            0.7054361607117842,
            0.7035057928122384,
            0.7060888260546395,
            0.7053157530499761,
            0.7099146677495086,
            0.7066840024761838,
            0.7077291597158379,
            0.7152750772880687,
            0.7117024923557432,
            0.7144325546770556,
            0.7109508826921357,
            0.7129896925987819,
            0.7164444739803862,
            0.7151152632898025,
            0.7152215709032601,
            0.715169448020594,
            0.713536336551356,
            0.7114543207773618,
            0.7107855409076618,
            0.7102410530991271,
            0.7119463900604202,
            0.7074848499560559,
            0.7115865513649249,
            0.712389785970944,
            0.7091771229142819,
            0.7082348347699344,
            0.7122615428242212,
            0.7128201387037916,
            0.7103840229839999,
            0.7112668683837797,
            0.7093488140603108,
            0.713450193724218,
            0.7087762441284943,
            0.7121535841898803,
            0.7124637932038311,
            0.7127239836953925,
            0.7173635619626225,
            0.7132059387920175,
            0.7204024257906095,
            0.7211137237620249,
            0.7141541391644654,
            0.7178877290694038,
            0.7117638749405715,
            0.7124970837454444,
            0.7099763233199624,
            0.7143425831861879,
            0.7160135513660323,
            0.7173233278199667,
            0.7192919961210792,
            0.7143420884494082,
            0.7123836577396959,
            0.7136004679469362,
            0.712092748258698,
            0.7140570738075938,
            0.7164190547112543,
            0.7185284705400519,
            0.7198670560939803,
            0.7180400071790611,
            0.7152212969858369,
            0.7142067272055025,
            0.7178063405465223,
            0.722191618389953,
            0.7149259875569692,
            0.7221832448027744,
            0.7199185851112672,
            0.7186526028137384,
            0.7227430744882049,
            0.7222642895994232,
            0.7185224510193174,
            0.7248175498536817,
            0.7216213933793925,
            0.7230970186575426,
            0.7265463764784477,
            0.724027089795651,
            0.7233820609816367,
            0.7252212489059848,
            0.7232362416757974,
            0.7286869347593029
        ],
        [
            0.6850761105690568,
            0.6830245049961936,
            0.6808037133524164,
            0.6812864754131135,
            0.6789236990712878,
            0.6774929377616211,
            0.6746387668151475,
            0.6745528226909175,
            0.6757369230370386,
            0.6780101359018569,
            0.6756222945811238,
            0.6729467595025495,
            0.6759492234385402,
            0.673922604884854,
            0.6755567929696242,
            0.6740579929137813,
            0.6744488017858576,
            0.6737420849521863,
            0.6711381647163058,
            0.6685629057761755,
            0.6694778090478913,
            0.6701269325829619,
            0.6707626234717471,
            0.6730202811305163,
            0.6742064063788904,
            0.6734682403676039,
            0.6748864297531244,
            0.675654114105063,
            0.6783535135058987,
            0.6813406834655517,
            0.6808617873234644,
            0.6804022148394893,
            0.6788489238812467,
            0.6816829267832567,
            0.6829320806083298,
            0.6827569101759736,
            0.6808816761956235,
            0.6817848396508462,
            0.679616552630181,
            0.6768898986352296,
            0.6778766186084665,
            0.6764103657300728,
            0.6768179038850897,
            0.675877739723926,
            0.6780303155027496,
            0.6795424966363359,
            0.6785819899205966,
            0.6785654094397794,
            0.6763085250568546,
            0.6786632882197464,
            0.6783755789641132,
            0.6769141412293994,
            0.6767771221569633,
            0.6790597801197947,
            0.6767047262018676,
            0.6774200302707477,
            0.6802254168402088,
            0.6828664986111828,
            0.681628057623692,
            0.6825739624657896,
            0.6855400596548183,
            0.6849184474753169,
            0.6821124215226133,
            0.6817185900001934,
            0.6809888206186018,
            0.6783557133794701,
            0.6792104195854732,
            0.682224085792795,
            0.6826577781461267,
            0.6822695822376343,
            0.6848934008685644,
            0.6820187208348247,
            0.680694062357482,
            0.6809697981799164,
            0.6807571201719304,
            0.6828403505447391,
            0.6806627856900105,
            0.6834839970893917,
            0.6840749953853744,
            0.6840427606297133,
            0.6853969071317889,
            0.6830519516027179,
            0.6839567985329162,
            0.686215604160981,
            0.6848386552722111,
            0.6863444105640296,
            0.6885146496440475,
            0.6870971834681913,
            0.6893494608711329,
            0.686832095398023,
            0.6886988087046266,
            0.6896039050172924,
            0.6895208675926284,
            0.687761127657876,
            0.6900784159263303,
            0.6902290005332864,
            0.6878950321535525,
            0.6898503515161594,
            0.69217346691707,
            0.6934236571682166
        ]
    ],
    "angle": 89827.9,
    "fluctuation": 254.85552800000005,
    "buy_difference": 1.048547068
}