{
    "id": 232,
    "name": "Ecolab Inc.",
    "record": [
        [
            44.9731019933951,
            46.11163748191661,
            46.69487040618344,
            46.48600134862404,
            47.52135709468948,
            48.29218222530914,
            48.03578719210067,
            47.98365878766738,
            49.13718766431851,
            48.14072818604123,
            47.24424522206161,
            48.26554509258104,
            47.78292514723824,
            48.00841772057579,
            47.90091199622511,
            46.93595922297629,
            47.12200708636263,
            47.51822853083941,
            47.17443905688442,
            48.45478905066167,
            48.51515180566831,
            48.88855394525415,
            48.750385756039044,
            47.86482662339038,
            47.970306486896995,
            47.34709408545864,
            48.555945742226776,
            48.234185048543075,
            47.50929539870779,
            47.28205986419857,
            46.327470066288576,
            47.27601903587633,
            48.802823178687,
            47.98856802996987,
            47.20113711491801,
            46.245535621813175,
            45.082190411050746,
            44.255572854632355,
            43.95874275625703,
            43.86990833737335,
            43.05646317436491,
            42.84005533358115,
            42.73395348825419,
            42.025635442703184,
            41.86792627034534,
            41.568299313380365,
            40.95285558036193,
            40.07127157976237,
            40.75532679290296,
            40.83894478062707,
            40.665503011032236,
            40.74671102608632,
            40.20560155394773,
            39.85501318964504,
            40.488197225746276,
            39.77949781457042,
            40.790972584529285,
            39.950953316700385,
            40.72480613093515,
            39.77912116563631,
            39.49722652484575,
            38.51972446796769,
            37.662622396722355,
            37.72919372617891,
            38.54381290919579,
            37.54916755682714,
            37.3640061824575,
            36.46313307088715,
            36.12435470544896,
            35.6309955299226,
            35.62287144908298,
            36.0572152370406,
            36.226105564670426,
            36.55038710169215,
            37.24167088244344,
            38.34322871632738,
            39.03459143236021,
            40.16524568983753,
            40.884116525065735,
            40.742936362678115,
            40.78835073104022,
            41.2517017271225,
            41.46413886680541,
            41.516748466135,
            41.877432453297175,
            42.457159489952716,
            43.61454351393868,
            44.26356355393414,
            43.875488203640316,
            43.44126607326647,
            44.54497448395691,
            45.39936758714198,
            44.7351111599536,
            45.65075390980724,
            45.56896665916446,
            46.10164861649059,
            45.69414963931368,
            44.48826091624848,
            43.41589288488275,
            43.51961477849327
        ],
        [
            43.33087839132117,
            44.401209403572075,
            44.86420570386439,
            44.75274530996263,
            45.854836966933995,
            46.35269034137357,
            46.19860330741789,
            46.35661546022768,
            47.48054815801939,
            46.49903765909675,
            45.464553620376776,
            46.61025640259424,
            46.09800237116503,
            46.306274021948425,
            46.08268102491256,
            45.25372548750981,
            45.21600325520489,
            45.897766427840274,
            45.41097858587418,
            46.56441020367177,
            46.72023705205403,
            47.358991233285174,
            46.87184054339319,
            46.297497763208554,
            46.3762541287941,
            45.750806827297346,
            46.9424326029798,
            46.65944391700141,
            45.77446095848798,
            45.42837449590462,
            44.71624785031248,
            45.67754884006907,
            46.91757728712692,
            46.07044533328677,
            45.45029601145888,
            44.41035266927125,
            43.39694173982478,
            42.823618251497166,
            42.54066325270795,
            42.476017874631694,
            41.70936747882599,
            41.32115648839695,
            41.396948064370186,
            40.454645975654536,
            40.15844951867396,
            40.150741129793175,
            39.308122885294964,
            38.693132525617386,
            39.10295140998964,
            39.37917350139229,
            39.133632751557165,
            39.17267156375327,
            38.873469234861645,
            38.258181431595354,
            39.111391950538,
            38.41139350114949,
            39.305391267906266,
            38.434488230198255,
            39.17896700758399,
            38.457261737561495,
            37.91850622200141,
            37.07238704296556,
            36.33819909841516,
            36.475453347326756,
            37.18840214451747,
            36.36341325808637,
            35.95291382219666,
            35.03709447868534,
            34.70810532991667,
            34.43316352706982,
            34.37017692338597,
            34.852043288285294,
            35.085656991626486,
            35.3181062545089,
            35.96805459482785,
            36.85835914502014,
            37.59042890878622,
            38.567507158026444,
            39.399081691832016,
            39.40485874583306,
            39.25577210197345,
            39.932977553483326,
            40.14668756812107,
            40.09693013354144,
            40.19556726061877,
            40.94364179427905,
            41.94645517469354,
            42.766948810474226,
            42.1721719767374,
            41.7381583928595,
            42.81139854883974,
            43.73720663327136,
            42.92565314807669,
            43.79989936126427,
            43.86114104736194,
            44.2281105286769,
            43.915850760303506,
            42.85089149057002,
            41.83889627275182,
            42.06502050084651
        ]
    ],
    "angle": 91381.3,
    "fluctuation": 1536.9202810000002,
    "buy_difference": 1.037484621
}