{
    "id": 233,
    "name": "Questar Corp",
    "record": [
        [
            25.733962939483202,
            25.692423227018665,
            25.49188470599054,
            25.427482026778645,
            25.2372872589369,
            25.295089908266092,
            25.478508472552836,
            25.801296936456875,
            26.32010604123175,
            26.44174491856595,
            26.924886809724395,
            26.72944403313737,
            26.419083004139935,
            26.418012608922247,
            26.648527166552526,
            27.28518387374714,
            27.237848109410812,
            27.183405500809418,
            27.08782993251901,
            27.07960611728205,
            27.010320694725205,
            26.681146914549664,
            27.29364095919158,
            27.10301322035971,
            27.272122607031587,
            26.744918246285945,
            26.469345991895008,
            26.689028098370862,
            26.358744189123474,
            26.163348714985172,
            25.76106545471712,
            25.54710217924613,
            25.62721961794279,
            25.490736867832194,
            26.032307507275018,
            25.965570906394298,
            26.378546973659017,
            26.538112599429418,
            26.32444786988169,
            26.619627454066624,
            27.087335154261396,
            26.528887468020006,
            26.2402457630975,
            26.281823601389053,
            26.079563313067485,
            26.307633145454876,
            26.028032345533205,
            26.256819832749386,
            26.727825079509646,
            26.26023970263937,
            26.13151287793471,
            26.287629274230284,
            26.007523026985172,
            26.027783490081948,
            26.28874091732741,
            25.74846753311482,
            25.841593696271623,
            25.75413648985838,
            25.926806874016442,
            26.070938655669348,
            26.188211353606917,
            26.13197430198197,
            26.11861974677698,
            26.532486981370095,
            26.284548950929295,
            25.848266908364298,
            25.70937701724445,
            25.88597305466045,
            26.091477245803464,
            26.322121611044572,
            26.558303347116492,
            26.49921062125078,
            26.427763879063722,
            26.356882043797853,
            26.124306586613397,
            25.753963281356658,
            26.020284574060472,
            25.917418805698485,
            25.872782057954755,
            25.421347650451455,
            25.46993417108831,
            25.321585991101177,
            24.99171007280504,
            24.576436579097876,
            24.97777893742349,
            25.210946017872313,
            25.157178189822343,
            24.880744822397038,
            24.53996169725016,
            24.07414960323338,
            24.275473740832958,
            24.38923205695754,
            24.147612186783444,
            23.857681623995926,
            24.154578764684945,
            23.88068616486589,
            23.68599684263903,
            23.67399294347752,
            23.160702105613613,
            23.50622889484153
        ],
        [
            24.683859290795024,
            24.59217928621869,
            24.47130908650781,
            24.375205243513207,
            24.192881390231058,
            24.260459917453492,
            24.47075906240712,
            24.765846121420136,
            25.02753596491401,
            25.200874848661197,
            25.625564453934267,
            25.5106914874235,
            25.139162072154818,
            25.195845859674385,
            25.53291317422604,
            26.025496855887504,
            26.014100660369454,
            25.993277288908498,
            25.870822529921252,
            25.75229970823561,
            25.871778811206966,
            25.61038619322527,
            26.054367465805697,
            25.85173655473259,
            26.04163006366353,
            25.57142895285156,
            25.368863739025063,
            25.633399102173158,
            25.21481280437633,
            24.957945013051475,
            24.699939189701105,
            24.5169275851185,
            24.571606608312656,
            24.37227740870454,
            24.810651699921202,
            24.786598712356934,
            25.228705384827755,
            25.450085788404646,
            25.28069831263547,
            25.543638657223262,
            25.780173479880638,
            25.415733873557976,
            25.02880086002598,
            25.083480703553775,
            25.035459795769754,
            25.155847494690356,
            24.888488016042686,
            25.14499900378302,
            25.606324051798847,
            25.155836694972198,
            24.957471077880932,
            25.096540848938982,
            24.8117752807214,
            24.8311042286154,
            25.18061514060599,
            24.725070590378376,
            24.673179927317932,
            24.58230899004213,
            24.876324621733914,
            25.019640607863792,
            24.9642186199444,
            24.865962877665588,
            24.88298704636371,
            25.30249914704098,
            25.237309047227935,
            24.80096687749505,
            24.571490750659645,
            24.762559253552133,
            25.059483130739228,
            25.232821560476385,
            25.274154224336574,
            25.29600840401393,
            25.273247575734676,
            25.240824172754618,
            24.985547343253156,
            24.6091813168868,
            24.774485210091516,
            24.669170980238246,
            24.663531956412065,
            24.403596004165824,
            24.226347447104015,
            24.22994203135195,
            23.8593395465235,
            23.549929723007455,
            23.989834842577636,
            24.114413558903514,
            24.1378791556477,
            23.786670184673916,
            23.400007862666307,
            23.101051263998247,
            23.303597516809972,
            23.368201199425176,
            23.04888243412745,
            22.80175062052242,
            23.15962543122676,
            22.936135292806647,
            22.655790981162273,
            22.51585320952602,
            22.184429750429032,
            22.44116529147049
        ]
    ],
    "angle": 89786.4,
    "fluctuation": 1098.660889,
    "buy_difference": 1.046413849
}