{
    "id": 234,
    "name": "Tenneco Automotive Inc.",
    "record": [
        [
            31.713867378938925,
            32.017082670432856,
            31.787314295997376,
            31.85286401896493,
            32.328085954999985,
            32.54513002943384,
            31.831991726122222,
            32.928358695534264,
            33.32590256809889,
            33.079886471351195,
            32.53851261391966,
            31.962205855741704,
            31.38693209636561,
            31.238287078030286,
            31.588583215109743,
            30.893191532591313,
            31.47871599841004,
            31.255453668626117,
            31.52904271031558,
            32.033588293883035,
            31.99408260819191,
            31.554458510714703,
            30.842912930448904,
            30.98588585453013,
            30.492800148244683,
            29.891070209288518,
            30.060525730262665,
            29.432445807252314,
            29.275241309701467,
            29.895830506058985,
            30.812598208496127,
            31.583375600494453,
            30.97646404934265,
            30.863708362505882,
            30.614470086698343,
            31.267475323116074,
            31.64973008018465,
            31.04334890921938,
            31.55254929036626,
            32.245260485401424,
            32.16719221575,
            32.034776611316744,
            32.405802882264375,
            31.40589603027209,
            31.155999424510295,
            31.268762419925064,
            31.559539221690255,
            31.614960251627885,
            32.192238663719664,
            31.573405351969814,
            32.373593341430066,
            32.278448788556815,
            32.712369101963795,
            32.53002577884161,
            32.57942869061451,
            33.29820054445134,
            34.31730938166284,
            34.304183636486194,
            33.53146633547515,
            32.935939537821625,
            33.17949552725174,
            32.390310538804144,
            32.56993815265802,
            32.050997552707365,
            33.02923355556983,
            32.59265229906327,
            32.8844744205697,
            33.78716800322935,
            33.54250889937584,
            34.22937811092543,
            34.94262894435327,
            34.06513670036426,
            34.22325738986495,
            33.32978213184711,
            33.94701855301408,
            34.490029936957754,
            35.02634689488501,
            34.14467029335476,
            33.83966277232408,
            34.682408796747225,
            35.59560889672625,
            36.475229513465,
            35.56095086127287,
            34.90385937493971,
            34.55695197293445,
            34.235647622303404,
            33.39079783926517,
            34.248565873735,
            34.572671282450756,
            35.376405934579594,
            35.10001876616721,
            35.09271061546802,
            34.81391565156546,
            35.04774416235051,
            34.76426448322091,
            34.459920436311066,
            34.270792859782354,
            34.74287972243032,
            33.98822003492608,
            33.83614158389548
        ],
        [
            31.07966093423321,
            31.292331750156748,
            31.292440981381976,
            31.22524458892727,
            31.84078451576344,
            31.773572686717664,
            31.355319196854243,
            32.13811205562212,
            32.552048006327034,
            32.50937986070765,
            32.04159940690161,
            31.22312917375794,
            30.642832505969647,
            30.687233171497216,
            31.059367838883883,
            30.345183713870423,
            30.920321684497075,
            30.557084802689126,
            30.895443110381272,
            31.512724525238248,
            31.49282706902525,
            30.926532230970857,
            30.13572549085628,
            30.269385065784356,
            29.746193509941023,
            29.396192017159457,
            29.477066893834305,
            28.86984295402575,
            28.6439761550602,
            29.412678711392235,
            30.172279721990105,
            31.023124751940646,
            30.375227336682652,
            30.328381640007255,
            30.026267742241238,
            30.62994496861341,
            30.998209172265113,
            30.49573377764818,
            30.789188573931607,
            31.628890521759104,
            31.373343297679124,
            31.347136695978428,
            31.78954564146103,
            30.885938299055606,
            30.456814668435836,
            30.57924708140478,
            30.925326771642357,
            31.057261703431887,
            31.539005107359063,
            30.929637215947135,
            31.67551809105804,
            31.47872166477054,
            32.01977496718172,
            32.00430228932632,
            31.97907435764757,
            32.79298051611321,
            33.6916788755128,
            33.729472788402944,
            32.956476199812,
            32.16472908685743,
            32.6007332273409,
            31.860448615920568,
            31.93457789878035,
            31.40376913243621,
            32.255838581482585,
            32.07557606975756,
            32.130476660362255,
            33.068515409772225,
            32.80940208177331,
            33.67957189261032,
            34.419375751104006,
            33.5011524352687,
            33.54893242855941,
            32.69268147607434,
            33.20838496147655,
            33.658952980602216,
            34.17554092127044,
            33.48864145926456,
            33.11328021857099,
            33.91085100188175,
            34.873315351585674,
            35.717235539734425,
            34.76291275583643,
            34.12056733315318,
            33.89300188298652,
            33.514149332610714,
            32.841273296667644,
            33.42330727181694,
            34.01052221282144,
            34.69671150086059,
            34.33287093197724,
            34.36688044925731,
            33.995344170289854,
            34.19641843933035,
            34.0078489089842,
            33.75055076419633,
            33.47166135262058,
            33.90571005955902,
            33.33853330168728,
            33.19600635566676
        ]
    ],
    "angle": 90389.4,
    "fluctuation": 1682.582272,
    "buy_difference": 1.020303805
}