{
    "id": 235,
    "name": "Engelhard Corporation",
    "record": [
        [
            22.055078355406867,
            21.823192660114177,
            22.064534637994804,
            21.697403002669954,
            21.88151546119063,
            21.94731527888233,
            22.056866756059232,
            22.51815719139158,
            22.79327306297797,
            22.63730910101775,
            22.634817693723182,
            22.773981626176273,
            22.611805511554977,
            22.72150699283686,
            22.856189504302648,
            22.718893613652504,
            22.61054290968095,
            22.765681432061264,
            22.7978000144829,
            22.792786401874583,
            22.57249888180456,
            22.670330959294844,
            22.864188238565035,
            22.760379119146172,
            22.45397419074585,
            22.459248180534928,
            22.4742375165192,
            22.143313712908203,
            22.62825305344064,
            22.422699625774968,
            22.840599020897287,
            22.529745867230588,
            22.29356609595997,
            22.424375483424747,
            22.697925358712304,
            23.109545990596025,
            23.213232727273194,
            22.733832422030652,
            22.570681011533505,
            22.546300927834185,
            22.793447944065086,
            23.005897743947045,
            23.1122518790349,
            23.271968083740546,
            23.1042552815636,
            22.830636235876263,
            22.5814478066508,
            22.567141589063485,
            22.623083309580103,
            22.534499343006875,
            22.1648978074949,
            22.29069553257905,
            22.365321770084194,
            22.48067563539884,
            22.803276776644818,
            22.472785523219258,
            22.99311639622083,
            22.76551162014257,
            23.131511002388766,
            23.16553637280192,
            23.177480532910185,
            22.8850715514193,
            23.19633966695051,
            23.417293419506393,
            23.9451916650094,
            24.14002001436827,
            24.61669628757043,
            24.542683058959103,
            24.737924154824515,
            24.86485975731468,
            24.635998990879433,
            24.362975780285787,
            24.064269703963927,
            23.914640610635328,
            23.51965382343054,
            23.449661681579677,
            23.741553354927234,
            24.18747257836526,
            24.273430934189474,
            24.067453997920076,
            24.29798029573328,
            24.530408433870235,
            24.870469824519464,
            24.990134322839026,
            25.277416440301796,
            24.79943231536156,
            24.71870059191472,
            24.45058960928199,
            24.559915646313772,
            24.497305010320297,
            24.306435800863827,
            24.307698473039082,
            24.03029018890152,
            24.057822123229073,
            24.210084067495323,
            24.011758137435383,
            24.251718260645596,
            24.34158993656124,
            24.566064735440566,
            24.4870506978156
        ],
        [
            21.64448944381756,
            21.534890672932054,
            21.632223643801005,
            21.3636920697333,
            21.50628859677155,
            21.66605297208399,
            21.724139872918446,
            22.076958358851535,
            22.395709311414308,
            22.24468395398483,
            22.33355677409146,
            22.37006207856212,
            22.317555528595285,
            22.477616006047498,
            22.475458516914728,
            22.3048331566048,
            22.245004125007682,
            22.42898811615465,
            22.458386066374885,
            22.431020561243187,
            22.343667377720887,
            22.429241224139606,
            22.42067143598653,
            22.43947028044984,
            22.228577375538844,
            22.127086862840986,
            22.255345426446326,
            21.88365746666647,
            22.246878462777257,
            22.186471129996022,
            22.39531096645626,
            22.232109741967292,
            21.97484145752006,
            22.148094615968787,
            22.456542168359643,
            22.704201677560842,
            22.82883255634844,
            22.492067374686084,
            22.3463578615633,
            22.306530201540788,
            22.541994990863127,
            22.763525116707743,
            22.738602095539097,
            22.936960902360465,
            22.787618497648857,
            22.416772863332564,
            22.27197593999678,
            22.253410647498814,
            22.35555892106555,
            22.201225097351866,
            21.902791592736513,
            21.923760360327837,
            22.13859054963925,
            22.252775000852246,
            22.427903819811732,
            22.24273032369101,
            22.619134119562265,
            22.35060153223686,
            22.721250310469284,
            22.84805975019045,
            22.843833529060653,
            22.650795756078296,
            22.86928402409152,
            23.156634059294355,
            23.54867059976194,
            23.794897160631287,
            24.14879791737555,
            24.085783592891733,
            24.296749938178074,
            24.38010780246649,
            24.371557987634286,
            24.045937620527464,
            23.69178830783174,
            23.52097309321919,
            23.24385837998989,
            23.218935701852043,
            23.423216593936935,
            23.79168876967317,
            23.871474381663727,
            23.598247837596627,
            23.82427991848685,
            24.162783593500972,
            24.549286696511235,
            24.556701394963515,
            24.78955523762337,
            24.481619159097324,
            24.37018049655476,
            24.11550172333398,
            24.187012644512958,
            24.156740719696565,
            23.942167525212106,
            23.988976660396215,
            23.77951332345053,
            23.66888555076643,
            23.77832330994046,
            23.775501576617078,
            23.952923506548593,
            23.95045722197125,
            24.09672962045799,
            24.081556702891564
        ]
    ],
    "angle": 89708.4,
    "fluctuation": 977.381514,
    "buy_difference": 1.014910034
}