{
    "id": 236,
    "name": "Burlington Northern Santa Fe Corporation",
    "record": [
        [
            14.105484110970295,
            14.013615603568333,
            14.087832354873195,
            14.08357912556791,
            14.000609582892453,
            14.128910464208266,
            14.072963383049311,
            14.077560062762354,
            14.156703009808304,
            14.148578355857165,
            14.141560285487124,
            14.141596506856324,
            14.143956847958894,
            14.142664544899949,
            14.043475306803503,
            14.09880443052192,
            14.150871998692168,
            14.095148807207096,
            14.138353637524814,
            14.155233187958677,
            14.129781628330644,
            14.2599253779976,
            14.150809714059275,
            14.229841953035999,
            14.238247320324916,
            14.158044000881702,
            14.192135421900254,
            14.185521349067244,
            14.159156732373713,
            14.102573313582289,
            14.16508044522871,
            14.129980603771486,
            14.249028731352846,
            14.261923453021021,
            14.174931069958895,
            14.253673686017578,
            14.25829534458413,
            14.26880601053402,
            14.24893769086888,
            14.270836156428674,
            14.230016603176727,
            14.305192958998969,
            14.265653758484346,
            14.23552234208224,
            14.195242328665811,
            14.239927503854583,
            14.19581346520074,
            14.15253163181155,
            14.154266370368834,
            14.205581587700008,
            14.165017129459345,
            14.251907956902997,
            14.251128746542529,
            14.15869284026452,
            14.140324333154473,
            14.263562368505827,
            14.162251144471199,
            14.114130583817502,
            14.200687342087924,
            14.069582966928618,
            14.095180936164418,
            14.112732311197616,
            14.082773808331819,
            14.162234377625653,
            14.172086742544511,
            14.125497897779073,
            14.078790748798593,
            14.120943022791623,
            14.089583757513788,
            13.994207499803318,
            14.040384187975254,
            14.041439315905954,
            14.070328213886535,
            14.010932150792845,
            13.973736630696305,
            14.031454224136025,
            14.016213982070958,
            13.955001164320091,
            13.945983943836005,
            13.973395098572938,
            13.984674658108823,
            13.947178954987422,
            13.884051452983817,
            14.032813389836965,
            13.933600476337617,
            14.022984022144268,
            13.926508656922813,
            13.943828759408271,
            14.096044299614864,
            14.065453823663278,
            14.020158918743265,
            13.965366347670587,
            14.120123373963228,
            14.052929493266927,
            13.981592880678287,
            14.091405870569659,
            13.988686329707328,
            13.918153126387612,
            14.02569621614699,
            13.922584041638462
        ],
        [
            13.543952344816786,
            13.53138824747061,
            13.568995795390059,
            13.558110647686446,
            13.528336694099709,
            13.548862478429276,
            13.579151168015047,
            13.604058149204976,
            13.58499508285887,
            13.570428892753108,
            13.558289426974236,
            13.54077729385909,
            13.560587142853255,
            13.563404182956178,
            13.52085643489314,
            13.515949760244027,
            13.555056440357834,
            13.586927573043205,
            13.579580313388934,
            13.612104442406437,
            13.647667173560894,
            13.64864385003188,
            13.651526845516132,
            13.652456138726773,
            13.657795705071802,
            13.650291065976717,
            13.65851538470144,
            13.641230462932116,
            13.667804714977917,
            13.624123535893427,
            13.636571094426687,
            13.634167687158346,
            13.64772113230533,
            13.650556273390167,
            13.661094926341319,
            13.660331989477289,
            13.651159069777059,
            13.669386255257333,
            13.714554184171305,
            13.701354003801343,
            13.733448988131022,
            13.704244620620933,
            13.67862814494839,
            13.716740940803192,
            13.684783571635172,
            13.700397911776202,
            13.659321630247764,
            13.676508032589261,
            13.638446159122354,
            13.640064994620081,
            13.637875157044398,
            13.64232769308631,
            13.65925401462479,
            13.65365393620311,
            13.62091856377929,
            13.660281136620565,
            13.621576894296414,
            13.584802801003121,
            13.600065426466877,
            13.581339344417422,
            13.553001334347814,
            13.540098302715855,
            13.545133775576616,
            13.553791808518493,
            13.578082475706013,
            13.620277475150903,
            13.594320628316805,
            13.57505826944271,
            13.535441210919513,
            13.518076403979707,
            13.53820798968167,
            13.498628001870092,
            13.477903912297283,
            13.500335430858872,
            13.506440885920385,
            13.475560086222064,
            13.475724723257917,
            13.458577284401153,
            13.45392794076382,
            13.44261935604704,
            13.46828854549292,
            13.451033335991628,
            13.413015338978788,
            13.444646581325394,
            13.43524356372966,
            13.464736540331646,
            13.43783545424453,
            13.472117781308144,
            13.498504218887803,
            13.533888573823841,
            13.509225950128592,
            13.499707131682243,
            13.52425556821094,
            13.482722026052654,
            13.454542917861788,
            13.494062415733323,
            13.460022296751173,
            13.448661684265641,
            13.482145955068686,
            13.458351352859582
        ]
    ],
    "angle": 89946.8,
    "fluctuation": 190.298405,
    "buy_difference": 1.039692486
}