{
    "id": 237,
    "name": "SouthTrust Corp.",
    "record": [
        [
            2.2450728716280928,
            2.271239376745608,
            2.2867773289629763,
            2.2745322592248076,
            2.26513516539835,
            2.276145940269699,
            2.2991923876284996,
            2.26107462241545,
            2.2600471191885125,
            2.2721080120158033,
            2.2582623102363355,
            2.2727623423439676,
            2.268296849821175,
            2.25179609493161,
            2.2537803257761277,
            2.246037598281496,
            2.23362124473273,
            2.2497026301588976,
            2.243490599531414,
            2.248707532760438,
            2.2475777422475796,
            2.247360349652463,
            2.250635172279063,
            2.2623146644388457,
            2.2689046139197284,
            2.2527235805481687,
            2.2682753682222963,
            2.2650214610394683,
            2.2634273354555123,
            2.2433491570883684,
            2.252458789831143,
            2.274756824526508,
            2.2687800507221523,
            2.276104864555279,
            2.258744829337895,
            2.2560090560785,
            2.262494666345709,
            2.2908785900543225,
            2.290980493364898,
            2.285585161933859,
            2.2840075324278772,
            2.299783622974673,
            2.3194332619649676,
            2.297997710648053,
            2.2894917929146725,
            2.277385169732805,
            2.2969870552860505,
            2.274821154699294,
            2.2873969759982,
            2.2768693498821153,
            2.291332765814823,
            2.2581503015628135,
            2.290263404080038,
            2.273237597786111,
            2.29499167176138,
            2.3270269238360184,
            2.31974887537033,
            2.3170551363786314,
            2.3397958578355933,
            2.314973574487399,
            2.318010453340545,
            2.3337410785062085,
            2.3431180308241037,
            2.3629619710923047,
            2.343648329278215,
            2.330101119250048,
            2.330555532088552,
            2.3186545341684694,
            2.293167541907774,
            2.311787778721519,
            2.3371047224579162,
            2.32633129507069,
            2.3647685609187574,
            2.3699808436402052,
            2.3657375676966037,
            2.3762257012523396,
            2.381585082742001,
            2.3771437813569447,
            2.3963270665988117,
            2.3788297585913853,
            2.397749779558009,
            2.4232413530513823,
            2.440532861494138,
            2.427771305551372,
            2.436041913762686,
            2.4040896267322607,
            2.418823764563899,
            2.413806852510935,
            2.3822201690310463,
            2.406201059213654,
            2.4221872987378807,
            2.42719141870169,
            2.4040217216347943,
            2.4160695416836644,
            2.420950047213695,
            2.4116054418162953,
            2.4082007184736347,
            2.4210622156439383,
            2.43458974122635,
            2.41803642095362
        ],
        [
            2.2292504831456217,
            2.2511662456491006,
            2.2611309186803807,
            2.249247945941237,
            2.248494468227017,
            2.2508436888729566,
            2.2643556545061525,
            2.244688945311969,
            2.243443801082882,
            2.239464844810854,
            2.2304838824148576,
            2.2519990011571855,
            2.248474955057886,
            2.233908744424043,
            2.219852610583973,
            2.2133280363989276,
            2.2138805813202684,
            2.225139090681932,
            2.2125809673187438,
            2.2290568225496883,
            2.2139637814564845,
            2.225714656677978,
            2.2376928007982335,
            2.233817448287699,
            2.2371988727182064,
            2.239094231472035,
            2.2554581897190844,
            2.24815606186564,
            2.2393854888275055,
            2.2239680697906716,
            2.2249738475491494,
            2.242298960872187,
            2.2377450322429127,
            2.2445221762099887,
            2.233412806021414,
            2.236070530002724,
            2.24993625395664,
            2.26405494815619,
            2.2707328909969133,
            2.2694772588012255,
            2.25726434297713,
            2.279001642358482,
            2.285199648441892,
            2.2643059356851536,
            2.2548020405456506,
            2.256353643950311,
            2.274863377357508,
            2.252910970026819,
            2.2649122754434563,
            2.2560684881868394,
            2.2599892450065737,
            2.2393144151033635,
            2.2551130477502785,
            2.2531468064846436,
            2.2733422906122622,
            2.294280351892776,
            2.288472880513361,
            2.303962321590441,
            2.318187972808567,
            2.3002744009565124,
            2.292013760801759,
            2.304114211922638,
            2.3252046358522565,
            2.3411401482936998,
            2.329936964296234,
            2.316003623307283,
            2.2945584458529993,
            2.291734565616718,
            2.2786068281245235,
            2.297339536649135,
            2.315753566713411,
            2.307389186501019,
            2.328706454311895,
            2.3340715432270596,
            2.3436554418012587,
            2.339523206801816,
            2.345499958077326,
            2.343691951015715,
            2.3656696226063056,
            2.3646749827586877,
            2.3832429980669274,
            2.3910468007506664,
            2.4049908203811294,
            2.4015035648088903,
            2.4089622156534682,
            2.3893044776255143,
            2.3952868588070912,
            2.3788909461426715,
            2.36780734424407,
            2.382548535905007,
            2.3955010187192887,
            2.3904152793298223,
            2.383252527189363,
            2.399042036085834,
            2.396912684837845,
            2.3859896655767874,
            2.3871562501474433,
            2.3979835088244457,
            2.4208327822025244,
            2.400995053566134
        ]
    ],
    "angle": 90557.8,
    "fluctuation": 558.737704,
    "buy_difference": 1.010634849
}