{
    "id": 238,
    "name": "Cardinal Health Inc.",
    "record": [
        [
            20.737893198075064,
            20.472630050390663,
            20.285771170182375,
            19.92055018463937,
            19.64042521322664,
            19.630037777108896,
            19.970981530690295,
            19.903617086793183,
            20.073488881659962,
            19.738096736276646,
            20.268640219719504,
            19.929261968081843,
            20.126701979824485,
            19.871008984114447,
            20.230213754382863,
            20.70309166494032,
            21.186732005769965,
            21.00999338932594,
            21.196398524789863,
            21.359789467724898,
            21.124801004552367,
            21.519717801312737,
            21.511133975072838,
            22.07920541585008,
            22.09813240397174,
            22.395442333551415,
            22.167442261532397,
            22.203958430245542,
            22.050393717350897,
            21.632110551858716,
            21.5689886149467,
            21.418374783317006,
            21.521156839688413,
            21.52817514459042,
            22.08761101352034,
            21.729134128225734,
            21.153989701182255,
            20.914507034354312,
            21.41106267352082,
            21.291182583996854,
            21.658201402939742,
            21.75497195699223,
            21.36116923608453,
            21.75325038173782,
            21.931777810648594,
            21.670505856356026,
            21.9126263321872,
            21.446178823500382,
            22.016165609425787,
            22.1035039982171,
            22.095507381600534,
            21.91852439514528,
            21.858818837923014,
            22.286873636205943,
            22.02031239571292,
            22.620439978804246,
            23.21150102525512,
            23.751075233307187,
            23.447596656880577,
            23.782687667464227,
            23.988643430521154,
            24.53452573609594,
            24.790902670317234,
            24.437699011736623,
            24.249010089617578,
            23.873331928416388,
            23.375760599856743,
            23.78284569003883,
            23.414912500606473,
            23.541897794659924,
            23.662108113767392,
            23.57047981232538,
            23.08919164972229,
            22.86982153358256,
            23.578946372415295,
            23.77381137163219,
            23.253018320858732,
            23.867796367978034,
            24.203723142551134,
            24.288914176132316,
            24.107636802729182,
            23.612407564615992,
            23.089043059313514,
            23.68760205643972,
            24.286707168286625,
            24.17473433528567,
            24.599277513688165,
            25.048157304274117,
            24.673591518150392,
            24.38706278745423,
            24.10074343138014,
            23.954470044121635,
            23.745875930889085,
            23.50062694309386,
            23.233849635727495,
            23.596273347401947,
            23.835137774256218,
            23.943558963312046,
            23.593919721841765,
            23.223684771616423
        ],
        [
            20.04465906771685,
            19.816019542284085,
            19.672602811131956,
            19.193189574292433,
            18.913861362194606,
            19.02523127776502,
            19.359554807693097,
            19.15776857409218,
            19.3637179006532,
            19.032583129814657,
            19.485816408615452,
            19.301681742872383,
            19.424747283695844,
            19.28199076953534,
            19.608882862496774,
            19.9690648791294,
            20.374531828765406,
            20.325965911532755,
            20.406171785207288,
            20.647832169984795,
            20.375822541179875,
            20.754665437163403,
            20.84627909920288,
            21.373209245608997,
            21.310389268899467,
            21.545484589541765,
            21.46938086673057,
            21.515531854808458,
            21.362443021709396,
            20.94460783102245,
            20.88977275867526,
            20.756386860021102,
            20.727084644199795,
            20.821022033339947,
            21.266278031678976,
            20.95454485852356,
            20.498117067815265,
            20.24778164690081,
            20.600515801979054,
            20.5281069466297,
            20.88405605420484,
            21.06145371708151,
            20.63058727262006,
            20.97989564790085,
            21.152076207730218,
            20.879248977398927,
            21.120954521918417,
            20.818833621059415,
            21.256806721375572,
            21.283701190203615,
            21.26540343304256,
            21.143515493908552,
            21.149273835457628,
            21.449580267607725,
            21.33330020785554,
            21.809723778036442,
            22.36620826711797,
            22.945636757582164,
            22.759418913471524,
            22.93260521160142,
            23.163566838568112,
            23.645769304068295,
            24.01263476663995,
            23.557150250800216,
            23.46422858023132,
            23.082213295398585,
            22.564997669625697,
            23.0593434617319,
            22.673021812588804,
            22.727643523420657,
            22.967634543434325,
            22.73252034319825,
            22.197431333953187,
            22.174094577432015,
            22.718006455303854,
            22.979091421341217,
            22.55016039314397,
            22.96424627466175,
            23.3176452165489,
            23.458199227287526,
            23.304089184485775,
            22.76159602897336,
            22.40463559263635,
            22.911810234023157,
            23.37428224996798,
            23.30598630333569,
            23.717639807869134,
            24.174558059513128,
            23.79879091495596,
            23.562413156993973,
            23.292764231009357,
            23.16066264208848,
            23.01656844803764,
            22.81547742494195,
            22.556477882144954,
            22.791526155940026,
            23.03836778180402,
            23.161703258303984,
            22.714310563995507,
            22.465335920561344
        ]
    ],
    "angle": 89338.9,
    "fluctuation": 1459.880644,
    "buy_difference": 1.035102032
}