{
    "id": 239,
    "name": "Cooper Tire & Rubber Co.",
    "record": [
        [
            12.90801039426479,
            12.89709798851785,
            12.983815928233755,
            13.045170676971937,
            13.029257273829897,
            12.980112997054603,
            12.997910200295948,
            13.095611575573118,
            13.053306377556677,
            13.067110763413464,
            13.036298035763807,
            13.095212767681053,
            13.142905459307292,
            13.094862835786087,
            13.20304997716719,
            13.244132603725207,
            13.346294567706266,
            13.32464177240691,
            13.207832197666038,
            13.283414371429435,
            13.3616525527922,
            13.298935473992538,
            13.335103873360076,
            13.221654240855807,
            13.39657190749963,
            13.325621422190205,
            13.270879492412423,
            13.347368347252061,
            13.33423211955629,
            13.239298812517053,
            13.219952005450573,
            13.149543792954034,
            13.13484557371106,
            13.078884201511796,
            13.171258294295887,
            13.157599206656512,
            13.058448595551138,
            13.150334440988587,
            13.08666421886823,
            13.147435875124,
            13.173227653530653,
            13.071335070836618,
            13.10969583520304,
            13.150778286281067,
            13.243279329385787,
            13.320720439527886,
            13.317652272728537,
            13.257567075002125,
            13.273145036708662,
            13.352054121452523,
            13.251236272617025,
            13.271284243784846,
            13.10429698416905,
            13.229224932767902,
            13.172636004459347,
            13.147882740027342,
            13.157772684948915,
            13.258478829716116,
            13.377915340084012,
            13.415069030751066,
            13.278657841954939,
            13.2941892993135,
            13.273414486888157,
            13.325091891530596,
            13.17543282416172,
            13.131863451567538,
            13.2233167471034,
            13.14475973650259,
            13.066730020399577,
            13.129460973765628,
            12.952668021776,
            13.049259045635367,
            12.9219341854433,
            12.859876431744038,
            12.809924187584123,
            12.91394796852472,
            12.855528264786905,
            12.766081678833793,
            12.748380846446093,
            12.685159874399746,
            12.67198719665187,
            12.597662683845268,
            12.540747279464622,
            12.54080825364915,
            12.40783487195056,
            12.39542884243632,
            12.417059486775305,
            12.37500835159574,
            12.419495940012888,
            12.48258869317137,
            12.464220554195453,
            12.514310801280715,
            12.3899387638953,
            12.332416547890052,
            12.356373022709509,
            12.4556012995469,
            12.425273090383461,
            12.422305436769092,
            12.422567850934675,
            12.46379445497151
        ],
        [
            12.37470889939871,
            12.420166052239766,
            12.423765523379796,
            12.524999227451053,
            12.49094639795583,
            12.4675327060219,
            12.493393518559335,
            12.542010950412186,
            12.476553515098036,
            12.58009879632387,
            12.490198398994082,
            12.519105872619503,
            12.539678579155302,
            12.503801205377114,
            12.593300797844988,
            12.65263765134147,
            12.757868795320706,
            12.793326514314153,
            12.692620930341556,
            12.792196537604323,
            12.836578885350052,
            12.735466674730601,
            12.745899950025569,
            12.72888242950433,
            12.83538014642032,
            12.809669509145065,
            12.709869634946992,
            12.749991607496128,
            12.755245463661254,
            12.727966088943228,
            12.62827792983612,
            12.554762935712274,
            12.541979246104223,
            12.527242803430882,
            12.609418551773555,
            12.562453986517998,
            12.51392359081394,
            12.544268477122253,
            12.513430349220922,
            12.591644442419309,
            12.593688594788166,
            12.556411112730311,
            12.604633318746618,
            12.579757392530173,
            12.661921724667293,
            12.704272340076807,
            12.701346160011648,
            12.678112318712019,
            12.732401067064252,
            12.736691402958405,
            12.726673685618186,
            12.66216509469142,
            12.569173532335764,
            12.659853148683574,
            12.609477679711858,
            12.621086408410394,
            12.649588691337469,
            12.720879334512103,
            12.793200465235318,
            12.837698714162531,
            12.787615903576558,
            12.697926780199115,
            12.758204046975514,
            12.751594095406798,
            12.655139418933036,
            12.643708489532953,
            12.625198987714986,
            12.565219448257364,
            12.51935556652225,
            12.539336810796415,
            12.442418758815059,
            12.442896531743463,
            12.35468309003597,
            12.319935348933203,
            12.311469248039467,
            12.34951193508731,
            12.320697039604951,
            12.287819913902425,
            12.27571469823145,
            12.173244904970016,
            12.18990353423995,
            12.106252915797398,
            12.058813999914783,
            11.960452450174573,
            11.904726947624809,
            11.835937500441748,
            11.893332542656719,
            11.817616367332295,
            11.911144527696,
            11.992059651318256,
            11.968413519952911,
            11.975708161766883,
            11.894702595301329,
            11.805179399543523,
            11.885103187692716,
            11.948163817895212,
            11.913108057473172,
            11.934145349684066,
            11.91528330167147,
            11.960812780276843
        ]
    ],
    "angle": 90209.7,
    "fluctuation": 486.380978,
    "buy_difference": 1.043617893
}