{
    "id": 24,
    "name": "Hartford Financial Services Group Inc.",
    "record": [
        [
            13.651622094318792,
            13.4651739388337,
            13.177902929522624,
            13.451453203251402,
            13.712137745272614,
            13.372503765177134,
            13.119771083714278,
            13.321017351794382,
            13.326592857228343,
            13.502422371364716,
            13.509039839220998,
            13.324794816421942,
            13.450158158458683,
            13.427080104794925,
            13.311646144515771,
            13.146883140084618,
            13.33855644671446,
            13.26131974096146,
            13.025551563777412,
            12.948566236777335,
            13.068282837693731,
            13.212031215916864,
            13.128273217251179,
            12.958954530003561,
            13.106935701320536,
            12.78292906375412,
            12.858832715027317,
            12.804136452959114,
            12.610435475530915,
            12.387215492436226,
            12.319417352347713,
            12.17235187897402,
            12.358274710812266,
            12.572102182937979,
            12.296184749997092,
            12.320601715386447,
            12.448750056194916,
            12.791056918950023,
            12.422228762323815,
            12.162594162482232,
            12.46465060014055,
            12.702539400650632,
            12.670756839832146,
            12.765385350443742,
            12.59627603044851,
            12.639944756174133,
            12.550001093784978,
            12.43711289759105,
            12.09867178353689,
            12.077024841067185,
            12.014407923706683,
            12.086000796821944,
            12.20076858466871,
            12.297957216950703,
            12.050138836434304,
            12.363418532324136,
            12.205991357869175,
            12.235287572940551,
            12.425453201542405,
            12.562034809849873,
            12.742288894548796,
            12.673405347688457,
            12.851528970449175,
            12.918572878192734,
            12.889093086361333,
            12.82589203492549,
            13.050584715328508,
            13.445453606855203,
            13.59719605200116,
            13.321399734066626,
            13.077010266685287,
            13.007713722330204,
            13.143122853673521,
            13.479369528328272,
            13.212989549101389,
            13.064070314784551,
            12.92945329506427,
            12.761214571508846,
            12.860333374459959,
            13.167736684681188,
            13.444685273715042,
            13.52725993635254,
            13.640207351540672,
            13.880886985222629,
            13.773100500750788,
            13.489612969432583,
            13.624023166274169,
            13.952477780659923,
            14.151113508146137,
            14.114331685533415,
            14.351267008114878,
            14.224156010414692,
            14.474369028415962,
            14.740581569954873,
            15.012566879726922,
            15.016609287146212,
            15.19913795378103,
            15.074859162983,
            14.867519897180188,
            14.584091537428252
        ],
        [
            13.346115003209349,
            13.149372133248876,
            12.93604550703582,
            13.199272732749483,
            13.389206124355919,
            13.104700583735182,
            12.833868047847693,
            13.049012046970935,
            12.986793482118085,
            13.133261162345589,
            13.218622709930575,
            13.01098542591075,
            13.099372019804978,
            13.12397267716707,
            12.96318079304343,
            12.888767274914468,
            13.008827960439989,
            12.949005238365416,
            12.751911434938334,
            12.60834921531935,
            12.738880044272797,
            12.933178141532919,
            12.874396665918432,
            12.632307496493887,
            12.776558613004815,
            12.504366411763103,
            12.545970348696123,
            12.571664053333542,
            12.329462097384553,
            12.07859369385932,
            12.002905379466013,
            11.953751742011818,
            12.079294856050321,
            12.230810505441905,
            12.071722112212067,
            11.983751919105375,
            12.205565032119832,
            12.440106759094016,
            12.155175880736412,
            11.936973256662723,
            12.161378898215837,
            12.441916022502216,
            12.373586680254405,
            12.482208126265638,
            12.270204757578409,
            12.344730602478583,
            12.25933754056885,
            12.145422442854766,
            11.879007827897695,
            11.861328391851893,
            11.723261089735637,
            11.861800728063113,
            11.924151911044751,
            12.011930638159376,
            11.820669354335722,
            12.049379359062009,
            11.9423915903858,
            11.993866283464811,
            12.157113950860358,
            12.266189016982503,
            12.412437885482257,
            12.40592050857762,
            12.517602618769459,
            12.65605358717992,
            12.542941416612535,
            12.482680503063612,
            12.778978582850053,
            13.083057650179066,
            13.291577527450146,
            13.069033394272479,
            12.793319420941867,
            12.6508191170494,
            12.883788559472755,
            13.181672537914952,
            12.939299743281367,
            12.821726671747966,
            12.647697620703253,
            12.422207565629272,
            12.548687110277593,
            12.838387793265328,
            13.138552710533633,
            13.169214158837887,
            13.287112535058581,
            13.555335366434415,
            13.4152285921157,
            13.228748774818412,
            13.372634946434259,
            13.573713396017025,
            13.786167155053347,
            13.777798870769615,
            13.975587002218951,
            13.861470710759265,
            14.153281060393605,
            14.393429288664423,
            14.66633497226975,
            14.680555403589597,
            14.902224391172275,
            14.733080907943073,
            14.49421054920734,
            14.269134478594689
        ]
    ],
    "angle": 89142.70000000001,
    "fluctuation": 1345.382747,
    "buy_difference": 1.023095707
}