{
    "id": 240,
    "name": "Sabre Holdings Corp",
    "record": [
        [
            15.277253650644612,
            15.139924006805098,
            15.18253665978547,
            15.746102619178648,
            15.765654017716885,
            15.394306599793914,
            15.200772667604335,
            15.177274997105432,
            15.453656863057523,
            15.399607495673633,
            15.209548075993673,
            15.455199751972202,
            15.724301347665502,
            15.833906682071149,
            15.90071885674497,
            15.9631649095082,
            15.823580274001396,
            15.489098130469733,
            15.848463765474113,
            15.833555779693906,
            15.601021463555774,
            15.626674979124749,
            16.07659341422758,
            16.002501225958927,
            16.175097854200434,
            15.68976240847862,
            16.241471212191968,
            15.74585552012109,
            15.960034672861237,
            15.540215398297695,
            15.376354858278733,
            14.899371493934252,
            14.906108021601925,
            14.927293784426203,
            15.010377793751232,
            14.990256960492735,
            14.67096473145273,
            15.00026721691447,
            14.693907936612204,
            14.863235976503551,
            15.031619759743414,
            15.130078513061587,
            15.567367708549915,
            15.890279971534135,
            16.115256039575886,
            15.943258538675146,
            16.48801631294713,
            15.957463320824303,
            15.815445738953171,
            15.881970848200572,
            16.22131364048542,
            15.914805756577074,
            15.545821981573582,
            16.051121961373543,
            16.257171761313597,
            16.152389279150437,
            16.493167472865714,
            15.967500609379425,
            15.558551239810964,
            15.489541488796787,
            15.25599378548837,
            14.820393508335185,
            14.558179806043132,
            14.393142415988848,
            14.338827631190592,
            14.031178583987723,
            13.77776380228601,
            13.65810595550883,
            13.41367349906366,
            13.252700257529042,
            13.21718665338926,
            12.943949965490464,
            13.185835384511721,
            12.980368471669648,
            13.3083612917328,
            13.145401088257328,
            13.27369709290667,
            13.359898807317947,
            13.748852709214857,
            14.061042074584597,
            14.223194795817895,
            14.434474282887095,
            14.109550131201138,
            14.049156664915534,
            13.757215519132467,
            13.50469101010008,
            13.225348714609467,
            13.706012240192972,
            13.824470936049446,
            13.656162626237123,
            13.454466763576583,
            13.279495671906975,
            13.547088734054851,
            13.99672476575005,
            13.655519725333066,
            13.929673899559,
            13.870616501542953,
            13.580092421493791,
            13.519339229850358,
            14.014883627058042
        ],
        [
            14.942342320930724,
            14.742854911925644,
            14.843736803455808,
            15.29183928043081,
            15.3752416130071,
            14.99506532776874,
            14.757825385152946,
            14.702756683167745,
            15.089108356820875,
            15.058988182007859,
            14.85075804456153,
            15.084563474935788,
            15.344135137586253,
            15.343438874416455,
            15.552139785041565,
            15.602244838855983,
            15.382425828252432,
            15.132819671700908,
            15.431268629178554,
            15.449199645293213,
            15.191859339033575,
            15.262637120269451,
            15.714686396811091,
            15.522260716071608,
            15.680304160194481,
            15.282858683317162,
            15.755628886455696,
            15.403766386929371,
            15.519724882646216,
            15.123572053164622,
            14.911933821447155,
            14.515870666581817,
            14.560317143006088,
            14.515475531557684,
            14.570072699347214,
            14.623440585513318,
            14.296204199985688,
            14.584979003283827,
            14.243005406464336,
            14.509704993357584,
            14.615463538808907,
            14.73621546490452,
            15.148482149691171,
            15.50143974605113,
            15.74141542761694,
            15.548448028562518,
            15.99161206388259,
            15.58728317360733,
            15.467182177375935,
            15.502654182594576,
            15.728238392168484,
            15.526921181027285,
            15.177577147615082,
            15.656777065696845,
            15.769288501956988,
            15.795119410300059,
            15.97909767031238,
            15.55183796387294,
            15.176307850201907,
            15.105966590242158,
            14.786370727771896,
            14.49549756759454,
            14.172115412482162,
            14.042344673167118,
            14.003386534310415,
            13.660455500837863,
            13.43254184563872,
            13.307886274582934,
            13.120934142087265,
            12.857544240221221,
            12.83076115196594,
            12.622148398855126,
            12.790123975467996,
            12.639937227897818,
            13.010077355157675,
            12.74455433955103,
            12.87406626329981,
            12.988727642669764,
            13.398988052975676,
            13.730722123209627,
            13.905802751171255,
            13.990139941606275,
            13.729891418013063,
            13.623464717212107,
            13.35233866800157,
            13.163674864364554,
            12.917251973932855,
            13.29866503902438,
            13.510549441827472,
            13.332679484286212,
            13.101601522146193,
            12.961035676840996,
            13.216911486282124,
            13.59835545352753,
            13.302703689368036,
            13.535914472619544,
            13.527131814064138,
            13.253095084878847,
            13.216326587123312,
            13.583465484456271
        ]
    ],
    "angle": 89224.7,
    "fluctuation": 1764.588656,
    "buy_difference": 1.027138413
}