{
    "id": 241,
    "name": "Barnes & Noble, Inc.",
    "record": [
        [
            16.94703560623054,
            16.885989233132552,
            17.139793994484105,
            17.09002622543218,
            16.85789115484897,
            16.5787357250243,
            16.928206861648377,
            17.10020862344281,
            17.44861324073912,
            17.028531547320362,
            17.203697782232435,
            16.981321139817542,
            16.781440626087903,
            16.61643009293444,
            16.072242128171606,
            15.768948102446231,
            15.60492580543122,
            15.885670104847335,
            16.019645026642245,
            16.415306335957887,
            16.327761866133006,
            15.901234722989134,
            16.310481006458172,
            16.41577084840312,
            16.03801244090735,
            15.891890621908274,
            16.26132081018083,
            16.69712585184571,
            16.509922888013673,
            16.257248810546557,
            16.084885031988954,
            15.917201931433631,
            15.551458095442944,
            15.831394116378615,
            15.527850528498213,
            15.048277925243768,
            14.895411187610437,
            15.369420426675575,
            15.711793416834439,
            15.98211736386001,
            15.819603745216696,
            16.353132486231416,
            16.084481347580773,
            15.984572979605938,
            16.219868412283546,
            16.004327579383425,
            16.265005283937313,
            16.13071387295445,
            15.853063028240864,
            15.601606540469154,
            15.545934596190062,
            15.577953371731455,
            15.4232658066949,
            15.60196564386699,
            15.77102716967596,
            15.747923630183651,
            15.972067015806012,
            15.870997189897304,
            16.362088799044265,
            15.861249973893377,
            15.564739540697442,
            15.24043542299876,
            15.356661832680954,
            14.984485813806964,
            14.890700454748607,
            15.125755209016658,
            14.694943070136114,
            14.985198016851726,
            15.164676111764798,
            15.575726945197724,
            15.210678886560503,
            15.174795182650481,
            14.93368250465431,
            14.631343892773643,
            14.438855924289728,
            14.164626291007886,
            14.019622967353845,
            14.219232865690055,
            14.22874768637019,
            13.85860357769682,
            13.977261547081785,
            13.947309039436167,
            14.256387562064672,
            14.378319363354036,
            14.501837108139789,
            14.341168517647294,
            14.592068901304945,
            14.589280007712395,
            14.371110300719478,
            13.984563475327885,
            13.620327397875121,
            13.399625278531554,
            13.197834170056378,
            12.996336022720447,
            13.044560091482778,
            13.26425310251871,
            13.09653207906082,
            13.131430535683991,
            13.192259511905059,
            13.244790493182027
        ],
        [
            16.5679938045665,
            16.531466124410446,
            16.729662736976756,
            16.759762312014956,
            16.475898433717568,
            16.256721093349228,
            16.582764990078633,
            16.694359458453174,
            17.0617667422143,
            16.60944996453595,
            16.75856044805537,
            16.61148337737877,
            16.39790033371648,
            16.20263898124221,
            15.771142763589502,
            15.394694515190627,
            15.249799619495922,
            15.47463609741487,
            15.630072828922529,
            15.990568247985037,
            16.023484508418562,
            15.598640174840988,
            15.894792859739212,
            16.10985339201503,
            15.69186059943187,
            15.485326441052697,
            15.916723595211177,
            16.312250452107204,
            16.203878075638954,
            15.91433186977471,
            15.728273227489145,
            15.537877514589574,
            15.168728107532198,
            15.418690572187932,
            15.117033640953908,
            14.714648338531562,
            14.598768075559208,
            14.971744129220347,
            15.28240789408019,
            15.57635116330586,
            15.492125529754665,
            15.949080964501835,
            15.679243656775094,
            15.683541208811027,
            15.861851080524856,
            15.632295934169479,
            15.961897431704775,
            15.686757053662125,
            15.512456098707325,
            15.216123644797005,
            15.22412154693533,
            15.211271988330282,
            15.081322507773754,
            15.21191940861608,
            15.34613259280213,
            15.398782467426422,
            15.574322173530687,
            15.576796157577027,
            15.935550745093467,
            15.49564184599035,
            15.236429816868645,
            14.878725333566107,
            14.980221069834625,
            14.576427608161595,
            14.557651179373723,
            14.746142915481947,
            14.41675097522978,
            14.593099322746447,
            14.843318135064695,
            15.265535299241233,
            14.854126812515785,
            14.807246743951666,
            14.583623476397234,
            14.30838968825201,
            14.139960272568395,
            13.81326958627002,
            13.736288364564276,
            13.84441698530818,
            13.849541451273431,
            13.504057227899965,
            13.65098603503726,
            13.669547445205058,
            13.89443550759113,
            14.058136512801413,
            14.180322450782207,
            13.949240621353871,
            14.331650871646376,
            14.23165022102306,
            14.09338930336939,
            13.703311323208087,
            13.334367200681998,
            13.15387825982736,
            12.905230060700735,
            12.74006854428859,
            12.742603908757594,
            12.905609656182822,
            12.824138472037886,
            12.824899516894982,
            12.827899630602204,
            13.003189316889793
        ]
    ],
    "angle": 89873.40000000001,
    "fluctuation": 1650.197361,
    "buy_difference": 1.0232872689999999
}