{
    "id": 242,
    "name": "Polo Ralph Lauren Corp",
    "record": [
        [
            27.05294749154517,
            27.015616713703363,
            27.07122639569396,
            26.9878301500374,
            27.08283792088282,
            27.3890172029898,
            27.367591572605086,
            27.529008199095184,
            27.115029255581227,
            27.16559280003464,
            27.145461041200765,
            27.23929476255338,
            27.140012799238974,
            27.396172548032077,
            27.539599049785018,
            27.74721189501294,
            27.896849599057315,
            27.947852495278962,
            28.10263694138364,
            27.743146748655718,
            27.652509497030465,
            27.69894669012322,
            27.644669299572993,
            27.50661899501179,
            27.37521765806552,
            27.543471180439038,
            27.474151931838396,
            27.45780360843618,
            27.2206620055311,
            27.634372101445077,
            27.655753061154265,
            27.83055602079038,
            27.989195769736895,
            27.61407562159522,
            27.71578145558834,
            27.72771199080083,
            27.572125244875952,
            27.400863215163895,
            27.359755655987602,
            27.63681641589418,
            27.362846230895734,
            27.565110462228137,
            27.55990187528506,
            27.50941630482747,
            27.609212235276402,
            27.57809554200515,
            27.371995410621434,
            27.48854227616194,
            27.46673069976385,
            27.292784096438194,
            26.994703312421972,
            27.00615140415333,
            26.808840209268624,
            26.63193633276421,
            26.526960051756618,
            26.659762437317212,
            26.51444692428646,
            26.63730886858161,
            26.665386527135585,
            26.569211099519144,
            26.68850113677116,
            26.362680915957394,
            26.620987134747114,
            26.368655057444837,
            26.63256117222551,
            26.428112755682008,
            26.33445620210325,
            26.28770586984615,
            26.265028341127586,
            26.338813335478324,
            26.39204673315647,
            26.256330979274885,
            26.577309601107366,
            26.42589916864934,
            26.563419860717907,
            26.312757114043496,
            26.234338487308634,
            26.38714328753689,
            26.40857837927367,
            26.40926977233945,
            26.744342388478326,
            26.69294690702301,
            26.90771193768513,
            26.805572161717848,
            26.551039143549026,
            26.47888748517234,
            26.549837842423848,
            26.293072312817177,
            26.278724755165396,
            26.36140347907448,
            26.1389941440043,
            26.25733124445377,
            26.468584925120343,
            26.518032700441843,
            26.331219501650313,
            26.60373004973383,
            26.429234664440305,
            26.49528679494449,
            26.424109808637212,
            26.42566512773044
        ],
        [
            26.63743136106139,
            26.58740811453024,
            26.644793929977475,
            26.66378105580737,
            26.789837698245005,
            26.960268123637952,
            26.906966837493464,
            27.03872492134015,
            26.86477212940851,
            26.93109417930548,
            26.77394428382355,
            26.77015974166307,
            26.84639402059397,
            26.996936987958282,
            27.173553137094853,
            27.35925499257727,
            27.471113021426152,
            27.570866059312994,
            27.613132187250848,
            27.443002864260137,
            27.353346186937436,
            27.24360325856517,
            27.141519236761884,
            27.2117620219669,
            27.10894885641442,
            27.09608554422314,
            27.226047923505707,
            27.144419286395,
            26.980266482322165,
            27.147616986531773,
            27.282706732022515,
            27.373049061321993,
            27.496190748554714,
            27.334510227267433,
            27.358337127986935,
            27.430485013230427,
            27.298461776368153,
            27.126177713057853,
            27.099076644774865,
            27.23951486047386,
            27.126644880621463,
            27.20960930523504,
            27.239893924805564,
            27.19271846297697,
            27.163466996219988,
            27.195220816041463,
            27.04333355560127,
            27.004355825125018,
            27.012512035845788,
            26.919251054140062,
            26.745556729942763,
            26.620575300084965,
            26.441930493921575,
            26.2832113711665,
            26.171756577166686,
            26.234577619836468,
            26.081175301666768,
            26.21509660382989,
            26.263685681731022,
            26.195107129969816,
            26.29695196221608,
            26.135113185003732,
            26.23042846361626,
            26.10431713504293,
            26.194748069402184,
            26.06120357539952,
            25.917044276260796,
            25.97466417666666,
            25.822960880049223,
            25.97314392503372,
            25.94267149922407,
            25.993119072340754,
            26.106574489844043,
            26.077263859057858,
            26.08254448385286,
            26.082999718076717,
            25.90118231269116,
            25.953364613279746,
            26.08887221131743,
            26.089555234276176,
            26.268033770572615,
            26.422707036237814,
            26.497070687620017,
            26.338660283029057,
            26.18242334045074,
            26.08780843592113,
            26.105577937786823,
            25.93322147247535,
            25.994423965625007,
            26.00581653205177,
            25.863983695220234,
            26.030672912122245,
            26.14291744369011,
            26.113338383712296,
            26.093436689687454,
            26.19249985340787,
            26.0155100701487,
            26.02082361395166,
            26.156591649433096,
            26.071818020734163
        ]
    ],
    "angle": 89892.2,
    "fluctuation": 412.97520600000007,
    "buy_difference": 1.013470668
}