{
    "id": 243,
    "name": "KLA-Tencor Corporation",
    "record": [
        [
            37.80294660256273,
            37.44283489582256,
            36.74690105164805,
            37.25027640559546,
            38.006213954583146,
            37.14269615727773,
            37.11158037061362,
            37.74927424985435,
            37.39992511616119,
            37.17118749746952,
            36.80180404799151,
            36.5061649781886,
            35.41491070953801,
            36.613886925571194,
            36.85521381041379,
            36.85426930170626,
            36.937953108641636,
            37.01991194856238,
            37.54634440112866,
            37.49939465952767,
            38.30692895067114,
            37.67754940567631,
            38.20388292701069,
            38.88933672631785,
            40.22292722180877,
            41.01759323606862,
            41.11900756547451,
            40.465037327389574,
            41.05349838194269,
            40.20318982095377,
            40.628885555049926,
            41.05469207695055,
            41.42691045878923,
            41.65779602134947,
            41.36426926956044,
            42.52721607960532,
            41.6686158193164,
            40.949896445712746,
            40.773283868649514,
            40.47782908841096,
            39.580115479787466,
            40.32376248875174,
            41.37341463791144,
            41.33105330568115,
            40.63995467736901,
            40.59546724151126,
            40.54828993440692,
            41.8113092363411,
            42.21680945415837,
            41.391368216890946,
            41.04840041645757,
            40.25930772532091,
            41.37526488490384,
            42.47019270534638,
            42.87098208213581,
            44.493280779203694,
            43.03439690452246,
            43.58706362378946,
            43.636317239169664,
            43.33182631594268,
            43.89536774511198,
            43.7158408590873,
            43.272597932793545,
            44.11158781416639,
            43.95459768649299,
            42.7716765032222,
            42.05265263091013,
            40.58858680406111,
            41.0849467639423,
            41.38933841107498,
            40.987451567093345,
            40.624918853554576,
            41.38543972087845,
            41.22775235169402,
            40.077588220221365,
            41.39985693113846,
            41.96118002290529,
            41.99085155061785,
            43.31655197954894,
            44.11949444346199,
            42.636238339503635,
            41.67152989345773,
            41.247563358298926,
            41.402996843961546,
            41.287003838591254,
            40.710371987130806,
            41.86892491948544,
            40.64201182224036,
            40.04125455156164,
            39.37351524153505,
            39.18070813562567,
            38.71763662275516,
            38.79955574270057,
            37.93199959124374,
            37.54802738949852,
            36.68327018664938,
            37.50310910237477,
            37.046799375128586,
            37.78143961467697,
            38.63677797266804
        ],
        [
            36.2420509479692,
            36.033695344025794,
            35.2437031060478,
            35.74793789544696,
            36.317114790908235,
            35.481367837142436,
            35.550799337170375,
            36.064407174885126,
            35.952713560209716,
            35.533361532997915,
            35.16973648306842,
            35.03734336699361,
            34.13347095446035,
            35.00759576124914,
            35.26294560360052,
            35.191819772172124,
            35.547814492465214,
            35.612393868581016,
            36.13693571456716,
            36.01223520004325,
            36.90600891319618,
            35.97796275071675,
            36.58985360448145,
            37.25751124282185,
            38.400874497639485,
            39.16344184745001,
            39.599334263134544,
            38.85637465645809,
            39.34265407152548,
            38.50469421635251,
            38.85419961771486,
            39.41469484398843,
            39.696537870975135,
            39.95370910230522,
            39.56535245381899,
            40.65744713003038,
            39.95209946849214,
            39.231608344352175,
            39.2624449933702,
            38.88033717310906,
            37.80599971175682,
            38.78284944458273,
            39.67302545117104,
            39.44309717450785,
            38.872538036120886,
            38.86487302019801,
            38.91683386148769,
            39.90538663359267,
            40.57507125851559,
            39.72599098019071,
            39.547222216457186,
            38.593129985370894,
            39.60747368294904,
            40.55037828994882,
            41.29485323717471,
            42.4693300948727,
            41.35257540649846,
            41.64578673399796,
            41.951990204380245,
            41.5467948979345,
            42.087121539222906,
            41.906610521110146,
            41.54400280072319,
            42.11757609024381,
            42.262222094588516,
            41.13309476664667,
            40.14771543272556,
            39.10815330395265,
            39.56255933594628,
            39.827677713343505,
            39.373790656658414,
            38.85040618332407,
            39.55404103623948,
            39.56895818168619,
            38.56929124273907,
            39.67457863636886,
            40.08432928425236,
            40.370038178744934,
            41.40795076716317,
            42.12512530979078,
            40.94536077363565,
            39.768021173855104,
            39.67930757036918,
            39.59844620456822,
            39.65360543900298,
            39.193993218201356,
            39.97231037706535,
            38.94053295172684,
            38.35343071654027,
            37.66493231004329,
            37.53665649115869,
            36.99691990740134,
            37.290708592469315,
            36.39124152701799,
            36.051718789838006,
            35.115948201514485,
            35.915099072706994,
            35.365100952573265,
            36.407052270931885,
            36.963852346664424
        ]
    ],
    "angle": 89668.7,
    "fluctuation": 1708.913476,
    "buy_difference": 1.042755808
}