{
    "id": 244,
    "name": "TruServ Corporation",
    "record": [
        [
            0.9371341996096807,
            0.9033487785545641,
            0.9136449762942305,
            0.9103967420865873,
            0.9002564351950941,
            0.883081242637466,
            0.8687563456817643,
            0.8685427305606813,
            0.859129158443861,
            0.8345840739218572,
            0.8508200266794878,
            0.8390114019997134,
            0.838746140022997,
            0.8210872907168916,
            0.8001227684666028,
            0.7710706561063535,
            0.7663216663117032,
            0.746057397189992,
            0.7573785702273261,
            0.7352327409321027,
            0.7264640457710411,
            0.7174789512445884,
            0.7072218907656147,
            0.7300751422841887,
            0.7401854341010786,
            0.7452884519188456,
            0.7655554278657841,
            0.7724002099679683,
            0.7965053369859643,
            0.7737244442170076,
            0.7516465611074732,
            0.7310887491485937,
            0.7104324633127912,
            0.7021900977786553,
            0.7283604355685896,
            0.7249670356580299,
            0.7102144801686676,
            0.7292255469684068,
            0.7320932071912953,
            0.7334738274555327,
            0.7495855371509708,
            0.7462512396517247,
            0.7483420260367549,
            0.7746320387898914,
            0.7688325259250371,
            0.7730378135980075,
            0.7426142930489575,
            0.7627778813578485,
            0.7868239173090018,
            0.8105890670306483,
            0.7901636988379557,
            0.7957021194111484,
            0.7992152223957201,
            0.8150641671634266,
            0.8307520362234045,
            0.8578808527197839,
            0.8810376885204786,
            0.8565201513141947,
            0.831501399374651,
            0.8500016990089815,
            0.8306996540929893,
            0.8258735713011505,
            0.8291325924704571,
            0.822452139502044,
            0.7964216746143217,
            0.8090269103776874,
            0.8149852717394103,
            0.7930959300141885,
            0.7839389313149132,
            0.8130333446179836,
            0.805972867834835,
            0.7829557306606186,
            0.8026480065581195,
            0.8212573406213652,
            0.8263127483066066,
            0.8126811849175036,
            0.8143777821031043,
            0.8114416980402649,
            0.8289211261713005,
            0.8472169786488014,
            0.8555151431990452,
            0.8805018809824282,
            0.8886619977694209,
            0.8940924535953045,
            0.9047292764627838,
            0.8862507302587708,
            0.8720603605098092,
            0.899134691719924,
            0.9087683774172839,
            0.9037405396554065,
            0.9346402190774918,
            0.9379604242495689,
            0.9596262698435486,
            0.9426517300776082,
            0.9516517189568413,
            0.9528387917635334,
            0.9234052665142134,
            0.9596049730580878,
            0.9260771265715664,
            0.9160787274635865
        ],
        [
            0.9081763459346531,
            0.8782430402838215,
            0.8836470683871277,
            0.8798036065449298,
            0.872699721088755,
            0.8554517416319547,
            0.8468190216089743,
            0.8396907362125032,
            0.8344159420853787,
            0.813509647948893,
            0.8262630838897291,
            0.8118687557062869,
            0.8143745949802181,
            0.7967502843263371,
            0.7732352993291782,
            0.7485906240454453,
            0.7412347737890441,
            0.7245241842352239,
            0.7321463408208949,
            0.7104550572686653,
            0.7066993020225029,
            0.6977487084641006,
            0.685436916163128,
            0.7075862054452143,
            0.7168835964673218,
            0.7226919837229618,
            0.745549706078885,
            0.7507832574338039,
            0.7740586078242051,
            0.7519950653923988,
            0.7287116076433171,
            0.707719919742476,
            0.6863537957539971,
            0.6811727471083051,
            0.7052900008768409,
            0.7048188569210536,
            0.6896467352715461,
            0.7105973220772005,
            0.7103939831704971,
            0.7079795133800885,
            0.7294844039685882,
            0.7247850047299544,
            0.7268884395046376,
            0.7488250063801264,
            0.748065135691915,
            0.7463911697258253,
            0.7217586157922312,
            0.741876333527728,
            0.7619016825036301,
            0.7883774028369332,
            0.7629267250272408,
            0.7719630590050217,
            0.7746739359399641,
            0.7865773464265045,
            0.8068550998784367,
            0.8301277655844029,
            0.85177062598538,
            0.8323821136070129,
            0.80912239511298,
            0.8222573972249289,
            0.8076129697553791,
            0.8035654116433663,
            0.8047986839261447,
            0.7937071061579453,
            0.7738997581192164,
            0.7810619646293373,
            0.7911457456425408,
            0.7705908560896945,
            0.7624575309371207,
            0.7891719269978394,
            0.7801325455363162,
            0.7584589175667872,
            0.7782346409182196,
            0.8000369991050563,
            0.8048001095163679,
            0.7884355692919522,
            0.7881893279656107,
            0.7845647407812448,
            0.8046739556949171,
            0.822352318083232,
            0.8275083447585951,
            0.8536351716667097,
            0.8640510453563975,
            0.8645640879839014,
            0.874588026694426,
            0.8626578583287622,
            0.8451977689333873,
            0.867795920160897,
            0.8785801331703711,
            0.8742421865392708,
            0.9023333048259917,
            0.9056288914945928,
            0.9351124084731248,
            0.9181102641305905,
            0.9213246794215719,
            0.9286849320665841,
            0.8998166785363758,
            0.9276355276953989,
            0.8990779879954368,
            0.8914234114757219
        ]
    ],
    "angle": 88046.8,
    "fluctuation": 1976.8867340000002,
    "buy_difference": 1.031060868
}