{
    "id": 245,
    "name": "Ocean Energy Inc",
    "record": [
        [
            15.060184291913771,
            15.03632397990458,
            15.108856969308802,
            15.178671757893106,
            15.143031004889293,
            14.929383659687533,
            15.162376211711038,
            15.011496400892105,
            15.009446027698015,
            14.935540664934535,
            14.867268730354457,
            14.782423409288015,
            14.669194725274329,
            14.666603140494383,
            14.827868402103338,
            14.760368512755932,
            14.876775618669269,
            14.948836823166475,
            14.818653853653961,
            14.846912290379375,
            14.855000639686937,
            14.85738795302627,
            14.773486255612397,
            14.86802431574472,
            14.914330090635207,
            14.898031232047346,
            14.921998562069001,
            14.902695704508531,
            14.96400789707732,
            15.204219127847592,
            14.997017396237649,
            15.04674350844428,
            15.257613436967109,
            15.324084894362574,
            15.21864996109818,
            15.111909772826934,
            15.147604518860105,
            15.3326737156163,
            15.380613878583437,
            15.365427219274002,
            15.32376787800345,
            15.360474902506981,
            15.268696496525518,
            15.348977598462556,
            15.27550834812183,
            15.250474297781583,
            15.383796367697034,
            15.216566255152152,
            15.290663024469241,
            15.161419967589937,
            15.343067119997276,
            15.25730405333931,
            15.350712869046063,
            15.316828074035405,
            15.425281700112647,
            15.5719318666548,
            15.534259671440466,
            15.63949801481223,
            15.797713269848737,
            15.70428645440076,
            15.763306739587614,
            15.831282246709677,
            15.911911123786918,
            15.777113663530036,
            15.921504229391918,
            15.948345522850165,
            15.940783837176044,
            15.954901722981829,
            15.933438580768986,
            16.05425108944955,
            15.900341786493954,
            16.056419243397354,
            15.93004176058073,
            15.8784691818641,
            15.991335157143839,
            16.116896887777706,
            16.043459312885822,
            15.922542728489192,
            15.867653831465857,
            16.0575615086328,
            15.939380235127768,
            16.11562481197754,
            16.08631501608459,
            16.057097479282906,
            15.934990366961834,
            15.996413060395554,
            15.872653727169535,
            15.976245655757742,
            16.07824975851538,
            16.05638081017501,
            16.027483800433227,
            16.03763159183668,
            16.035445975648003,
            16.10517959575014,
            16.10242145845604,
            16.11502753089971,
            15.97470832090057,
            16.14619173470967,
            16.01686761974911,
            16.049023756918714
        ],
        [
            14.672787404747996,
            14.628973912866675,
            14.637890142626151,
            14.654310314116863,
            14.663677331345507,
            14.554120693389079,
            14.637121137955667,
            14.58288319459413,
            14.58965655301018,
            14.507643519111227,
            14.386592813228,
            14.300211700816938,
            14.23182956800542,
            14.286461096261325,
            14.377146067808166,
            14.383572709565073,
            14.463594942341235,
            14.451110081045952,
            14.379708482415648,
            14.345432174235617,
            14.446767882522584,
            14.421622585982451,
            14.373256743089918,
            14.478300724675014,
            14.484140310678658,
            14.471208716171084,
            14.54107674236317,
            14.51789202323069,
            14.574694129562042,
            14.680436011492514,
            14.586343996377543,
            14.643516555314735,
            14.768736357175438,
            14.803538830596443,
            14.729551755026941,
            14.649625272140778,
            14.707741665287404,
            14.81036120200251,
            14.855189256460422,
            14.876064007862329,
            14.847584623108938,
            14.844605119920681,
            14.773568431814073,
            14.83053935903464,
            14.780159391017984,
            14.728029232095334,
            14.855305275842575,
            14.796914001632201,
            14.824391583717563,
            14.778839556059452,
            14.855898517078394,
            14.85737658487176,
            14.906443903041815,
            14.812752781978302,
            14.935502643767398,
            15.051959160830089,
            15.08618860762239,
            15.211231136662205,
            15.25500258028727,
            15.192003008593243,
            15.235425782190724,
            15.330141933425065,
            15.41283357934884,
            15.375907250361413,
            15.463811390728889,
            15.452753633067339,
            15.400822525772847,
            15.417532807193398,
            15.480051796869962,
            15.504270537946892,
            15.3924064238996,
            15.50945210314483,
            15.410394038370397,
            15.423557518778832,
            15.491313132305738,
            15.584937887932895,
            15.500020080630083,
            15.519197040611957,
            15.388401000927574,
            15.519826559826097,
            15.516901692781543,
            15.597699555440094,
            15.563121376417774,
            15.56434379711979,
            15.492419324293184,
            15.488499607277085,
            15.445744417330964,
            15.576234044123964,
            15.67568417854533,
            15.64807273236666,
            15.615204826083525,
            15.570365454478926,
            15.582277390908578,
            15.584480594939858,
            15.61295656770138,
            15.587791187794169,
            15.498418998415966,
            15.621050655973221,
            15.603294817564421,
            15.540990821360005
        ]
    ],
    "angle": 89828.40000000001,
    "fluctuation": 505.92813300000006,
    "buy_difference": 1.030731478
}