{
    "id": 246,
    "name": "Crane Co.",
    "record": [
        [
            12.571424827412965,
            12.803481572042717,
            12.653615566713208,
            12.629894420283561,
            12.368435987877975,
            12.202437153681723,
            12.079600767946525,
            12.179331981606264,
            12.417292009382367,
            12.192240233809926,
            12.39211694286674,
            12.581450704468706,
            12.546974045124978,
            12.69872009207324,
            12.333124622523577,
            12.337427940541899,
            12.349845317050107,
            12.446353815589694,
            12.58883060470148,
            12.67131899135094,
            12.742632914415095,
            12.689223958597761,
            12.749603384680858,
            12.941033524579108,
            13.039081767984756,
            12.831469042483205,
            12.602254841438116,
            12.459086888629457,
            12.278721489696562,
            11.94514663777437,
            12.283815473886785,
            11.940836684952604,
            12.244197491484067,
            11.956685442884424,
            12.309130697300814,
            12.581712470239209,
            12.640461755022931,
            12.832617024061244,
            12.84658441258931,
            12.957378783737493,
            13.089709434872272,
            13.084210560934684,
            13.177050215510706,
            13.290432773388847,
            13.306964552110735,
            13.361350824936741,
            13.517457605756316,
            13.362734123944875,
            13.609339381315074,
            13.334506777009086,
            13.526585432001188,
            13.882900991227316,
            13.756132858797642,
            13.95931339079513,
            14.078970024542425,
            13.940364557017121,
            14.061835044936036,
            13.799514458971988,
            13.842734866096073,
            13.585389294664896,
            13.615411740896345,
            13.520885395940605,
            13.679203956988122,
            13.424912271574916,
            13.689706363019862,
            13.772479049105259,
            13.821207101078764,
            13.76990933635304,
            13.591907268760384,
            13.93570597154881,
            13.658308360563922,
            13.704303592299407,
            13.88701163234958,
            14.033892141441926,
            13.802260703424063,
            13.67504268122293,
            13.700901664517497,
            13.460641057011765,
            13.562993453542528,
            13.474101960815247,
            13.744319534983049,
            13.777940882585364,
            14.009567447696725,
            14.380791382421632,
            14.051267277930815,
            13.9566765557726,
            14.235271857705673,
            13.977263111414466,
            14.032597085532377,
            14.193520316325404,
            13.984440256676981,
            13.807183580463724,
            13.716100447027358,
            13.820467664617341,
            13.931334357925678,
            13.69201322203437,
            13.427750185806081,
            13.702228685154328,
            13.387986318564215,
            13.488824644878848
        ],
        [
            12.127736926255055,
            12.368878577277686,
            12.282999138922296,
            12.152621764577928,
            11.973719927496626,
            11.745992755937293,
            11.677735523194489,
            11.8166761458108,
            12.015002681374717,
            11.766630416650534,
            12.031575138920921,
            12.151956390186575,
            12.088471706893325,
            12.226145765973081,
            11.943122342192359,
            11.937726009412852,
            11.984517058905357,
            12.084234019762254,
            12.179765145791315,
            12.28292235570242,
            12.345862608496285,
            12.278124712853538,
            12.389856363327317,
            12.560737940802866,
            12.550092576846263,
            12.410794112348421,
            12.225779288253781,
            12.037376605599276,
            11.884488988518335,
            11.590626882846525,
            11.851460583507764,
            11.584120116924662,
            11.792060038898988,
            11.615809753895988,
            11.916307257027563,
            12.160711515337637,
            12.245645880416342,
            12.46426484219238,
            12.472820128406747,
            12.536337603275275,
            12.631509905282877,
            12.68824563216809,
            12.782121101728217,
            12.812421439755994,
            12.833476153165645,
            12.860275960259882,
            13.13208553113372,
            12.944061842882112,
            13.114628430084416,
            12.936156174003674,
            13.127764698754719,
            13.408978930764443,
            13.30780526354829,
            13.557258382604742,
            13.683088201426726,
            13.438977403803388,
            13.619894690881761,
            13.331101998156008,
            13.330241168742232,
            13.119002766708913,
            13.186181005978401,
            13.072378210326837,
            13.23735635581933,
            13.019942403020364,
            13.21709890506878,
            13.379836513900283,
            13.370758664248859,
            13.299844483971313,
            13.143672394469442,
            13.482874716804643,
            13.258265113827779,
            13.265627731874009,
            13.390213167405978,
            13.61328263508862,
            13.403382987310163,
            13.166135166716503,
            13.284941707985551,
            13.066387361060324,
            13.16838564365897,
            13.054555734153872,
            13.259236231297159,
            13.3489339531987,
            13.551624433966747,
            13.845619904740426,
            13.593320925305138,
            13.435950516941684,
            13.745202257344733,
            13.505515532603198,
            13.541392187860696,
            13.708994611086622,
            13.470724576043741,
            13.363876797935855,
            13.27173296114148,
            13.39684774409522,
            13.485391224429206,
            13.207458400571072,
            12.969365656559692,
            13.189683081257105,
            12.96332869101587,
            13.091117258743061
        ]
    ],
    "angle": 91117.09999999999,
    "fluctuation": 1466.95813,
    "buy_difference": 1.034102712
}