{
    "id": 247,
    "name": "Kindred Healthcare Inc.",
    "record": [
        [
            30.20851222455447,
            30.091924465335186,
            30.209739791312348,
            30.070522939745526,
            29.978090062321627,
            30.080105696882704,
            30.018886181323317,
            30.056414793775026,
            30.165105086446776,
            30.004407018607026,
            30.19116088122851,
            30.00665638440387,
            30.04447569687232,
            30.159053394144845,
            30.375020675543436,
            30.19923891132179,
            30.241314336023084,
            30.30091762556,
            30.275139726571048,
            30.386940532963273,
            30.285267456391068,
            30.349437529070453,
            30.00330552025454,
            30.015801993825868,
            30.10300231989888,
            30.355364855466174,
            30.038848781109753,
            30.30292544325925,
            30.26894996589354,
            30.126182390241983,
            30.220241153670464,
            30.329110612623424,
            30.280624245574728,
            30.408760495518205,
            30.467349274854982,
            30.417806160405394,
            30.420667472548566,
            30.501388251273212,
            30.534442277284853,
            30.556958470883405,
            30.306603083817635,
            30.43195539095801,
            30.396712913162737,
            30.361387734815505,
            30.549872281258374,
            30.463172855645386,
            30.601483405627324,
            30.69230535823954,
            30.5239218317551,
            30.557855622309685,
            30.75067345262554,
            30.590289488283016,
            30.607059617010577,
            30.41243689210316,
            30.54096391119735,
            30.440854351236972,
            30.315195997754365,
            30.34705324721688,
            30.18173401999696,
            30.371082620760728,
            30.159541048829748,
            30.44077280527963,
            30.494279639624807,
            30.32466824203509,
            30.610768730135064,
            30.56939684084328,
            30.542250912194028,
            30.55349711297448,
            30.519728267614756,
            30.317879786195526,
            30.3268008736353,
            30.33040453252073,
            30.310007560267216,
            30.351032890291552,
            30.46876274699386,
            30.4550867554188,
            30.409799425130966,
            30.37806982504046,
            30.494033967905317,
            30.436008365882387,
            30.512378066642306,
            30.41115180768736,
            30.546822741540122,
            30.39802302159519,
            30.482121752456298,
            30.390750634371603,
            30.461274719681015,
            30.341961478788612,
            30.695527448981426,
            30.59825617299826,
            30.432980518858567,
            30.43234873840102,
            30.447593124864692,
            30.22184465700419,
            30.17505914054796,
            30.33883261249722,
            30.32798928217889,
            30.556638039524653,
            30.39055174105857,
            30.43281489537803
        ],
        [
            28.987713281335356,
            29.020331896467187,
            29.023573860777667,
            29.043292311136643,
            28.97143994381426,
            28.959663157832566,
            28.880525795287575,
            28.90797272931245,
            28.931655005385046,
            28.9823398725715,
            29.00861662471151,
            28.987418331745342,
            29.06182809734987,
            29.125879199409063,
            29.176547241908338,
            29.112170615180172,
            29.065500077127364,
            29.119881491167387,
            29.199945078098068,
            29.135719781583575,
            29.2038670957547,
            29.13745124680472,
            29.054085854085397,
            29.03700698567115,
            29.115517865477283,
            29.134433758914764,
            29.091428094569455,
            29.165441410480526,
            29.19397514126335,
            29.123321808767948,
            29.211318971415256,
            29.24321836786394,
            29.25501314212163,
            29.25853668092896,
            29.2623160367543,
            29.27600983831742,
            29.293392886565552,
            29.362319925108004,
            29.373598577014075,
            29.35423257971983,
            29.34189066640234,
            29.275007987703976,
            29.299605102043742,
            29.3477532831928,
            29.332804226672046,
            29.419580284190914,
            29.3970050071954,
            29.451955165956946,
            29.42222267226793,
            29.48737754040429,
            29.555054773011033,
            29.539381765833546,
            29.464045014541405,
            29.405947348316765,
            29.338867567999763,
            29.359774495322384,
            29.288413941793365,
            29.216667279307025,
            29.226869381114852,
            29.207702009171356,
            29.20831374666391,
            29.289338111968345,
            29.358409691220103,
            29.33874667594063,
            29.38834634570055,
            29.392552919643112,
            29.31672301483928,
            29.33336183565012,
            29.359443957467306,
            29.335124221306295,
            29.33491942493439,
            29.3089844375812,
            29.245283262797123,
            29.27021330561623,
            29.313342378856458,
            29.367622632873243,
            29.388652709931506,
            29.416993676989982,
            29.390473621011644,
            29.358039059335283,
            29.290966554411707,
            29.293011592410497,
            29.30651506468902,
            29.37727175246952,
            29.334981227222517,
            29.326126439243335,
            29.29151594637656,
            29.352530630358512,
            29.437458441297004,
            29.364630916982538,
            29.431717515886344,
            29.354509046948344,
            29.325181709993238,
            29.262770344697344,
            29.205730904125176,
            29.27895916823599,
            29.333124463322605,
            29.353924760581364,
            29.331809099640644,
            29.41384527089921
        ]
    ],
    "angle": 90064.40000000001,
    "fluctuation": 172.905121,
    "buy_difference": 1.037755784
}