{
    "id": 248,
    "name": "MGIC Investment Corporation",
    "record": [
        [
            22.89139648456181,
            22.762106573629975,
            22.85784474492684,
            22.8371434971933,
            22.864229159808808,
            22.906768795512093,
            23.00862442783732,
            22.892014277002726,
            23.004275652349822,
            23.045041021418154,
            22.83796483905549,
            22.87488045891947,
            23.066629749854698,
            22.882079114272354,
            22.98142269804853,
            23.04283449297624,
            22.955720575811778,
            23.201627624750973,
            23.160253251271406,
            23.087992995564658,
            23.037962187109844,
            23.042418958167733,
            22.99079963983619,
            23.005702044355623,
            22.968701721210476,
            23.03207533976308,
            23.171228157953337,
            23.223722990514425,
            23.399764191175567,
            23.452356004642578,
            23.545102676296725,
            23.649944407544943,
            23.78485735951901,
            23.848142592452998,
            23.84920682768626,
            23.8964191741922,
            24.018634644802056,
            23.951754049782835,
            24.31854983299649,
            24.14685659004294,
            24.107331008610892,
            24.1195452243104,
            23.972156388254596,
            24.127092099260636,
            23.941663244939775,
            23.95451079713475,
            23.85808554519491,
            23.934211979839635,
            24.131137514707824,
            23.857711305387042,
            23.878953101034877,
            23.986540255407522,
            24.12482563036357,
            23.90793529695726,
            23.832062229816188,
            23.72994321499071,
            23.696215042601953,
            23.76271646855267,
            23.67260225866693,
            23.845850053512024,
            23.722093837378672,
            23.77602759751564,
            23.94083871149376,
            23.813925006713234,
            23.630921691871713,
            23.702671992482493,
            23.865418655522507,
            23.72579666834958,
            23.71841531333654,
            23.558702390860276,
            23.4959368254092,
            23.57795669353431,
            23.391517139065698,
            23.53477525480602,
            23.346880974174454,
            23.452071909807664,
            23.219203542957363,
            23.525132566694893,
            23.317946641002404,
            23.24731255434332,
            23.377965241438545,
            23.31548679715093,
            23.325868183425722,
            23.400648337170157,
            23.332680528918328,
            23.39119864866622,
            23.323868570423812,
            23.13352217605028,
            23.33956083090393,
            23.148597157136553,
            23.165931247965982,
            23.180142192549766,
            23.126219362156917,
            23.12959362064918,
            23.323624957928576,
            23.246109716558472,
            23.037873863786775,
            22.962269042861777,
            23.098414826068275,
            23.168855498682447
        ],
        [
            22.48143418137474,
            22.390381323492594,
            22.39683114775488,
            22.378786191934125,
            22.407570104469176,
            22.408899875355946,
            22.456952634483887,
            22.410134332140753,
            22.531292606902834,
            22.461160128527563,
            22.334898905013656,
            22.415765746671653,
            22.513567178007673,
            22.5151783303798,
            22.484176929757695,
            22.544259966429134,
            22.490482999590107,
            22.636305302204743,
            22.654612207878802,
            22.715508454495946,
            22.600447239924545,
            22.51012533538082,
            22.43061427440424,
            22.43621395135951,
            22.541533165528307,
            22.590146920137396,
            22.735736785341146,
            22.803236053520575,
            22.82506686696332,
            22.90602326714379,
            23.047171568403456,
            23.15905417677147,
            23.288838388991724,
            23.250855153701217,
            23.28434154831019,
            23.344397637002128,
            23.454432413727005,
            23.57006955188741,
            23.709480833698212,
            23.757289129721812,
            23.708874805874277,
            23.592960653707493,
            23.488668545378648,
            23.513455929146602,
            23.376938384745625,
            23.40815154325632,
            23.47789370692132,
            23.4093357614859,
            23.552551517524485,
            23.42104947510037,
            23.36929067911544,
            23.439450467264702,
            23.520608540700028,
            23.392979435126,
            23.28617253352851,
            23.316653257351568,
            23.190452905634025,
            23.269485483733487,
            23.250980724428075,
            23.318254477412644,
            23.262266697722282,
            23.308154162968965,
            23.33658371142771,
            23.259169363530393,
            23.217027175730557,
            23.22229614754477,
            23.32807379566115,
            23.28921494890209,
            23.172817043908086,
            23.090483305140886,
            23.121516028036734,
            23.005756513616245,
            22.97259816888236,
            23.03015764655374,
            22.954079238966337,
            22.905745790420458,
            22.801084257715583,
            22.933652195020873,
            22.888869827236476,
            22.769332510260163,
            22.81289119471187,
            22.870410661766023,
            22.880593874726944,
            22.908061577700146,
            22.910220815139095,
            22.848569075295796,
            22.81237715625336,
            22.710115001528454,
            22.855113078934636,
            22.70898113639818,
            22.6488565153675,
            22.60183495799577,
            22.666595690774404,
            22.638187224251112,
            22.75079761040742,
            22.73405332362626,
            22.589047969769982,
            22.56234919838327,
            22.662021654072987,
            22.804229306896378
        ]
    ],
    "angle": 89767.0,
    "fluctuation": 374.735639,
    "buy_difference": 1.020992273
}