{
    "id": 249,
    "name": "TRW Inc",
    "record": [
        [
            14.931156565925951,
            14.852646597156728,
            14.942117409454488,
            14.952739309496554,
            14.918863515392081,
            14.923687211847371,
            14.86644020168396,
            14.98472241590614,
            14.872176289459965,
            14.859507194552737,
            14.988834797528625,
            14.86676396443327,
            14.923554167069836,
            14.876961579083725,
            14.90556630546117,
            14.978865557697246,
            14.964213653857566,
            14.845692168235233,
            14.832730002687345,
            14.86475959598708,
            14.882536371694956,
            14.921382119366386,
            14.96339889076606,
            14.919637189762376,
            14.885576599122581,
            14.873730308821804,
            14.949159837546274,
            14.979576088426569,
            14.985124474883548,
            14.883266962960432,
            14.888349156678661,
            14.937727106056807,
            14.97514792533972,
            14.916823195791096,
            14.883995121241474,
            14.842820375735542,
            14.868485499232376,
            14.860963689907699,
            14.961623958955768,
            14.932295282577323,
            14.910541738612133,
            14.831972879233907,
            14.871399455175368,
            14.907342950494195,
            14.935086669366482,
            14.880606499072115,
            14.872080281896942,
            14.936292203996762,
            14.861341395882423,
            14.886245550440428,
            14.794256790248376,
            14.898661244659891,
            14.935758898046858,
            14.875035220705612,
            14.797844868533211,
            14.843477487215127,
            14.817008765526506,
            14.862480254966586,
            14.871424199498836,
            14.780176329932942,
            14.88005465714426,
            14.873888638775892,
            14.848635630018249,
            14.87588453248387,
            14.799069071826082,
            14.78161035576214,
            14.84750065012637,
            14.86484334940814,
            14.88856946449062,
            14.809274186374779,
            14.889079745559966,
            14.821490136323137,
            14.87917812584916,
            14.799055921615892,
            14.825779486519666,
            14.819439486219814,
            14.76805323416363,
            14.75098841107375,
            14.801303123837796,
            14.822097106523236,
            14.847508406425908,
            14.787322920954802,
            14.83161606096963,
            14.770700762802841,
            14.857227073515933,
            14.80794647184679,
            14.881004357801983,
            14.833502480873173,
            14.872412121727578,
            14.776088193279412,
            14.774206939287307,
            14.764686298463245,
            14.79724250767338,
            14.881252123281831,
            14.909186520408097,
            14.788019755044907,
            14.880255904862016,
            14.919096161102905,
            14.892657320996413,
            14.884660734655917
        ],
        [
            14.54230581302997,
            14.554320996535486,
            14.563140860079491,
            14.558973586929627,
            14.566626077715117,
            14.582991788822703,
            14.570759588478472,
            14.578494647155496,
            14.57345842156513,
            14.571271298294276,
            14.58539955618093,
            14.585705038472883,
            14.595996865017435,
            14.579609503464763,
            14.58424218680709,
            14.590226402638736,
            14.575954654659746,
            14.56941954730992,
            14.568402480950551,
            14.566190697470896,
            14.582148251773695,
            14.592412082083996,
            14.601357027138436,
            14.599471441685436,
            14.583664947322141,
            14.588146104042151,
            14.593291063686385,
            14.605475934450252,
            14.609428165063411,
            14.60336209857641,
            14.589306445645922,
            14.576306375424876,
            14.574983591875759,
            14.560269777284466,
            14.555849350911611,
            14.54031823650102,
            14.556705260099356,
            14.549341177095231,
            14.557471602599934,
            14.550665554650875,
            14.562865711072616,
            14.555955568999849,
            14.556641534571183,
            14.542301213305432,
            14.53020449901983,
            14.522017837536316,
            14.534016258655477,
            14.532824124193086,
            14.536604427129244,
            14.523170140795571,
            14.529154666066674,
            14.522235185976777,
            14.525074502149286,
            14.535450482357442,
            14.521004442461912,
            14.514772510619366,
            14.520854991957037,
            14.508674911901908,
            14.505814043282623,
            14.497843437957576,
            14.491090547833526,
            14.479314183635283,
            14.492264593853246,
            14.500033944834923,
            14.490196072155761,
            14.48761693468335,
            14.498396640365392,
            14.503737851609092,
            14.487832936510536,
            14.48712496202756,
            14.499879720753091,
            14.486024703168036,
            14.480136186305028,
            14.493087331728514,
            14.478632904690123,
            14.478228596275999,
            14.484498090198116,
            14.485205970901491,
            14.47787805863044,
            14.472144343672742,
            14.481040855953339,
            14.481596909356636,
            14.477099329149098,
            14.47982871254345,
            14.493412542735022,
            14.497435687658333,
            14.48335571888351,
            14.489070851752654,
            14.477876835625008,
            14.488016664871932,
            14.49489782102817,
            14.497200338310334,
            14.507303025608696,
            14.509607513459974,
            14.52380284925917,
            14.51427794504806,
            14.530381732429325,
            14.516092591119461,
            14.501918644596689,
            14.51582750166556
        ]
    ],
    "angle": 90047.3,
    "fluctuation": 64.82616200000007,
    "buy_difference": 1.023260193
}