{
    "id": 25,
    "name": "Hershey Foods Corp.",
    "record": [
        [
            3.383451974967126,
            3.365072074127179,
            3.3518030827315144,
            3.2964727341370295,
            3.3499448142734787,
            3.3171679370075076,
            3.3214886505769985,
            3.354734938582702,
            3.3631244919611682,
            3.3842244432173794,
            3.396763128899302,
            3.404715051699106,
            3.3859159154363145,
            3.373225730694474,
            3.4065127439770175,
            3.3914612298559685,
            3.3925280236744464,
            3.3659126860139548,
            3.3748722921953997,
            3.3973024885777385,
            3.3852976045536587,
            3.3662812455574356,
            3.365523707470626,
            3.3552066798327322,
            3.3880126164824174,
            3.364768913280546,
            3.368625866615337,
            3.40208371072658,
            3.435063608653738,
            3.4274100654438224,
            3.416302299043805,
            3.4062567874982443,
            3.4208090368769954,
            3.391212879618608,
            3.427765484067518,
            3.433573006645865,
            3.412659900126029,
            3.4226309979918907,
            3.369826390300674,
            3.3909274883556573,
            3.3610439733703643,
            3.4119531625002906,
            3.4278840458902025,
            3.4468742574718036,
            3.4785025235680584,
            3.5017226888004083,
            3.5283144240346846,
            3.5363031599335875,
            3.567270105762892,
            3.5896248828726587,
            3.594411447015505,
            3.5635207285874806,
            3.555399295761288,
            3.53597103363969,
            3.5055679895744993,
            3.4942065474179342,
            3.505710759342589,
            3.551157101850215,
            3.5695082004347607,
            3.585585761438402,
            3.5543608312865924,
            3.5594393476077384,
            3.5597924576481446,
            3.557551420645555,
            3.546825265416544,
            3.547332695307031,
            3.5328320573350647,
            3.5181561949408264,
            3.514647691917483,
            3.5152452581331333,
            3.4956602195531596,
            3.476933931934981,
            3.5059357293692837,
            3.5067056771374205,
            3.5202793252402427,
            3.552790966262285,
            3.5329712993629045,
            3.520613252858642,
            3.4927960541409715,
            3.5150468115397255,
            3.479489480133253,
            3.509146130333835,
            3.540082030451638,
            3.5522901756468546,
            3.560091654736694,
            3.550313687295678,
            3.5143362035077508,
            3.5712854566383823,
            3.5683899009081856,
            3.585132610770239,
            3.556868841571659,
            3.5419005331456748,
            3.583157452581772,
            3.521876792500077,
            3.5327286822601334,
            3.5672113271647024,
            3.548088608709191,
            3.534754569483727,
            3.5582851174851418,
            3.547240307596312
        ],
        [
            3.2389060830535303,
            3.2251657937095044,
            3.21533390683421,
            3.1825842251317993,
            3.204277441195333,
            3.178619434000644,
            3.2086695868250015,
            3.2120556674059224,
            3.2355587547586073,
            3.2676324431093433,
            3.279739150810222,
            3.2716422473205116,
            3.257485683105948,
            3.2426803650974443,
            3.264232566996412,
            3.2706773564332714,
            3.2583028847123234,
            3.2266149132629938,
            3.2381101792784452,
            3.2576803262143126,
            3.2595007747753866,
            3.2231109017045436,
            3.2372189392814974,
            3.2353893697933898,
            3.2497448380402183,
            3.2297057871676857,
            3.250612079101001,
            3.2596635626613515,
            3.293560974190694,
            3.2855672332145818,
            3.2979425948885988,
            3.281653464680988,
            3.291384718251485,
            3.257365250385126,
            3.2859079428938416,
            3.3053200850110365,
            3.270122974226355,
            3.2741287905868335,
            3.2377935220516547,
            3.244123705587141,
            3.241018208569116,
            3.2736883977101305,
            3.301827694527196,
            3.3277895868034326,
            3.3499133454083245,
            3.380743081765477,
            3.4057319531675856,
            3.3889398596251654,
            3.413851267756452,
            3.442098664672977,
            3.4425673209204084,
            3.428010707749926,
            3.4229386520473692,
            3.390311659127809,
            3.3705751009776335,
            3.371116402117609,
            3.378823983992986,
            3.4004625811149625,
            3.423833427382189,
            3.4440664376394685,
            3.413391722053227,
            3.431984413523772,
            3.4251097822012984,
            3.412364614305602,
            3.395976255546686,
            3.4018839731494586,
            3.4124914516402614,
            3.392519817870585,
            3.379643226651126,
            3.3765022005081944,
            3.3735346847918297,
            3.3453861605757744,
            3.383790944065147,
            3.3619164947334537,
            3.3853972131575096,
            3.413589379226533,
            3.3901408440052987,
            3.379294474654093,
            3.3452446198415386,
            3.3739514724435473,
            3.3428257631928813,
            3.363920663777829,
            3.3935762864831007,
            3.4120849938320243,
            3.415482844278696,
            3.4259347916593006,
            3.3932616430304594,
            3.4214410269258013,
            3.438544926570473,
            3.4491459455263502,
            3.4308825716585702,
            3.4212510234740994,
            3.433157082711762,
            3.401567529681344,
            3.3990699490010177,
            3.4161758644467284,
            3.4152161955061655,
            3.3945630620170184,
            3.414431278730708,
            3.401116711126697
        ]
    ],
    "angle": 89755.9,
    "fluctuation": 657.170525,
    "buy_difference": 1.040362511
}