{
    "id": 250,
    "name": "MDU Resources Group Inc.",
    "record": [
        [
            31.487558170484245,
            31.658666990922836,
            31.526030096890057,
            31.544371752822684,
            31.461590725912057,
            31.40571202620813,
            31.421370012360242,
            31.54616425952038,
            31.37088370522138,
            31.543894600730123,
            31.687366295668287,
            31.48393646170073,
            31.586129925589354,
            31.480346199842817,
            31.507787773598345,
            31.47571663105823,
            31.360035193033866,
            31.40086107087704,
            31.564724180554702,
            31.598968033536764,
            31.44311422011229,
            31.503945010020807,
            31.715736282589745,
            31.587704187858797,
            31.50510750635152,
            31.748176637464248,
            31.766064125838735,
            31.816297368073805,
            31.671772497634496,
            31.660069811935678,
            31.781694660486906,
            31.796494736554546,
            31.91974141669659,
            31.628139067640365,
            31.847317717468112,
            31.671602052549577,
            31.612331173748185,
            31.612221613563626,
            31.622612172964253,
            31.85177026184089,
            31.689533732288865,
            31.755071029976264,
            31.605943798241686,
            31.674883651758645,
            31.690383001003383,
            31.54339972775942,
            31.863752313176523,
            31.691360203767413,
            31.88373380758031,
            31.62006358039172,
            31.857967910817585,
            31.830751738586763,
            31.86924074608657,
            31.80592305936896,
            31.828334852882357,
            31.589862612057548,
            31.848075130842574,
            31.77637780383041,
            31.840108998860146,
            31.737863618580665,
            31.879002859748663,
            31.969293792120702,
            31.723346889646457,
            31.888989741128363,
            31.921804505149886,
            31.795671988997654,
            31.713056672053185,
            31.64976885667757,
            31.712907986211597,
            31.61079988089015,
            31.66305416400174,
            31.898027476672752,
            31.79654310836861,
            31.99461347617034,
            31.882645040435108,
            31.790681492623616,
            31.89332257033833,
            31.94725841645025,
            31.745508069674447,
            31.621759743018295,
            31.721430891366058,
            31.655068768856232,
            31.72869813860151,
            31.71848330162005,
            31.58559237329894,
            31.672192410287007,
            31.734990588109667,
            31.62262154841595,
            31.820583448669503,
            31.694936377843153,
            31.752453251166976,
            31.831334809529615,
            31.68242662146326,
            31.587535646918038,
            31.623862087964003,
            31.79733357686512,
            31.590174652047867,
            31.69100497976028,
            31.85524666519309,
            31.730381869929243
        ],
        [
            30.454429830766845,
            30.433979666043975,
            30.4428528437826,
            30.424055447125134,
            30.404951453958024,
            30.381355123154126,
            30.408687803227618,
            30.39542529742385,
            30.420804379321524,
            30.4570578498652,
            30.476738867722254,
            30.490628291649323,
            30.503938145113416,
            30.496326808422662,
            30.480101476312292,
            30.427738569870307,
            30.42556136235975,
            30.44070314088361,
            30.48326579544521,
            30.491940406841564,
            30.493909617601332,
            30.522249985420782,
            30.543573420549183,
            30.49630866303752,
            30.55096316080811,
            30.544352726774846,
            30.582891065362894,
            30.57638043156723,
            30.60501130771139,
            30.609018018789172,
            30.628476283799433,
            30.64885686628685,
            30.68800971350408,
            30.68875958136127,
            30.670291816148747,
            30.62630003093857,
            30.614972191415944,
            30.575002980935142,
            30.591180659966124,
            30.625710611441527,
            30.677432371548793,
            30.697791916653642,
            30.657981773178907,
            30.617209269572978,
            30.59238116565102,
            30.60653706352271,
            30.64943872580931,
            30.60862423269549,
            30.635091048072198,
            30.6624377457593,
            30.674430028977802,
            30.66351237248551,
            30.633357950570407,
            30.60600816280771,
            30.603177293923387,
            30.654700220506037,
            30.674080385074884,
            30.724540960517107,
            30.73999256543684,
            30.7581374444167,
            30.77446576254479,
            30.750958065406778,
            30.722485396827956,
            30.67371436648102,
            30.708337478299356,
            30.706300959300027,
            30.65103946032363,
            30.65430307328052,
            30.60494697935616,
            30.63499607752904,
            30.621100663299796,
            30.670187262613062,
            30.713285504143613,
            30.759992580107088,
            30.704313497789045,
            30.680003295263027,
            30.70234853310923,
            30.711407189407932,
            30.679333417960958,
            30.685653092935517,
            30.65606487302334,
            30.61951114981768,
            30.66001959263211,
            30.62869370522007,
            30.635163387234705,
            30.65142642314176,
            30.644633831265406,
            30.683405936602043,
            30.68126398030326,
            30.639659436445363,
            30.624746812695957,
            30.67019341434998,
            30.630632626392295,
            30.597096172726058,
            30.570951551670852,
            30.619101344160427,
            30.648843070719767,
            30.666559263147466,
            30.64430975045301,
            30.692360473092606
        ]
    ],
    "angle": 89961.5,
    "fluctuation": 103.89424199999996,
    "buy_difference": 1.035580675
}