{
    "id": 251,
    "name": "Golden West Financial Corporation",
    "record": [
        [
            10.251133503110879,
            10.34551136766586,
            10.610548394924677,
            10.750976862942805,
            10.838010176150803,
            10.596295431838286,
            10.58787992507787,
            10.703795975875899,
            10.574803506295474,
            10.42802668516504,
            10.599642929087901,
            10.396504478518182,
            10.489780799034714,
            10.578992318176157,
            10.563883636856792,
            10.84572659154311,
            10.673269721498484,
            10.442880944373114,
            10.505104894625992,
            10.689998722777641,
            10.917617514385862,
            11.131360092809228,
            11.257725522458374,
            11.454475706213694,
            11.678096535892358,
            11.415787650966479,
            11.281009743279572,
            11.240825614275748,
            11.361452313657384,
            11.648417875429674,
            11.688225498582478,
            11.489672633319683,
            11.634501462695843,
            11.927360864247422,
            11.866720939504027,
            11.956006977888624,
            11.827207889144184,
            11.850221080716404,
            11.832523449178321,
            11.992864463685978,
            11.96997732740704,
            12.081152270700413,
            11.96427865332681,
            12.268809138940643,
            12.197455722917836,
            12.527526871954828,
            12.422002612741943,
            12.652466183072233,
            12.906507883960735,
            13.024323347701431,
            12.893024111685493,
            13.199054395773173,
            13.230333560057685,
            12.9089165463009,
            12.624345301054142,
            12.591027520881669,
            12.454742620385993,
            12.410240725170667,
            12.337045422066959,
            12.514695774864341,
            12.445240879902949,
            12.271641002514535,
            12.565517910794137,
            12.385560827364387,
            12.737987757917278,
            12.938905038329608,
            13.143062098082176,
            12.89045743833393,
            12.563149950259136,
            12.231482859498671,
            12.373899713118343,
            12.470816296925905,
            12.544888974301479,
            12.63840389485735,
            12.781706738321962,
            12.479048420724798,
            12.385917478148349,
            12.453451194214852,
            12.44193867624449,
            12.434856356899694,
            12.325232939228423,
            12.588504150440025,
            12.370057597387417,
            12.098250285527811,
            11.90918900675874,
            12.083966205001776,
            12.421569525242727,
            12.18377249538184,
            12.545373090385388,
            12.240352037050062,
            12.164281070704252,
            12.429728369993366,
            12.446212046905334,
            12.314066577084951,
            12.545943309013687,
            12.411683103985373,
            12.57519189876238,
            12.405334389195552,
            12.691221720866483,
            12.53909872036845
        ],
        [
            10.111625787525714,
            10.24867427971633,
            10.441155611069876,
            10.679227511808417,
            10.739790575497528,
            10.51607209361078,
            10.49297853355908,
            10.581346569051238,
            10.44652010876992,
            10.273815022730057,
            10.449139122285379,
            10.243779472579373,
            10.419774605600614,
            10.447527291701187,
            10.49760049710419,
            10.732381615628157,
            10.522769411900313,
            10.276164898341246,
            10.403647554256679,
            10.580398555631819,
            10.755094250729401,
            11.028271930389517,
            11.188213085940353,
            11.305357325695022,
            11.594337029391324,
            11.338462660404462,
            11.108650704657993,
            11.065775017686345,
            11.24834521389952,
            11.491040635545456,
            11.513083873984115,
            11.350290918947294,
            11.558016597340394,
            11.837060182190276,
            11.76625253421208,
            11.86668025533972,
            11.727074017138905,
            11.680796022790922,
            11.73587451371459,
            11.912827062947251,
            11.794137951567498,
            11.929828603246474,
            11.86060598062513,
            12.09942925734114,
            12.120922727089713,
            12.45142513913014,
            12.240742531893694,
            12.547861458496355,
            12.752486174812113,
            12.821498782102534,
            12.735346144723627,
            13.032427043935707,
            13.033382440767156,
            12.78296332483216,
            12.476183813636782,
            12.4011227333947,
            12.30365360036796,
            12.278088455661061,
            12.200790314450146,
            12.387627492693012,
            12.283224371005105,
            12.194642530785302,
            12.416806019711663,
            12.29796174379728,
            12.62761075367245,
            12.76281942950177,
            12.933238835956008,
            12.783885112394973,
            12.461783005682706,
            12.13644389054465,
            12.296259618607293,
            12.286395469176576,
            12.437431941853344,
            12.488829404031641,
            12.59770841032185,
            12.372155365408432,
            12.229555320104499,
            12.356687525000511,
            12.366356871261067,
            12.268077601194832,
            12.233147624695803,
            12.504491598272798,
            12.181059335379054,
            11.97421189339587,
            11.734242613426078,
            11.9720559028977,
            12.240315763945162,
            12.08789144595498,
            12.421723199156085,
            12.118495193338125,
            12.02993403949325,
            12.322022489980718,
            12.263376766767964,
            12.235572447233523,
            12.377674633110566,
            12.29550602915282,
            12.46497605415049,
            12.237730744916062,
            12.517258355478114,
            12.441669567445176
        ]
    ],
    "angle": 90766.2,
    "fluctuation": 1542.895933,
    "buy_difference": 1.011167728
}