{
    "id": 252,
    "name": "Cintas Corp.",
    "record": [
        [
            38.09771526244104,
            38.06451416634561,
            37.77234871036748,
            37.42434966625953,
            37.44952617823795,
            37.946941648332285,
            37.527196296225185,
            36.734497452649336,
            36.40261109756433,
            36.37580731353217,
            36.316368110124344,
            36.04524386610045,
            35.99379672073372,
            35.68122826125022,
            35.73274053479862,
            35.686583055861746,
            35.536209528512586,
            35.88367467876575,
            36.46937024365592,
            35.88200216340874,
            36.07062071122846,
            36.30753134003259,
            35.87532616070606,
            35.5059229938803,
            35.939497101100855,
            35.41224137203722,
            35.35966232517859,
            35.177016946148775,
            34.97233171177905,
            35.39752063852017,
            35.97001443883183,
            36.35863316402058,
            36.555172414044186,
            37.16997319440644,
            37.6911719367082,
            36.99323500423831,
            36.6381944754824,
            36.41817733568685,
            35.761276264432944,
            35.77673088524909,
            35.95060781939173,
            36.1135609467615,
            36.274249836352126,
            36.32118167097476,
            36.12160760883386,
            36.499931899446175,
            36.175213234002655,
            36.34644835234718,
            36.788481622565506,
            37.45075376391969,
            37.48855197245121,
            37.771080480942345,
            37.47880717540912,
            36.94701542812147,
            37.63163951523202,
            37.99209528733036,
            38.100453697986886,
            38.40234767036946,
            37.97359274513906,
            38.38306774735129,
            38.02558898733678,
            38.34930883764368,
            38.25077010936836,
            38.80314091062809,
            39.04389037946298,
            38.44648610973955,
            38.371839496851806,
            38.15678584651891,
            38.6864840040174,
            39.04270958817274,
            38.40129461863046,
            38.69762529813235,
            38.231831202553806,
            37.94022968490484,
            38.40826877390884,
            37.951105242463825,
            38.13911380952451,
            37.46923409995918,
            36.85273619816132,
            37.36084644229285,
            37.23691744557266,
            37.67868699130193,
            37.83896475854331,
            37.934761284031865,
            38.20945373602988,
            38.485545193425146,
            38.68741159046617,
            38.99211033612993,
            38.792490593455554,
            38.738604150486346,
            38.81016260421544,
            38.49150511413411,
            38.1778088469014,
            37.71876962813398,
            37.4852637746991,
            37.778396567403455,
            37.62657267319646,
            37.38858446171143,
            37.07434580388818,
            37.08537806391943
        ],
        [
            36.74190732765949,
            36.77592595545783,
            36.44629932348536,
            36.18998423453155,
            36.3707716011491,
            36.57825405306636,
            36.13041713743682,
            35.57626579439838,
            35.170282863953844,
            35.320884987351974,
            35.14667295410521,
            34.83894071344349,
            34.96048745091167,
            34.525077377443694,
            34.40617839707762,
            34.53371514718963,
            34.264723011438114,
            34.808062627564915,
            35.080520297568036,
            34.556782575183156,
            34.755747016408435,
            35.01892534181086,
            34.70246595684221,
            34.38642805264851,
            34.726317095916286,
            34.30257308018258,
            34.27224619275775,
            33.98957535560411,
            33.80531488038774,
            34.29862383910406,
            34.66917466316346,
            35.008835040148554,
            35.45943223876226,
            35.87581334826865,
            36.2557925549819,
            35.712359775210516,
            35.45813378016989,
            35.05918475951497,
            34.68585268326701,
            34.52418623256867,
            34.782247082885924,
            34.88404522811494,
            35.23642960581108,
            34.94840749759478,
            34.86394907083059,
            35.31018480456985,
            34.89826703085883,
            35.3065624945126,
            35.66070035862382,
            36.03528694330669,
            36.41233129570817,
            36.477843417224435,
            36.355381076399325,
            35.80719335263681,
            36.2779416850682,
            36.86438043694263,
            36.70792826856337,
            37.20643842699467,
            36.75788056796818,
            36.976527993390064,
            36.617553034790134,
            36.92560776265211,
            36.985447239353974,
            37.46333954596788,
            37.75233135227965,
            37.30902838900379,
            37.180606584202195,
            36.953709708033365,
            37.28368708242577,
            37.80412598482766,
            37.2838869629047,
            37.55273750412536,
            37.13054189106955,
            36.65951259761909,
            36.94925699352548,
            36.769248394926066,
            36.80753618470099,
            36.25514786382848,
            35.73015053380211,
            36.25186887637062,
            36.01233639563117,
            36.4906852180122,
            36.50693295506251,
            36.51190352792247,
            37.00101021587747,
            37.35443127488958,
            37.57299903073697,
            37.552026023990095,
            37.39330535326463,
            37.341362511092775,
            37.49633214848232,
            37.29655724740128,
            36.76779889569974,
            36.40550214625701,
            36.129625672232635,
            36.38676289584441,
            36.458476164239904,
            36.19160113378803,
            35.826438499086755,
            35.71927294762189
        ]
    ],
    "angle": 90053.0,
    "fluctuation": 928.5539679999999,
    "buy_difference": 1.034418255
}