{
    "id": 253,
    "name": "Anheuser-Busch Companies, Inc.",
    "record": [
        [
            8.51468609157978,
            8.537456140812992,
            8.493554439390342,
            8.534942625625433,
            8.520788755835534,
            8.5642570570187,
            8.52682908357587,
            8.551492350932662,
            8.546373127425182,
            8.570857063651099,
            8.50595633249355,
            8.559983670745996,
            8.513154327864822,
            8.541017524214988,
            8.488910029199513,
            8.486966368606808,
            8.478918089224809,
            8.476917371439189,
            8.491986262613265,
            8.522398144099045,
            8.510046362982305,
            8.547189469861841,
            8.590255781634564,
            8.512413265531201,
            8.599366697849407,
            8.505730218793817,
            8.5710857616457,
            8.499310589601826,
            8.565276087235283,
            8.549478996528066,
            8.501144437765912,
            8.506521074332717,
            8.514514787274088,
            8.54263707485893,
            8.529453058071876,
            8.574404257525948,
            8.570297087923683,
            8.577060527439572,
            8.60756288234593,
            8.602769025933057,
            8.598384759822341,
            8.609912007778565,
            8.54666932965564,
            8.572635908314197,
            8.618226102658106,
            8.577941285610498,
            8.632863417102921,
            8.588984488673828,
            8.58419841545005,
            8.600060589499474,
            8.604368805404441,
            8.6474660571296,
            8.58506140398061,
            8.59829088657443,
            8.62789127637933,
            8.611887809317041,
            8.616652609443264,
            8.584014547373261,
            8.63448808593949,
            8.57170678733068,
            8.573717740746119,
            8.620141035107181,
            8.628154069791925,
            8.623868798807857,
            8.543791654026935,
            8.540742308326065,
            8.608510919123509,
            8.5658381747135,
            8.581401230112588,
            8.570433474161785,
            8.616693742891277,
            8.57262733365901,
            8.611038554908454,
            8.585325694793198,
            8.541714372809478,
            8.573012683230457,
            8.584759533401781,
            8.57942925326435,
            8.57998496133087,
            8.59729320936023,
            8.56075232150199,
            8.569979462282678,
            8.635750504481207,
            8.6024707570695,
            8.601581537171727,
            8.583705626410266,
            8.640919237414089,
            8.626208653606154,
            8.588606101033875,
            8.650244750346243,
            8.597348054246664,
            8.624756215938392,
            8.633613753396272,
            8.580919396859088,
            8.609615134181514,
            8.627830267819606,
            8.595411988334387,
            8.566619178623718,
            8.6412260999727,
            8.60597684631784
        ],
        [
            8.263535935804429,
            8.274063396360456,
            8.271118488113698,
            8.27575498531103,
            8.285183146148237,
            8.293419275986203,
            8.289397247899524,
            8.295941822991995,
            8.298432984581977,
            8.29898339400379,
            8.2956677782869,
            8.291760378407997,
            8.283562951883685,
            8.271739128041135,
            8.278211923411593,
            8.265531409557394,
            8.267638153138778,
            8.277317402540596,
            8.278718964300511,
            8.28923679577903,
            8.297158050717655,
            8.296738115065713,
            8.308658215932931,
            8.307802724718643,
            8.316642528259273,
            8.305451814187542,
            8.295071355696079,
            8.285859348524625,
            8.287797649887132,
            8.27580912432879,
            8.286815632829109,
            8.286237144346499,
            8.285716537422768,
            8.295634385209208,
            8.293607874529457,
            8.302418068371132,
            8.31501486031523,
            8.327397867280943,
            8.3353555892169,
            8.3323743282665,
            8.328958186387366,
            8.338461528947509,
            8.3403975753317,
            8.348965729965805,
            8.361516220264415,
            8.359998761432712,
            8.358189875079777,
            8.36321109037119,
            8.368615305959683,
            8.371479059411659,
            8.371479059411659,
            8.371493670424444,
            8.3619052320086,
            8.363890525009909,
            8.374238511209702,
            8.387193502591833,
            8.377557872415238,
            8.376841475439257,
            8.381478690661684,
            8.36903377027655,
            8.365952887122004,
            8.355030762818666,
            8.346145034144916,
            8.33867896635677,
            8.328387637750996,
            8.33461360119869,
            8.335442842453935,
            8.346528661510549,
            8.335777193095131,
            8.344311444126056,
            8.33505928513327,
            8.329752856609462,
            8.334567769333649,
            8.329595812196809,
            8.32385730335319,
            8.329294275961754,
            8.340707180095675,
            8.348050507909944,
            8.3527738900144,
            8.351214298832685,
            8.348271061592808,
            8.355591856616485,
            8.366821451220053,
            8.366281180355273,
            8.372959581723824,
            8.379906786738873,
            8.38855949698336,
            8.379302101070344,
            8.367035390903668,
            8.372515188889414,
            8.366323945730901,
            8.36534572679893,
            8.363083295070203,
            8.363740181687309,
            8.360675834015012,
            8.36331784450434,
            8.366954013697843,
            8.362385742475333,
            8.364619391729432,
            8.36132131535395
        ]
    ],
    "angle": 90072.90000000001,
    "fluctuation": 89.34752300000002,
    "buy_difference": 1.029260391
}