{
    "id": 254,
    "name": "Echostar Communications Corporation",
    "record": [
        [
            25.773529433004416,
            26.255376118542774,
            25.947549293985993,
            25.4388061484458,
            25.274121760401457,
            25.54785752080977,
            25.859823065686104,
            25.667495355730885,
            25.580501870159615,
            25.691565052145165,
            25.642822226693102,
            25.476224958555996,
            25.394963860687497,
            25.068951401141607,
            24.91593152038209,
            24.833068509584145,
            24.91745460213072,
            24.997114853922973,
            24.936324338824647,
            25.425008102369674,
            25.586257593496434,
            26.043581796772575,
            26.254388099503505,
            25.923212292423283,
            26.153563062703594,
            25.86293924534888,
            25.825902327511624,
            25.85855574423324,
            26.176517246974814,
            25.793044167662604,
            26.36305054961691,
            25.999552542876838,
            25.65927500869841,
            25.837677161879167,
            25.77070277619367,
            26.355986256251974,
            26.066552438057695,
            25.624485524280846,
            25.33145163156234,
            25.658503706588615,
            25.950374592027785,
            26.0584700139021,
            26.273098542706837,
            26.06778788922416,
            26.074076524800105,
            26.496073859710133,
            26.092717582178246,
            26.04229610645603,
            25.734907332735066,
            25.21430035041999,
            25.470609280185997,
            25.68494615059308,
            25.387405851102503,
            25.601214032301804,
            25.740916147473833,
            26.072489967570192,
            25.748311943121777,
            25.45753377458932,
            25.126650271268506,
            25.291201549633655,
            25.911737505126055,
            26.136738503589257,
            26.15482669905321,
            26.189971372831277,
            26.23581708846194,
            26.918524287026784,
            26.711600029289773,
            26.772496615471567,
            27.137697707163525,
            27.48841478264139,
            27.575568602573775,
            27.64837581485102,
            27.95579067443019,
            27.434808578625027,
            27.85664766230593,
            27.37378044667465,
            27.593761259631925,
            27.200416303176134,
            27.137851082604673,
            27.58354113851542,
            27.719186305950632,
            27.36819233025834,
            27.382188381497542,
            27.17540748621398,
            27.327336186947953,
            27.189145957922236,
            27.505907315776778,
            27.94186198604192,
            28.300219486153367,
            27.84339905099027,
            27.787836680300597,
            27.401178875833164,
            27.479262805428657,
            27.689046694108963,
            27.966035065493003,
            27.437555768310926,
            27.56004949478188,
            27.09861274952046,
            27.063145772642994,
            27.428441524131177
        ],
        [
            24.875612643341306,
            25.262499370269282,
            25.02857970948718,
            24.594285852413396,
            24.3522792045231,
            24.645502241810128,
            24.966376371560163,
            24.820346583097432,
            24.73375067166297,
            24.79650379664237,
            24.898582180419073,
            24.655115078546505,
            24.454092456598655,
            24.336479171502155,
            24.069515986579024,
            24.08814047385784,
            24.039763736311418,
            24.094980161554084,
            24.193153058350546,
            24.478147933866705,
            24.704729251373276,
            25.058714290360733,
            25.461715449335657,
            25.10277104535507,
            25.252489234183287,
            24.889856639570535,
            25.051191836769505,
            25.042668834953243,
            25.39893335379096,
            24.96172306588861,
            25.381256467776048,
            25.204461768362435,
            24.927073552346627,
            24.964937637054888,
            25.030291969534748,
            25.414945063764492,
            25.07832066725199,
            24.806045658715487,
            24.611077524284735,
            24.933839734415873,
            25.068818141098678,
            25.256513017474052,
            25.36284085838686,
            25.3137559772563,
            25.175741261531993,
            25.51948990821756,
            25.166096070838535,
            25.177741084146877,
            24.778973404290248,
            24.477581271071905,
            24.664492422225045,
            24.750585705633167,
            24.537231514407086,
            24.684660183101933,
            24.92874099255314,
            25.28530918694254,
            24.85623601357747,
            24.637026319619217,
            24.346048912534172,
            24.569503270892323,
            24.97659449044083,
            25.15585812957085,
            25.28148008326529,
            25.22969598694879,
            25.494848260274175,
            25.949633731626133,
            25.884353441540558,
            25.896647344988803,
            26.31307771688502,
            26.501654140934367,
            26.74032478365627,
            26.624016563292287,
            27.014205495950236,
            26.547915508356784,
            26.8058845368476,
            26.44386967974119,
            26.640407684346567,
            26.25016830028831,
            26.26318626541129,
            26.55629440942238,
            26.82578480008915,
            26.435830190491956,
            26.489043304259862,
            26.4025950871253,
            26.346357836424637,
            26.176587015187007,
            26.478915216261374,
            26.968403264490654,
            27.410038810660662,
            26.919050814210802,
            26.88953116747462,
            26.571217194283054,
            26.628242036746567,
            26.834218348387928,
            27.140740044478935,
            26.659967269348016,
            26.59989263191848,
            26.212094747533055,
            26.230269587427806,
            26.600321845603304
        ]
    ],
    "angle": 90877.5,
    "fluctuation": 1085.318765,
    "buy_difference": 1.034234646
}