{
    "id": 255,
    "name": "Progressive Corporation",
    "record": [
        [
            21.43612746942127,
            20.956372294578653,
            21.02681657559039,
            20.728556838474688,
            21.309102681881107,
            21.540965447158396,
            21.65192855701956,
            21.32747189782977,
            21.601645670403187,
            21.24813317483469,
            21.2003967219775,
            21.455140280430328,
            21.767466870948418,
            21.816962794723935,
            22.00600206869235,
            22.01904242086937,
            22.046063231101833,
            21.848192781880613,
            22.104200593331512,
            21.863399326406203,
            21.39834078869958,
            21.278899031767217,
            21.12502419058861,
            20.69467120058221,
            21.00833122280634,
            20.79589195541591,
            20.960189106773147,
            20.577100334390064,
            20.390587554634777,
            20.28306504652797,
            20.365620866192085,
            20.70998332109731,
            20.744374444322883,
            20.686401395539733,
            20.625195958820246,
            20.42974327905394,
            20.235210248401973,
            20.703939378314768,
            20.995875821423155,
            20.948629993523483,
            21.011998570690718,
            21.21895562028549,
            21.07809094170022,
            20.67564513748416,
            21.045559990077354,
            20.90620504798165,
            20.597723409734616,
            21.027815180206495,
            21.22272599122791,
            21.075213688286933,
            20.85864304267304,
            21.10698930457719,
            21.512024080918373,
            21.289626840842267,
            21.02109612545245,
            21.195389797229502,
            21.086561910600683,
            21.079699836889482,
            21.17911345337325,
            20.726655093210322,
            20.679115384949167,
            21.02542313835314,
            20.709915013270685,
            20.600052510457306,
            21.007724588370532,
            20.689971131876533,
            20.919834309817375,
            20.874267228824127,
            20.785592632157595,
            21.289065222071525,
            21.27522887069173,
            21.70487764654885,
            21.867242903601138,
            22.40033540678579,
            22.50742719997995,
            22.360175553610738,
            22.14841260265819,
            22.2942083291685,
            22.054462706228552,
            21.948620998620477,
            21.788103636753473,
            21.693395643402223,
            21.445706438393806,
            21.607088636163525,
            21.743504117026035,
            22.311314620927416,
            21.769621990075528,
            21.63574021234176,
            21.46514631035046,
            21.583868604228513,
            21.897011688670887,
            21.692887584359415,
            21.578081787317256,
            21.35816410549742,
            21.33875929304878,
            21.044740755489286,
            21.33380288511695,
            21.27650868942624,
            21.077672100327288,
            21.59637960694244
        ],
        [
            21.12961079823813,
            20.727287252731568,
            20.608519421972403,
            20.471107402295573,
            20.901839744540148,
            21.26275928690802,
            21.21063582260805,
            20.896951411237495,
            21.24383292622791,
            20.81507028322346,
            20.83882028158919,
            21.18654098244848,
            21.471263310372056,
            21.483486926875386,
            21.594027364908364,
            21.776152659073208,
            21.665736712418482,
            21.439172428186467,
            21.66662787766031,
            21.460512547924864,
            21.064941615837842,
            20.841060794118647,
            20.804205971310296,
            20.433542386001736,
            20.73076745411896,
            20.398437582567574,
            20.584209560133285,
            20.31541718953644,
            20.169714100608502,
            19.953073999849227,
            20.126814525143686,
            20.287888580422543,
            20.431381177380867,
            20.32750150968753,
            20.37925363247449,
            20.115458939033697,
            19.919933357257992,
            20.30015067846446,
            20.68736779075921,
            20.676000566322013,
            20.723998379594352,
            20.79269541302796,
            20.743457796658962,
            20.443466250238334,
            20.755020129276158,
            20.48826722632125,
            20.34802354784369,
            20.662991916672386,
            20.894152628017988,
            20.78218227550264,
            20.46406789982477,
            20.83647753706023,
            21.206545786488803,
            20.932799625715163,
            20.710144426559758,
            20.77373913079923,
            20.793372711249365,
            20.68506645145902,
            20.91606808751238,
            20.489786903850334,
            20.409993471765596,
            20.74139553620217,
            20.31815330288429,
            20.287206849130726,
            20.6288342103949,
            20.402296161605197,
            20.53638293613986,
            20.520302144852423,
            20.5625068085008,
            20.913446000181445,
            20.924913550814146,
            21.373115018641734,
            21.6216828695257,
            22.084454542757868,
            22.26362386799727,
            22.106859412095847,
            21.71428936428664,
            21.88556528342217,
            21.765259344786365,
            21.582904555810472,
            21.354661812537064,
            21.25760457580434,
            21.179349977881355,
            21.28533827170389,
            21.510137303244303,
            21.85223322490848,
            21.458336657646342,
            21.26673891327479,
            21.08221232905189,
            21.26672075796408,
            21.60337509812219,
            21.28889701219947,
            21.342200514559654,
            21.10771924771201,
            20.90384933052142,
            20.626087027046683,
            21.08152706670678,
            20.921991242803866,
            20.801277535472654,
            21.21110444948712
        ]
    ],
    "angle": 88887.8,
    "fluctuation": 1259.28624,
    "buy_difference": 1.015928799
}