{
    "id": 256,
    "name": "IMS Health Inc.",
    "record": [
        [
            5.404620711870684,
            5.4151257480142005,
            5.461906762345888,
            5.428514486202789,
            5.460428101195257,
            5.468419171171357,
            5.455893861855241,
            5.449440719785546,
            5.470353217801843,
            5.467836456644977,
            5.455743486324312,
            5.494034855771192,
            5.473525962393704,
            5.498961702052229,
            5.509107349296233,
            5.500832443690089,
            5.51512037331621,
            5.542113443397753,
            5.529516174361811,
            5.502319069221733,
            5.490280207527554,
            5.493608815963863,
            5.493665361059122,
            5.522103518235842,
            5.5105142444255915,
            5.511423975306301,
            5.502263321885625,
            5.51134702107013,
            5.482031286807046,
            5.485849442224685,
            5.499732293061651,
            5.489264102346684,
            5.454425691730034,
            5.4287918683437635,
            5.452229295473773,
            5.476613789182407,
            5.4451312928693305,
            5.444700177339244,
            5.44320700792899,
            5.459961588052882,
            5.4791094790124015,
            5.450560266990837,
            5.512769979492705,
            5.505373877595662,
            5.47453601910959,
            5.447955314810279,
            5.496311541464603,
            5.471969888054032,
            5.517446258571372,
            5.486580538288442,
            5.465518132791907,
            5.472079379824573,
            5.4827221877324765,
            5.490695170364093,
            5.543074453480387,
            5.521873758594896,
            5.502656664942732,
            5.514846567252345,
            5.530407613156365,
            5.535373391728363,
            5.548933009069823,
            5.550488194554213,
            5.531600735237725,
            5.482672945270521,
            5.492675324087104,
            5.5045351320881775,
            5.464203974720938,
            5.503019209412879,
            5.494265713435429,
            5.533841648515852,
            5.496067842230062,
            5.534298522460164,
            5.480901479377076,
            5.49659190714814,
            5.460596591711429,
            5.452215623057488,
            5.440547207283701,
            5.469406173249886,
            5.4691718021433395,
            5.4271642291054185,
            5.484290516672005,
            5.472567286654312,
            5.434197753851465,
            5.432464087108589,
            5.459443534473445,
            5.4612952550010485,
            5.462892383360355,
            5.4495604980078305,
            5.391486912006138,
            5.429123873469098,
            5.413610857178388,
            5.4283254792917734,
            5.417776081352841,
            5.405591321720147,
            5.393690139603065,
            5.422912899952737,
            5.385830052170732,
            5.405781986867695,
            5.412523429730543,
            5.366070524653714
        ],
        [
            5.254379562621041,
            5.274105941731125,
            5.274133557029852,
            5.285554138069014,
            5.298547156677948,
            5.286736483836157,
            5.27778294031008,
            5.299546844702295,
            5.299167644218292,
            5.278283318768705,
            5.293471969749608,
            5.305157128656148,
            5.311256716061471,
            5.3327380997740885,
            5.342043071859523,
            5.358118587564798,
            5.343067392799629,
            5.357448462242477,
            5.353272042302818,
            5.358490641876674,
            5.346229808931085,
            5.3425000405942065,
            5.337739507532376,
            5.336510063883669,
            5.3253102962376495,
            5.3214187805112765,
            5.343952641522724,
            5.321874124372267,
            5.336590395290724,
            5.34889468198216,
            5.330288502876045,
            5.307417753947641,
            5.295900872003685,
            5.279995236245314,
            5.286361479221652,
            5.303114232876529,
            5.293764004234432,
            5.29759186530907,
            5.279724291210929,
            5.2901576500377505,
            5.300769213889407,
            5.31341848059523,
            5.323248163346806,
            5.319812778388393,
            5.3260874258604956,
            5.311412774783086,
            5.307355544875409,
            5.313466944308352,
            5.334134695922807,
            5.3313897120707,
            5.323186016385266,
            5.329576396511311,
            5.314864380696807,
            5.33859625062248,
            5.3546426466075365,
            5.349610095448177,
            5.350226397284788,
            5.368535070773441,
            5.357342737504801,
            5.36215312032459,
            5.359234788144671,
            5.371431544159109,
            5.353687420796344,
            5.338286329935583,
            5.342127723579487,
            5.327492330793745,
            5.304864052520045,
            5.321777935860939,
            5.344210282704854,
            5.357994325773479,
            5.349181068171114,
            5.360576632515032,
            5.342459453709011,
            5.3198045844292725,
            5.312525982711727,
            5.295344911083697,
            5.303657359923396,
            5.297721257187178,
            5.293794506424674,
            5.286892437104337,
            5.304194797906913,
            5.2849536095188805,
            5.264143605166471,
            5.2782752998664595,
            5.285960339583366,
            5.28037544842326,
            5.278763141996265,
            5.2727078251547725,
            5.256359644077304,
            5.242999548235263,
            5.25416891003955,
            5.261607329681669,
            5.274569167317737,
            5.264819809384723,
            5.246907615070525,
            5.262144138600989,
            5.245573159538237,
            5.23139350401597,
            5.227488565612099,
            5.213766175617057
        ]
    ],
    "angle": 90214.29999999999,
    "fluctuation": 255.64294799999993,
    "buy_difference": 1.030758101
}