{
    "id": 257,
    "name": "Newell Rubbermaid Inc",
    "record": [
        [
            13.559489062026326,
            13.63757468185416,
            13.634952952830655,
            13.613154533300335,
            13.572969426649408,
            13.530057754419698,
            13.642843351539126,
            13.52012172422671,
            13.589312042635559,
            13.55757321978424,
            13.607414323414895,
            13.531473714523418,
            13.631043438075285,
            13.530340187566422,
            13.622253184615575,
            13.627457160520478,
            13.621510781769603,
            13.616490480728258,
            13.62661333420236,
            13.561409616677206,
            13.627307074132975,
            13.53013122166405,
            13.537274393283713,
            13.541397122775495,
            13.608404629316189,
            13.633318760686546,
            13.527913233819742,
            13.518194275458205,
            13.601558596365702,
            13.528125743424203,
            13.629681217353237,
            13.601996483561955,
            13.559328134437463,
            13.610009249280607,
            13.607329480316306,
            13.616803590731626,
            13.508526477728012,
            13.637735433971669,
            13.568255431375851,
            13.629353357871228,
            13.57142003564446,
            13.535553128792895,
            13.596667481363275,
            13.570593968881967,
            13.589576322894835,
            13.530100795573789,
            13.563754140128966,
            13.581982430314778,
            13.567411920404316,
            13.561620383965508,
            13.563044944920343,
            13.560668886134202,
            13.543648090325567,
            13.618853218830251,
            13.633560819505531,
            13.569315159476318,
            13.637898566381917,
            13.530659254705855,
            13.646737955898516,
            13.57050251262219,
            13.615860513041566,
            13.563394171491908,
            13.598609229940406,
            13.535385518297565,
            13.615362934321167,
            13.560928003993501,
            13.613767322016875,
            13.522595418028292,
            13.576316388187148,
            13.597072026926968,
            13.565807322666275,
            13.533367148924603,
            13.629617814840971,
            13.601327000963277,
            13.514593073746488,
            13.595525970346909,
            13.634240982666809,
            13.609849499992952,
            13.570285382604359,
            13.51176688926122,
            13.571839514359581,
            13.599779164523559,
            13.57272627067263,
            13.561596918192715,
            13.586264255567945,
            13.62321124309737,
            13.527377314278866,
            13.575547028566524,
            13.609602696971525,
            13.540253641602842,
            13.566156499608516,
            13.512767498824672,
            13.579239596269213,
            13.556288707105322,
            13.573237944829215,
            13.53325281320753,
            13.604910117779193,
            13.613397698710775,
            13.493557253811852,
            13.613060848820524
        ],
        [
            13.255683540615445,
            13.257650352630948,
            13.257742909137006,
            13.255036184076383,
            13.256910335615526,
            13.253463718624536,
            13.257489849725285,
            13.258369178067928,
            13.258276617835882,
            13.260452140197529,
            13.261354811985335,
            13.260174500094372,
            13.25922568980252,
            13.25906369978042,
            13.257282048979308,
            13.25309533533969,
            13.248632552817018,
            13.246389979572008,
            13.244355792560212,
            13.242968992092838,
            13.241073969333733,
            13.2455588343388,
            13.248564838321714,
            13.251270794476522,
            13.251733367234136,
            13.25483332968352,
            13.254023687450331,
            13.253815497003353,
            13.254324426526244,
            13.254231894531694,
            13.249976789342353,
            13.252104683641056,
            13.248890492690046,
            13.249329857106376,
            13.24539986791059,
            13.246694579146839,
            13.244336774862857,
            13.247249997268396,
            13.245677968565058,
            13.24701895232416,
            13.246117317719685,
            13.246880283251912,
            13.250881280264494,
            13.253263805079012,
            13.254559284999324,
            13.257497899734629,
            13.257197103473898,
            13.257752442909437,
            13.25546206349771,
            13.259095276886393,
            13.256503936923663,
            13.255509122128297,
            13.25347353473184,
            13.257939452269998,
            13.256389289085394,
            13.259976457884509,
            13.256644699711597,
            13.256714111704369,
            13.259954129687298,
            13.257154419679873,
            13.255026056295513,
            13.258173079579276,
            13.260718954840014,
            13.258682567393578,
            13.254541663928418,
            13.25310753968255,
            13.25431046274071,
            13.255467220473678,
            13.253547280768162,
            13.252598944676246,
            13.25389435960779,
            13.255374999203575,
            13.251235128746067,
            13.248807158037527,
            13.252947563483502,
            13.252415577426605,
            13.250449833629593,
            13.250496086586443,
            13.246334627899495,
            13.24751381284,
            13.245202088986286,
            13.242012678269713,
            13.23944777958637,
            13.23785357508783,
            13.234134809596876,
            13.233141673459695,
            13.234897216702265,
            13.236907156924765,
            13.234412528949004,
            13.234227744270534,
            13.230394572810045,
            13.232542421133637,
            13.229933184549603,
            13.230025547551973,
            13.232011650206156,
            13.228710001242453,
            13.224578458700023,
            13.223609117524882,
            13.227002682268196,
            13.22986590076846
        ]
    ],
    "angle": 90008.5,
    "fluctuation": 19.51610500000004,
    "buy_difference": 1.024660811
}