{
    "id": 258,
    "name": "Lithia Motors Inc.",
    "record": [
        [
            5.2376371271494335,
            5.243158455159293,
            5.275674587486057,
            5.241549654064041,
            5.185632132015682,
            5.19607055009228,
            5.161764239508128,
            5.114364332938714,
            5.1045924360141015,
            5.083527145333122,
            5.127016301981116,
            5.099485318300994,
            5.065135100403728,
            5.083071493306753,
            5.09852754446515,
            5.090784163257047,
            5.121798617819925,
            5.056720277065132,
            5.069285830119873,
            5.098631758551274,
            5.104623006301845,
            5.079763736368744,
            5.1154402458987045,
            5.074616251291396,
            5.039836455393278,
            5.041267147243464,
            5.06976671857001,
            5.01930275413939,
            5.056215522364041,
            5.104992547141241,
            5.15996685557732,
            5.151506022916908,
            5.218559764927709,
            5.272686112182235,
            5.279602178536366,
            5.247143356846008,
            5.278015106214872,
            5.363593727400703,
            5.322388876049622,
            5.329333070154753,
            5.348835737654945,
            5.3137079947745045,
            5.322063651133244,
            5.33089963974416,
            5.3160025470335786,
            5.280974041137696,
            5.2957711381615935,
            5.2752246806835315,
            5.228461386387511,
            5.261517910782972,
            5.211879003965671,
            5.227421387242263,
            5.1906619615139755,
            5.201861390456417,
            5.150782175099621,
            5.1687589030580785,
            5.201645953779386,
            5.167328079123525,
            5.141674708107988,
            5.1787697839848965,
            5.2000809815831115,
            5.222277261994247,
            5.237596460045896,
            5.2033707875374775,
            5.230555388302515,
            5.205800499252092,
            5.1970145377247405,
            5.232810085468021,
            5.224578673563681,
            5.267353663287098,
            5.233866799053655,
            5.275298828100067,
            5.257706813888409,
            5.26606333091934,
            5.311913081584549,
            5.283870493900797,
            5.272215894079185,
            5.317479672847813,
            5.323307604468323,
            5.376152606847256,
            5.410891304086302,
            5.35584207390336,
            5.336351459698995,
            5.373231407113561,
            5.397292386932706,
            5.357828918682044,
            5.409778414361611,
            5.387675430106584,
            5.339227631206277,
            5.369770472726367,
            5.345908929829324,
            5.353674191227505,
            5.320061218950361,
            5.359790309001574,
            5.322403905030535,
            5.321193822508595,
            5.300440934957336,
            5.2527948198431975,
            5.244270517753521,
            5.278054466994022
        ],
        [
            5.128691171524611,
            5.097242714356236,
            5.1365356894077205,
            5.1017825133118455,
            5.06505187406267,
            5.047942262870084,
            5.049325862425263,
            5.011505374205305,
            4.9829017423795845,
            4.953412675341563,
            4.993792593646044,
            4.96449747159367,
            4.926629650404883,
            4.962390632710931,
            4.972501255203301,
            4.955531882181671,
            4.9772753345660545,
            4.938642870214111,
            4.948436826672184,
            4.981072410308472,
            4.969995366096954,
            4.948756533043399,
            4.9770485994458475,
            4.955624606234934,
            4.921660340994447,
            4.9088005783682656,
            4.945440630380558,
            4.912431707368971,
            4.943596572737043,
            4.983791243021185,
            5.023879594981537,
            5.043845133430951,
            5.084989092730906,
            5.124926704755466,
            5.164078879539427,
            5.131300839849228,
            5.172384624913745,
            5.206021583814486,
            5.20279797262043,
            5.1944843757386225,
            5.220799762309853,
            5.202657259971686,
            5.16674019830312,
            5.192896813955836,
            5.172701080487614,
            5.133494088411557,
            5.172629844363064,
            5.153077333972119,
            5.121763637916971,
            5.116111392881797,
            5.104494037232201,
            5.0905716925748905,
            5.055279470710916,
            5.058607979524086,
            5.040099903616431,
            5.063279509296237,
            5.047826584012004,
            5.021019677194548,
            5.020607834350354,
            5.02862965654351,
            5.063947036783478,
            5.091664300872726,
            5.094883294742195,
            5.057553841899101,
            5.089049449956269,
            5.086279753447844,
            5.086359649798388,
            5.101933690753478,
            5.101559726894083,
            5.142812526125439,
            5.104495170593675,
            5.1269551429640785,
            5.113425448454908,
            5.146706107868907,
            5.180094178518877,
            5.154293930426955,
            5.147044420063474,
            5.171042264481584,
            5.201088995606365,
            5.235409248271303,
            5.252975432475067,
            5.247599224607473,
            5.219586426201251,
            5.245136507239244,
            5.247087138759245,
            5.245329412035182,
            5.277642181421681,
            5.235128084511177,
            5.2244959609282,
            5.2114981046566955,
            5.190923193545634,
            5.2192530240084745,
            5.1937538146239035,
            5.2241709517576655,
            5.207511170228108,
            5.182924479863762,
            5.170975318360817,
            5.13734276250072,
            5.127462949987285,
            5.1455319755690665
        ]
    ],
    "angle": 89646.5,
    "fluctuation": 481.34103200000004,
    "buy_difference": 1.025549757
}