{
    "id": 259,
    "name": "World Fuel Services Corporation",
    "record": [
        [
            9.0928902783956,
            9.252941407641035,
            9.362366881612378,
            9.062010173279104,
            9.080055953365493,
            9.210620737727108,
            8.950670490195046,
            8.757891845186505,
            8.909429845302139,
            9.197176509982405,
            9.316703131706918,
            9.415035022733557,
            9.691763784491073,
            9.863015672918678,
            9.945454506126339,
            10.116513138211369,
            10.240750460886618,
            10.085043930740335,
            10.001340019666742,
            10.000918678175127,
            9.704114489115177,
            9.509071041250868,
            9.443336584540507,
            9.220745449511996,
            8.94093474650812,
            9.044093094270474,
            8.938137635134131,
            8.814656084026288,
            8.895376818000292,
            8.885168333193983,
            8.691243300305128,
            8.767643876826734,
            8.666544002941945,
            8.7207008182356,
            8.80743912313856,
            8.995484034378721,
            9.193096423995215,
            9.249901749984655,
            9.282757968735776,
            9.449034998107551,
            9.271849275788034,
            9.194431363923828,
            8.914870057689786,
            9.02349585146641,
            9.153166299341313,
            9.098573438119958,
            8.955866665634499,
            8.986911472308497,
            9.288720229803488,
            8.987957977016698,
            9.278852215999333,
            9.181189877396898,
            8.95834321907508,
            9.038107261025045,
            8.851472136376401,
            9.06713149958676,
            8.976994746814045,
            8.705572950699176,
            8.639606912763309,
            8.761658445133614,
            9.00705964714964,
            9.019551653666067,
            9.070967665042607,
            8.941805701434612,
            8.673903505865283,
            8.57885702190893,
            8.692666996439703,
            8.93175541919799,
            8.733406988638805,
            8.818292099795967,
            8.704794289847339,
            8.50996722883458,
            8.643602646072855,
            8.943258613998031,
            8.681927073827337,
            8.615060421514604,
            8.571415867150089,
            8.510397369688139,
            8.659514972328758,
            8.784010112838178,
            8.670627506468108,
            8.71608138230461,
            8.519872099196684,
            8.718333190044078,
            8.765388448928688,
            8.598285904450615,
            8.44803256350664,
            8.391253145973574,
            8.338410237782377,
            8.36321181401626,
            8.345585581567125,
            8.509169563244477,
            8.672344940982239,
            8.898356316665577,
            9.092932578650043,
            9.28993509351046,
            9.197886773644747,
            9.189077839985615,
            9.237007189877154,
            9.00168187085724
        ],
        [
            8.976935858497171,
            9.104950637579616,
            9.226396711042971,
            8.986821607600325,
            8.937498208695914,
            9.093164994630202,
            8.870179163198133,
            8.667842224434493,
            8.816057470738647,
            9.075362230312994,
            9.239401348555802,
            9.331302865975534,
            9.585396838394166,
            9.72752943380357,
            9.801016121828011,
            10.008487421543641,
            10.170059810525556,
            9.945515861104049,
            9.908421480662701,
            9.87141395986972,
            9.60625849153286,
            9.37003654250037,
            9.317332288948087,
            9.085926631131374,
            8.881000256913106,
            8.960965674559686,
            8.85775901322853,
            8.75732729434777,
            8.80743935780383,
            8.799974955797243,
            8.60446237276132,
            8.666218879970053,
            8.607584296462326,
            8.646609958783769,
            8.71600775313425,
            8.894979573109206,
            9.114078319437542,
            9.131945087284642,
            9.159810184263039,
            9.345331996398016,
            9.190311592002695,
            9.055485788860855,
            8.806460697585557,
            8.89510634817532,
            9.074491409150093,
            8.991522808552965,
            8.892259458374722,
            8.91145236194731,
            9.17484818451627,
            8.921435668377576,
            9.134082486354684,
            9.094068939080993,
            8.892932693145669,
            8.902410650365177,
            8.796555064197483,
            8.962241999424084,
            8.855445916969254,
            8.638539463809629,
            8.51158885442371,
            8.680257302849347,
            8.944885013881333,
            8.958190386949207,
            9.006542976527415,
            8.845438797492996,
            8.597624224331593,
            8.455108370114138,
            8.634396740093798,
            8.87277366076878,
            8.662682283463965,
            8.761819893238107,
            8.642970272672915,
            8.40396327461806,
            8.541905043555044,
            8.801096615612797,
            8.596099724171012,
            8.538442800023839,
            8.508830542373053,
            8.447409616305709,
            8.526954587331431,
            8.653852348667254,
            8.609046151869283,
            8.589497251685208,
            8.43818128008106,
            8.608014540279278,
            8.627771014096812,
            8.49118181334817,
            8.315397646350398,
            8.279287006428467,
            8.213218759646468,
            8.279706237956713,
            8.214559091800373,
            8.446190897189714,
            8.603840673256604,
            8.76912499712173,
            8.98864302407324,
            9.220252321138755,
            9.128894445507134,
            9.061945593308664,
            9.149356597267799,
            8.904669674313682
        ]
    ],
    "angle": 90805.59999999999,
    "fluctuation": 1714.228057,
    "buy_difference": 1.01119789
}