{
    "id": 26,
    "name": "WestPoint Stevens Inc",
    "record": [
        [
            22.77576816498118,
            23.03878008265013,
            23.143776343126287,
            22.599170757105636,
            22.18602044561685,
            22.228876822398504,
            22.48980694244253,
            23.141310737925608,
            22.594299623956772,
            22.272280142872862,
            22.057339358472916,
            21.760220433900905,
            21.188777881573177,
            21.017164125909726,
            20.97833675296017,
            20.84346969490694,
            20.945040798646794,
            21.14525936593109,
            21.35114377964319,
            21.60709133106751,
            21.95267352250581,
            21.544984088582403,
            21.49761405401542,
            21.24152309389771,
            21.226841523359365,
            21.00427696854434,
            20.95444496454178,
            21.15790579778545,
            21.008583255853214,
            21.3581831835544,
            21.85968728181947,
            21.909109687789723,
            21.979418463329843,
            21.810170109064146,
            21.453878530881816,
            21.99399895546696,
            22.25764828947282,
            22.384713302730802,
            22.04473623072748,
            22.231597395961707,
            21.574055338443618,
            21.70063168635274,
            22.30335432771866,
            21.820648001342118,
            22.219448866161034,
            21.77815313181012,
            21.731532672952,
            21.97008234472276,
            22.027340200842605,
            22.46873539861525,
            22.156281452062355,
            21.776549117925274,
            22.23916963732102,
            22.55905399039628,
            22.402432098272694,
            22.355280937882757,
            22.21680912021172,
            22.207083086162395,
            21.68840326863089,
            21.946029419446155,
            21.581084273541464,
            21.358595992525096,
            21.01951249215123,
            21.284083293913763,
            21.559637625784074,
            21.63685884735462,
            21.181096670361516,
            21.646209847546483,
            21.757418403504975,
            21.31802381947182,
            21.33424365859888,
            21.149589221134775,
            20.673860455587214,
            20.91708613974342,
            20.912337276922898,
            21.34548274529639,
            21.73951565540446,
            21.127283502116423,
            20.866609173552472,
            20.741888891204457,
            20.80757613060344,
            21.105035260619797,
            21.241737947803884,
            20.66622220989496,
            21.071845988045418,
            20.924958775276878,
            21.16993781849266,
            21.308827340237762,
            21.653825543054086,
            21.43913661905702,
            21.73538124255283,
            21.903103530243175,
            22.218092619141796,
            21.884015168287114,
            22.29948416129333,
            22.049825691828556,
            22.264140204232053,
            22.177117640439196,
            22.285837782442997,
            22.502213822980888
        ],
        [
            22.413391890373866,
            22.49371551022067,
            22.732158495705427,
            22.244073179080708,
            21.68490351319109,
            21.781119735796484,
            22.11642900222028,
            22.645729124343813,
            22.172447136139226,
            21.76487187214724,
            21.702033694716327,
            21.224252418891666,
            20.687481714202757,
            20.59381461289378,
            20.473857528674,
            20.448161617709843,
            20.578717721052307,
            20.80882547447565,
            21.017767975030107,
            21.193056188223235,
            21.60122329567104,
            21.172414964423368,
            21.001569508370228,
            20.909858901771987,
            20.807593172994203,
            20.649343506880722,
            20.45665404499043,
            20.82127069393492,
            20.51973031535606,
            20.95731061515072,
            21.374471424699426,
            21.442058065584995,
            21.595004401183722,
            21.277208601712307,
            21.121020919534505,
            21.581192736184473,
            21.885927728410667,
            22.00645301827615,
            21.52748022049804,
            21.679702121883533,
            21.14583336418427,
            21.26776946580487,
            21.760508135215026,
            21.33204037539097,
            21.719743874368564,
            21.32454482174123,
            21.372889116749715,
            21.486705258268138,
            21.57069766624876,
            22.093489513690358,
            21.80157157428099,
            21.267705816288498,
            21.82176180000354,
            22.029730067465504,
            22.00399924355745,
            21.94008885291279,
            21.712830461649716,
            21.738022620499365,
            21.23241996021429,
            21.44391476618574,
            21.04324317809358,
            20.978728023874158,
            20.518131180522303,
            20.763977441542988,
            21.208089142303763,
            21.141817868864113,
            20.833628683773192,
            21.13409149436352,
            21.249022121083023,
            20.848993067509177,
            20.883619403885007,
            20.690460904816458,
            20.186758333354266,
            20.426289225276907,
            20.391162610866598,
            20.855028218039113,
            21.248483952609366,
            20.720367911972634,
            20.409547759626573,
            20.295664642982246,
            20.28295588720837,
            20.719290282534978,
            20.838876490120434,
            20.3251598679899,
            20.6804904200142,
            20.55692525544692,
            20.671147490431775,
            20.810913093168683,
            21.147849870658654,
            20.961163514043104,
            21.295434686174723,
            21.530820916508443,
            21.81418986629819,
            21.402531697902386,
            21.920464346268496,
            21.521723725927117,
            21.709276073919085,
            21.661073838805905,
            21.94227732909927,
            22.04895089908357
        ]
    ],
    "angle": 90204.6,
    "fluctuation": 1503.2115430000001,
    "buy_difference": 1.020761272
}