{
    "id": 260,
    "name": "Navistar International Corporation",
    "record": [
        [
            20.94485780789157,
            21.061314729159115,
            21.053755158398662,
            21.32200241066886,
            20.755227080959887,
            20.235613026491084,
            19.833059171469834,
            20.10379495741922,
            20.493083774042955,
            21.01026143999323,
            20.85663951451393,
            20.907467060937314,
            20.66882659931736,
            20.923219246744694,
            20.903244154896868,
            20.42725012866858,
            20.054289206467214,
            19.871909802719838,
            20.289005869999485,
            19.818193746613492,
            19.544775162120857,
            19.579664991150413,
            19.329939579400488,
            19.179140273547983,
            19.252328081960265,
            19.425901745704454,
            20.02308910070274,
            19.64565491533023,
            19.778057191709543,
            20.13499942653012,
            19.98670866306683,
            19.93852932618505,
            20.124875650124324,
            20.262184651966393,
            20.313004789119553,
            20.701199957345548,
            20.82248062736549,
            20.824421594920896,
            20.565459251571724,
            20.493241358236872,
            20.054777169550285,
            19.629024545728093,
            20.03046487338663,
            19.957419100933397,
            19.656607412717083,
            19.422357025829857,
            19.795891909527747,
            19.39000395486356,
            20.09046664968528,
            19.56206164414996,
            19.269182781895307,
            19.25381075909202,
            19.17012594205409,
            18.668903897971575,
            18.921215691358054,
            18.990203960121384,
            19.135153277381892,
            19.55024881181785,
            19.306835720660803,
            18.80553192042027,
            18.425395318755044,
            19.0389252738,
            19.445011837128103,
            18.975318443254405,
            18.922329031690218,
            18.537646063097693,
            18.127769186472943,
            17.86611286901452,
            17.74998870550713,
            17.434484252534737,
            18.053992399666743,
            17.521932995868998,
            17.403095177978518,
            17.5270727716492,
            17.168165555068253,
            16.999883038009827,
            17.384684684242004,
            17.81762433959649,
            17.64136179616435,
            17.15969499528248,
            16.96687977627684,
            16.718352071597234,
            17.03974709430342,
            17.44514300072017,
            17.918719936481722,
            18.008017104414854,
            17.908066060294562,
            18.202895317689876,
            18.150846009328024,
            18.596087594713623,
            18.851993430069573,
            19.288625045296456,
            18.95357849262614,
            19.19004419253648,
            19.223962451584228,
            19.283717031411495,
            18.617697548172035,
            18.6186082826392,
            18.047051015222337,
            17.90361715112594
        ],
        [
            20.288417708768844,
            20.397138747724952,
            20.306444426142672,
            20.62069610356697,
            20.15519901216484,
            19.59551354063393,
            19.153910523792266,
            19.423133824987378,
            19.900634198202155,
            20.386484065821122,
            20.186788984029626,
            20.307115918574343,
            19.92127170654085,
            20.2816772552798,
            20.260283935200786,
            19.69824838009922,
            19.38886285270285,
            19.147453208908153,
            19.670853194678013,
            19.195142228717163,
            18.837875221262927,
            18.96411242623907,
            18.77111619141681,
            18.456035104221378,
            18.563405636191348,
            18.802002071912767,
            19.32392537152257,
            19.05665566077761,
            19.21592636130239,
            19.496130431917265,
            19.379709016966125,
            19.21930341172555,
            19.460998182358615,
            19.670484868281523,
            19.590033533599627,
            20.07048881171374,
            20.145662457564352,
            20.08725445778883,
            19.869167391611736,
            19.912784084245708,
            19.465226239410846,
            18.958755934339056,
            19.307922644723327,
            19.30485655162931,
            18.989189841542835,
            18.87602486230649,
            19.14669588212474,
            18.84079513808484,
            19.363830013107584,
            19.002251813837702,
            18.622360529309397,
            18.542650630549023,
            18.560013455255365,
            18.08379526473561,
            18.2769418171326,
            18.299714337317894,
            18.500225001291,
            18.924249436282185,
            18.709229128253945,
            18.256369559079747,
            17.80156034283475,
            18.32110658706275,
            18.843128264313435,
            18.365890106705876,
            18.30910542125321,
            17.976457019467166,
            17.4808306435286,
            17.31830703213273,
            17.219550833456363,
            16.92366063823405,
            17.399277401944516,
            16.947310273875605,
            16.80212283491646,
            16.871291196596474,
            16.567036458506553,
            16.493515686262647,
            16.834766689980892,
            17.14755820738307,
            16.982994411948354,
            16.544005568567357,
            16.426888268406234,
            16.191132947914433,
            16.43983371468178,
            16.89500426898558,
            17.305124509383887,
            17.50146895825851,
            17.371161711447343,
            17.61651175301541,
            17.62965034728086,
            18.016870271345944,
            18.20098701154492,
            18.71783962036031,
            18.374270746911552,
            18.483079928014483,
            18.658835008457856,
            18.59367136814213,
            18.088546394366592,
            17.934481932537388,
            17.490191200411815,
            17.30436302930086
        ]
    ],
    "angle": 90305.40000000001,
    "fluctuation": 1645.994042,
    "buy_difference": 1.034009827
}