{
    "id": 261,
    "name": "Masco Corporation",
    "record": [
        [
            39.520469688061,
            38.89281745222172,
            37.77640376707627,
            37.84759680157384,
            38.74502464256781,
            38.83541003952796,
            38.83677188301366,
            39.65358384662421,
            39.62468041500452,
            39.325394208896306,
            39.92323771958268,
            40.56361956281756,
            40.53392235222477,
            39.96591922610622,
            39.36254220453958,
            38.88523292687344,
            39.61022623980738,
            38.545319186226514,
            38.41755800790543,
            39.35483532458452,
            39.44502146873323,
            39.61972466418151,
            39.68724205927151,
            39.70286874534358,
            40.20463948614519,
            39.987297494552976,
            39.11824142738186,
            38.397878976020635,
            37.86584881424235,
            37.800069862100784,
            37.68335230667907,
            38.25084784795504,
            39.176628327219056,
            38.478957637069364,
            39.42027123053288,
            39.26447112989643,
            39.87472411204053,
            40.33605857988139,
            39.52580743610687,
            39.691323195806454,
            40.43403558536658,
            39.47878359152483,
            39.382315939790736,
            39.972159786800084,
            40.69878552558188,
            39.95124772270706,
            39.970264472448896,
            40.18511943316501,
            41.199284487284416,
            40.248633318645574,
            40.883335608023565,
            41.27632030684132,
            42.172596269509505,
            42.489003295331166,
            41.493284697333216,
            41.13231559373193,
            41.38201316210993,
            40.58802635838773,
            41.42466805460493,
            41.1437375126755,
            41.511526620148054,
            41.89423806250723,
            41.987247275000854,
            42.07362322111367,
            42.256638165152225,
            43.3062658446238,
            43.447529914123976,
            43.7027432480513,
            43.87832583939951,
            43.38224298128788,
            44.038141073936636,
            44.90550269888064,
            44.97469426740083,
            44.24476806197092,
            43.82744898737608,
            43.70126741319781,
            44.47235291665305,
            44.87188563803536,
            43.89456774580817,
            43.1036523031699,
            43.55370480068021,
            43.78131068211142,
            44.82687575890008,
            44.94535052966438,
            44.667481234840665,
            44.37960498762498,
            44.057786209344485,
            45.01639969289501,
            46.06722560194973,
            46.55793064911956,
            47.33740715441577,
            47.775119403645085,
            46.9925992700138,
            47.215738877353836,
            47.557642086779694,
            47.490635237098815,
            46.20075733393112,
            46.68664705921742,
            46.94666565490044,
            45.949078223180074
        ],
        [
            38.27844056495882,
            37.70436654625623,
            36.84649417660341,
            36.819760934934735,
            37.60239053176972,
            37.78453392767566,
            37.65755379636291,
            38.58443472725055,
            38.45610427163272,
            38.01365054581571,
            38.95222101305858,
            39.367353053827145,
            39.38577568039256,
            38.69830904594236,
            38.12167330564092,
            37.893766237602165,
            38.39601956547005,
            37.58515420562429,
            37.28458125441619,
            38.04210961929646,
            38.44699966478532,
            38.27910756225772,
            38.62105606033866,
            38.55511055746867,
            38.98388823029554,
            38.79639310371346,
            38.14380493770462,
            37.33265448850713,
            36.76751899086119,
            36.851067020851765,
            36.48813893659736,
            37.21206080016424,
            38.12415981490732,
            37.35163748040397,
            38.150943413046406,
            38.28639205423359,
            38.799612557570406,
            39.03335163962044,
            38.51800785539848,
            38.41709699428331,
            39.186751137017936,
            38.49536598643983,
            38.35892430860966,
            38.77395686137829,
            39.53014429201945,
            38.76916537779308,
            38.923784621238305,
            39.19591653853253,
            39.892555317961694,
            39.23027885627183,
            39.852923063656704,
            40.260256248721156,
            40.91252077296733,
            41.0962835710941,
            40.33007224374641,
            40.119796377111754,
            40.05750344474007,
            39.55711351307432,
            40.18693991393222,
            40.147070172447954,
            40.42874931684824,
            40.81376040316151,
            40.65552607069831,
            40.69451897329522,
            41.10494621890825,
            41.92016677521637,
            42.331239487055186,
            42.39694847206409,
            42.61838601138231,
            41.926829838805666,
            42.893762843445046,
            43.72104058939068,
            43.68764338962564,
            43.02164881595749,
            42.50943303661204,
            42.32784631592616,
            43.17807781475961,
            43.49638874735996,
            42.53204378898858,
            41.903685169460914,
            42.10511305060224,
            42.57953212817317,
            43.322997221682414,
            43.598071554097594,
            43.151768487672015,
            43.13979687706875,
            42.643381723706604,
            43.67135416064788,
            44.55721762904527,
            45.41641631265103,
            45.99194498437442,
            46.528963958048976,
            45.46131691211294,
            45.92888813479168,
            46.39627821217532,
            46.05785568047079,
            44.97311071324049,
            45.3596813202756,
            45.5166575194472,
            44.72363519837073
        ]
    ],
    "angle": 89127.6,
    "fluctuation": 1404.737731,
    "buy_difference": 1.029975283
}