{
    "id": 262,
    "name": "First Tennessee National Corp.",
    "record": [
        [
            30.018823117516632,
            29.70296740757088,
            29.872088627059938,
            29.45502752957888,
            29.200823617506508,
            29.23455324105481,
            29.038680622615054,
            28.99892502048614,
            28.578256619176887,
            29.0587006567479,
            29.131722638634418,
            29.044033632933733,
            29.21007264434016,
            29.636033989785872,
            29.315019458526198,
            29.368530879673337,
            29.15572553693559,
            29.137072147514317,
            28.991714857934554,
            29.109057407041448,
            28.724648281366562,
            28.855612783193717,
            29.033804544316574,
            29.05467974590325,
            29.12543846624472,
            29.05635449401492,
            29.350566551822784,
            29.146280722342453,
            28.66389673449495,
            29.131034686453507,
            29.30785000095985,
            29.530548829594572,
            29.721446707653634,
            29.64910816954673,
            29.915159840975363,
            30.128756431387714,
            30.39941223800083,
            30.808640003728737,
            30.267394483413565,
            30.296476799196878,
            30.252977088622742,
            30.604928840900342,
            30.16661047264755,
            30.457226269504904,
            30.51416926915021,
            30.27438032031013,
            30.022249300317608,
            29.837972176100994,
            30.080937627863904,
            29.83124443450216,
            29.60930445109856,
            29.51320528068041,
            29.651911925694964,
            29.365170908666,
            29.628639365282698,
            29.28383630275925,
            29.115455471123344,
            29.14025590945093,
            29.299807750802426,
            28.986288467104192,
            29.27452640235432,
            29.04640356914022,
            28.896859810694753,
            28.884795662440105,
            28.862967953923746,
            29.08339630111128,
            28.985775201736313,
            28.667421872817556,
            28.22291289834312,
            28.166228124741284,
            28.310222724226634,
            28.679826951627923,
            28.94906228823535,
            28.567255283369523,
            28.55165130893109,
            28.76961453542039,
            28.66329377776537,
            28.634933100147236,
            28.81747759471175,
            28.645239049538112,
            28.727652233665466,
            28.955266761859768,
            28.72255534398646,
            28.793320832159363,
            28.32169226717766,
            28.187667989264924,
            28.294782121895086,
            28.48361179414017,
            28.687788379019704,
            28.6062267138558,
            28.624582911920907,
            28.585073878343486,
            28.31243353066145,
            28.394959593000664,
            28.497400158735612,
            28.433674438704163,
            28.26664569010356,
            27.841534255820772,
            28.103288552121278,
            28.53547875025626
        ],
        [
            29.366904179370835,
            29.150828170652375,
            29.223356322608385,
            28.893060745179756,
            28.781693284388048,
            28.794709652451054,
            28.490348480692454,
            28.482643184286268,
            28.204861017810803,
            28.52708963477634,
            28.638854088880507,
            28.433110059308998,
            28.675692365133997,
            29.027125316300637,
            28.871069724951468,
            28.8254889120315,
            28.68829620315746,
            28.507141839370593,
            28.604293582071794,
            28.52235433444061,
            28.235840457581475,
            28.447147375600853,
            28.61419974006324,
            28.580279988913695,
            28.604043559780433,
            28.630677544097782,
            28.741790277758106,
            28.487771401303956,
            28.272335251941197,
            28.475703790310867,
            28.74582005157771,
            28.866230475084446,
            29.11368665423893,
            29.214747350608633,
            29.438504587340454,
            29.65166893092286,
            29.831345956547423,
            30.124564840421293,
            29.859926289467776,
            29.650342116603312,
            29.73816166777379,
            29.949231306622973,
            29.739587247218708,
            29.855265091606224,
            29.866368066913978,
            29.8039468721879,
            29.45240231142688,
            29.324348747953643,
            29.512924735856643,
            29.33241329620879,
            29.17552675849408,
            29.066254200199936,
            29.106538979004622,
            28.8279532022886,
            28.988081596445788,
            28.843251234080913,
            28.542862125432354,
            28.713349799880472,
            28.686363610257523,
            28.604687080378767,
            28.69021312060224,
            28.589320025871572,
            28.43073216900333,
            28.333708221759675,
            28.388854998730555,
            28.420650767103528,
            28.390226892738102,
            28.042058010663688,
            27.75931370578072,
            27.598528100886703,
            27.83403900957215,
            28.093366496607164,
            28.362754205374568,
            28.143096404500216,
            27.95108469786779,
            28.12801342236368,
            28.116432328785134,
            28.25227956032506,
            28.29593652454883,
            28.118381339038905,
            28.28976073158636,
            28.465383602058942,
            28.23378313575203,
            28.2326990779299,
            27.90117944154681,
            27.755224353305355,
            27.738328386289194,
            27.95972681378945,
            28.1376492098204,
            28.01847669414145,
            28.18543630649858,
            28.19458915079969,
            27.911657092852337,
            27.814324258230556,
            27.945330211287228,
            27.949818121702272,
            27.655533607887175,
            27.31307903239387,
            27.649961799581696,
            27.97987732282805
        ]
    ],
    "angle": 89575.3,
    "fluctuation": 749.348823,
    "buy_difference": 1.018228014
}