{
    "id": 263,
    "name": "Wachovia Corporation",
    "record": [
        [
            34.99708087265925,
            35.332739511547274,
            35.1077666612853,
            34.92909873237334,
            34.723021269538314,
            34.54539051154439,
            34.25698920725787,
            34.31634851578662,
            34.59697139258339,
            34.73118400340363,
            34.72159320123225,
            34.87710277238618,
            34.72658779695057,
            34.74423670045368,
            34.14132427020415,
            34.08807566687874,
            33.611654892307975,
            33.19225077672246,
            33.22746280142911,
            33.10638724845532,
            33.37678744884292,
            33.14336561125754,
            33.514729998684714,
            33.24758963176592,
            33.1706747138675,
            32.95043734800101,
            32.8850738397517,
            32.81160557714979,
            33.232029339662375,
            32.92698502238914,
            32.978526753275155,
            32.72692037653616,
            32.93802258033186,
            33.416327956238725,
            33.40057492066622,
            33.75093314644485,
            34.071701465233694,
            34.22932343235053,
            34.30548513741297,
            34.54149547841233,
            34.72653850108229,
            34.44816639881015,
            34.05178241868443,
            34.38970722719853,
            34.48995144228512,
            34.90817305098062,
            34.87071947029116,
            34.634300895037896,
            34.996481126099646,
            35.03640089631668,
            35.50996018978187,
            35.43042013849405,
            35.754553090501844,
            35.49868587012811,
            35.878176165458775,
            35.87449040028206,
            35.88113517873086,
            35.948704287253115,
            35.72413263737847,
            35.8427347981655,
            35.961960866819254,
            35.782769402681396,
            35.855301931894594,
            36.19283612208404,
            35.68983973308318,
            36.16159506990246,
            36.36286819159969,
            36.51798952177634,
            37.035597811105205,
            37.359869986377845,
            36.900778999098826,
            36.9548293572674,
            36.422261610754475,
            36.238684787084196,
            36.10461711230804,
            35.68957670798932,
            35.87622133197624,
            35.647181242810674,
            36.002794287013586,
            35.67636972347215,
            36.07899575193074,
            35.90401848225372,
            35.76225143860146,
            35.772146448101445,
            35.9865349108177,
            36.31292908943263,
            36.43161803398157,
            36.483004783329385,
            36.65206263051039,
            36.882584553885074,
            36.69681980969059,
            36.5571601405757,
            36.42218411972085,
            36.477556185842,
            36.92903130122076,
            36.760696173059536,
            36.32226196309568,
            36.48591479827928,
            36.77418360811807,
            36.56871297322179
        ],
        [
            33.543768707968496,
            33.87903069472238,
            33.5626562197121,
            33.565819723687085,
            33.40125027576875,
            33.18711250749186,
            33.02250720702313,
            32.888018396510816,
            33.163588480528425,
            33.36560085068867,
            33.41663348027882,
            33.499071739919216,
            33.324469699125416,
            33.22837302704337,
            32.891176486706655,
            32.594339764494805,
            32.20943747126481,
            31.823427542565902,
            31.914610780166498,
            31.595822291573683,
            31.895142177930012,
            31.85616693814414,
            32.078097005601855,
            32.02695074713994,
            31.917598672425957,
            31.572650300371365,
            31.428387720919623,
            31.51518451243401,
            31.861565667756064,
            31.63234053195467,
            31.63432817541331,
            31.405540700124252,
            31.696915217701925,
            31.977530933671705,
            32.100170161445455,
            32.39793224922549,
            32.7091151998731,
            32.88347275811299,
            32.86775473397511,
            32.96544997890197,
            33.3711653966803,
            33.05067638042495,
            32.72274497241563,
            32.86309693975385,
            33.17705251453754,
            33.542350149220304,
            33.299532588509486,
            33.2958715162296,
            33.63731245875547,
            33.77383208159003,
            33.896471537391875,
            34.07488641019538,
            34.19802002224225,
            34.150813341779845,
            34.45024210776116,
            34.578245061720494,
            34.55339855627222,
            34.36315874511912,
            34.42986020418887,
            34.220937146451355,
            34.36898012862933,
            34.19091252466511,
            34.35948361629089,
            34.54488121572623,
            34.310619457539474,
            34.71890536307157,
            34.96815361711551,
            35.06810187389107,
            35.384481694304114,
            35.687187500771174,
            35.350749583311085,
            35.32842875886548,
            35.070980097341916,
            34.66107560599456,
            34.66767081445162,
            34.28974532082269,
            34.33150940249669,
            34.153220843639545,
            34.40457666415926,
            34.35965995616439,
            34.65347666306398,
            34.60322884982219,
            34.270315021200936,
            34.31751254882552,
            34.56466904708186,
            34.752881275554316,
            35.006188574057475,
            34.825303284696595,
            35.144072383012656,
            35.46082536594132,
            35.186988099943115,
            35.22208983018372,
            35.056827847347655,
            35.06086656923628,
            35.3178467607061,
            35.198972590445656,
            34.999285901741175,
            35.111122569086,
            35.25059688168143,
            35.025635369586126
        ]
    ],
    "angle": 90567.0,
    "fluctuation": 696.903965,
    "buy_difference": 1.042596029
}