{
    "id": 264,
    "name": "Performance Food Group Co.",
    "record": [
        [
            26.97285675049033,
            27.556083097094437,
            27.659216414164867,
            28.342190785176612,
            28.477843591459646,
            28.173127624496537,
            28.88672803111594,
            28.42219102054897,
            28.19133211123135,
            28.705340509885918,
            27.778605240290105,
            28.12578051311085,
            27.742123838509187,
            28.455427072061504,
            29.047658843708803,
            28.383925068377106,
            28.54699995799384,
            29.24548460945322,
            29.09804640033902,
            28.37704731939416,
            29.030373552274117,
            28.31729913379813,
            27.751698157027587,
            27.73620347214773,
            28.201550404244784,
            28.110715042971425,
            27.237433925118836,
            26.674496298294915,
            27.26950467335978,
            27.58266561976202,
            27.49420019715466,
            27.612636129721785,
            28.0971997993909,
            27.442582761311577,
            27.378020615769213,
            27.483116232143427,
            27.891616248761906,
            27.499996296104662,
            27.40504327163346,
            27.790257692836164,
            28.14461186244708,
            29.01973799966788,
            28.568081643813606,
            28.731184400317204,
            28.161611468162604,
            28.430157581722785,
            27.787521510988913,
            27.888574084726468,
            27.438297940315927,
            27.921573773508648,
            28.247929891465162,
            27.76274420178615,
            27.699707825161575,
            28.06805189484453,
            27.3303702837778,
            27.01328167931657,
            26.34654433984062,
            25.823104739361032,
            25.32417457371134,
            25.31466283669559,
            25.472690917016283,
            26.232883015928795,
            26.55716901734276,
            26.06745866185653,
            25.31972867082597,
            25.607257214636665,
            26.047808115473558,
            25.44263250813875,
            25.621938612597408,
            24.886330338594544,
            24.960017006086716,
            24.520637438048766,
            24.343607601054412,
            24.900995332516846,
            24.38764353132957,
            24.01031526415802,
            23.500863918367784,
            23.883182123982408,
            23.83265049656563,
            23.458409893964852,
            23.444986727415692,
            24.045780309298962,
            23.29875217669367,
            22.72143006288217,
            22.509747639177046,
            22.740606275863293,
            22.244195241544357,
            22.552683711492136,
            22.852552240055417,
            23.47312530337649,
            23.72625354530726,
            23.706758062440166,
            24.22772422245944,
            24.516950529009097,
            24.764059565900215,
            24.317532713226484,
            24.004896369820912,
            23.828127142978893,
            23.62657494822262,
            23.412580172085345
        ],
        [
            26.69752230401853,
            27.20405754945236,
            27.27866271504966,
            27.98570599245056,
            28.23232272299731,
            27.80489874150998,
            28.492124694482342,
            28.242217674814853,
            27.995955563390538,
            28.299113382338753,
            27.53911283415463,
            27.76370770440642,
            27.574762425984463,
            28.25822024668909,
            28.710945817633867,
            27.95996541452028,
            28.29238069211297,
            28.906478437738638,
            28.925410073009402,
            28.22569888508569,
            28.668093107197926,
            27.89988852011768,
            27.473908757985082,
            27.324638265281738,
            28.006103039785376,
            27.704623731613683,
            26.9593987187461,
            26.471039050506043,
            27.091390262899672,
            27.306568205356996,
            27.145672993697495,
            27.216450397773613,
            27.947343926430374,
            27.21962034908154,
            26.977141048139753,
            27.254361607444025,
            27.554544387545587,
            27.094633119484946,
            27.220578690432504,
            27.454410755869173,
            27.868464834989798,
            28.62902410095951,
            28.279291618287637,
            28.3783008451173,
            27.80739798116885,
            28.1794023589692,
            27.583872331693026,
            27.524064378165615,
            27.179958488807866,
            27.61722099297962,
            28.094446540000746,
            27.47110455968328,
            27.315874958285804,
            27.756554480677572,
            27.08931523268471,
            26.630999928698355,
            25.9788735939251,
            25.623572107458543,
            25.018130399677258,
            24.953933598683776,
            25.30123308659087,
            25.9443445471728,
            26.24408310983257,
            25.71136758243601,
            25.184686386534974,
            25.325600075340702,
            25.674074514835322,
            25.16781613694154,
            25.319878257540104,
            24.70890005825224,
            24.762188022086452,
            24.204974871305822,
            24.09270258245534,
            24.70858775078577,
            24.07849625161477,
            23.689408261838047,
            23.15906093952618,
            23.660683308122323,
            23.57993783609614,
            23.232891466893403,
            23.157029567254426,
            23.710217137582678,
            23.093256172137462,
            22.493992723125864,
            22.173528289861533,
            22.55584595374128,
            21.97317943325185,
            22.43239940809826,
            22.57637777069527,
            23.207984199101674,
            23.425490302973795,
            23.396905597463057,
            24.04292950186318,
            24.344596064226618,
            24.486782922767258,
            24.168403739333275,
            23.876866718236045,
            23.476889084341604,
            23.34803819401545,
            23.13656623002904
        ]
    ],
    "angle": 91066.90000000001,
    "fluctuation": 1589.9838650000002,
    "buy_difference": 1.01041415
}