{
    "id": 265,
    "name": "Administaff, Inc.",
    "record": [
        [
            6.336136899367553,
            6.346838588503888,
            6.303974064404768,
            6.30197278764525,
            6.287531263439277,
            6.32182846764933,
            6.283436518353056,
            6.274958298574316,
            6.273186399365748,
            6.286427942452699,
            6.288914339782688,
            6.323624150877307,
            6.329390004759365,
            6.266455706778959,
            6.3172277789237885,
            6.3261601329129835,
            6.298142195410741,
            6.277866818020424,
            6.318169511047241,
            6.323790112420725,
            6.310956208348941,
            6.287840543233773,
            6.285280832199113,
            6.339952996921088,
            6.308345366625674,
            6.294849006128689,
            6.31228097506396,
            6.30600704186667,
            6.257935318520611,
            6.29144594475773,
            6.3454149783149045,
            6.28161326504492,
            6.30243644095591,
            6.3048096662198,
            6.330232228273593,
            6.338788336421127,
            6.318254200400936,
            6.29674664036069,
            6.3127489456662245,
            6.3046251076151165,
            6.306228018629113,
            6.28111167759389,
            6.302411927710313,
            6.331587768968239,
            6.287644646507218,
            6.3262914467300995,
            6.312840083259327,
            6.320537370967071,
            6.31846249346761,
            6.313154027043259,
            6.282508560738033,
            6.338037517560826,
            6.2916944625911055,
            6.317546379509422,
            6.327012441115085,
            6.355021219925488,
            6.363272040334277,
            6.355606317845193,
            6.373552289884348,
            6.37540057111343,
            6.363289134293092,
            6.3763129828210685,
            6.400668763423138,
            6.385681665499781,
            6.34756779050482,
            6.36137490698406,
            6.374614175502602,
            6.332391493324004,
            6.334401060146431,
            6.359206324197239,
            6.359607707469074,
            6.328275801374407,
            6.354430271550041,
            6.375116722699212,
            6.337721726385517,
            6.356186017758598,
            6.311774090866964,
            6.371962121701601,
            6.376806664455029,
            6.35293811937962,
            6.352845585640296,
            6.38629159521002,
            6.3582229561045285,
            6.3718739580087425,
            6.390064890188759,
            6.378660377292261,
            6.403622275918381,
            6.389644958883464,
            6.3968859550682735,
            6.383421301735507,
            6.443310571660551,
            6.403999453711668,
            6.411516144469007,
            6.4010528880488895,
            6.380067667057453,
            6.438718850798624,
            6.401939454402855,
            6.457774310269413,
            6.402118049007972,
            6.3938918217619305
        ],
        [
            6.137660550209734,
            6.129658245146545,
            6.13838975382803,
            6.129670647576983,
            6.1156239688599365,
            6.123800323026027,
            6.122080030745592,
            6.110136135102215,
            6.11270728855474,
            6.117618827209275,
            6.120652672463799,
            6.1121078950460035,
            6.118290705971921,
            6.105535280569477,
            6.1199550716472295,
            6.1286084884640655,
            6.1136806337765,
            6.109287594196123,
            6.111708990529928,
            6.1037511603654035,
            6.104731398859504,
            6.109796611485426,
            6.113435066625343,
            6.118742638554455,
            6.1254244387629875,
            6.117832644165562,
            6.110889396033376,
            6.1096950919297335,
            6.097233692949665,
            6.111462810858935,
            6.125843017151393,
            6.112933438077896,
            6.103186797760367,
            6.112810111186973,
            6.12582174926291,
            6.12554378090363,
            6.112400628240278,
            6.1123259520913065,
            6.11195259415381,
            6.126719810758835,
            6.116631434034369,
            6.110605699346878,
            6.123955398574138,
            6.1179757855493255,
            6.115734251923178,
            6.126287634661381,
            6.140240820630529,
            6.134191827405835,
            6.120539786317891,
            6.125800022353108,
            6.123021483437004,
            6.1242079357069406,
            6.122743925762465,
            6.13006202399605,
            6.13617723291684,
            6.147969750043914,
            6.156565934945268,
            6.165141813452328,
            6.173287271744182,
            6.180633380614606,
            6.182489343060832,
            6.194522514231303,
            6.186575474613774,
            6.173935762488371,
            6.178356901593195,
            6.168269481582288,
            6.163235264738267,
            6.16049348201116,
            6.158741389899761,
            6.144050358480323,
            6.143214047850944,
            6.152169170409436,
            6.164617657615764,
            6.160650036046649,
            6.159499748058925,
            6.159542749779486,
            6.151544082009089,
            6.163129029648278,
            6.154310426996505,
            6.169341888000588,
            6.159999075685351,
            6.172064025958192,
            6.18562372834195,
            6.194554054310069,
            6.198567732957553,
            6.195561637077255,
            6.206751939984343,
            6.2143224731898234,
            6.212641791865339,
            6.210138044012541,
            6.217256403067953,
            6.212084706151138,
            6.215024314514526,
            6.209226443026395,
            6.215605229150378,
            6.218394487527323,
            6.2269041272520305,
            6.2349350517545945,
            6.233955824267605,
            6.220948425038293
        ]
    ],
    "angle": 89925.2,
    "fluctuation": 139.803364,
    "buy_difference": 1.031203136
}