{
    "id": 266,
    "name": "State Street Corp.",
    "record": [
        [
            28.744136120611902,
            28.52769255957072,
            28.56375295220995,
            28.492181137525463,
            28.522099184914556,
            28.601848985750873,
            28.53460139302018,
            28.428714992652516,
            28.645994557837067,
            28.581918595261044,
            28.6294706195203,
            28.71251458158827,
            28.665492691446428,
            28.59608208516961,
            28.542279739828864,
            28.538162756313817,
            28.53848023873125,
            28.586090479049027,
            28.5976101821909,
            28.546763018618133,
            28.69289888612983,
            28.509694314256755,
            28.606603210553807,
            28.696627475279637,
            28.505286580207578,
            28.59163782801625,
            28.501086509489177,
            28.660174631687102,
            28.52472856655114,
            28.538814134467906,
            28.512199182227565,
            28.42621467341802,
            28.480548010132377,
            28.41884885807924,
            28.514347946065364,
            28.521438938928895,
            28.62853346197681,
            28.47348176373952,
            28.464718353075178,
            28.632962823249347,
            28.528850185546027,
            28.511721866875583,
            28.45377970329419,
            28.45796270672476,
            28.601202150421486,
            28.52680417231602,
            28.470420892136048,
            28.58910423824328,
            28.51014830739612,
            28.463547930419274,
            28.383385524084925,
            28.38061164743427,
            28.460543512541342,
            28.59007172031858,
            28.506742903136015,
            28.428543687196996,
            28.34104949062751,
            28.509742566848608,
            28.321606469553924,
            28.379034474702408,
            28.298660046959252,
            28.329016267919606,
            28.214902674478306,
            28.219503420911067,
            28.54815627107801,
            28.523303708931056,
            28.632421200217646,
            28.588481164930823,
            28.47240660515505,
            28.597735134480555,
            28.584401871652283,
            28.496749577812412,
            28.55123760718599,
            28.750260817320306,
            28.756218202329993,
            28.784657857195164,
            28.646920075035883,
            28.76911369368876,
            28.802515566985132,
            28.745759546430932,
            29.04255757897359,
            28.95911416546324,
            28.755513257450758,
            28.854925607801434,
            28.717033835480496,
            28.740679307814382,
            28.765621120707376,
            28.71425552615381,
            28.872180717277693,
            28.62864714925047,
            28.811343470796107,
            28.77957428322977,
            28.792708618284337,
            28.536777097711514,
            28.59577050333049,
            28.538209515385393,
            28.71142015857629,
            28.620095185060496,
            28.82594803622849,
            28.95667049779579
        ],
        [
            28.28230052333665,
            28.215572980617264,
            28.248408620632283,
            28.19457420960721,
            28.22417975659032,
            28.23516912196547,
            28.177236824201177,
            28.13177098219612,
            28.177310423871152,
            28.249393514197386,
            28.310564602196482,
            28.25400315866156,
            28.233060866105767,
            28.19001013969281,
            28.1285450358788,
            28.065649889671423,
            28.088347728313906,
            28.10998370516129,
            28.132520837552185,
            28.147012949403667,
            28.209393237107335,
            28.25155178354013,
            28.206015178700547,
            28.21024948961771,
            28.278408863938353,
            28.34698089058762,
            28.274242222192857,
            28.295576582296274,
            28.223952488479597,
            28.161677715557374,
            28.203074791544886,
            28.171655925168743,
            28.21134180463189,
            28.172841014807904,
            28.12066918914554,
            28.122043491448668,
            28.154524306958816,
            28.10282702100554,
            28.088561099504844,
            28.150467160185325,
            28.109697751268616,
            28.171551842520312,
            28.09461703265127,
            28.14378630130532,
            28.172550967031608,
            28.110487516423632,
            28.18999594345576,
            28.14097892509173,
            28.09968456434101,
            28.129583648290534,
            28.143337076788782,
            28.14058665980549,
            28.21134170647016,
            28.16439760781247,
            28.130030301041334,
            28.131601466062733,
            28.104181932998166,
            28.0712582493011,
            27.99771615820549,
            27.931416874730097,
            27.97223100977698,
            27.92116030277253,
            27.925790574172865,
            27.992087301923615,
            28.06988521484428,
            28.146372258114685,
            28.175188792061824,
            28.224795158068325,
            28.21460169796697,
            28.231108010866745,
            28.237712080863698,
            28.230222883815554,
            28.295559269786764,
            28.299609424937188,
            28.336553506425368,
            28.2798908808624,
            28.333496035798827,
            28.408812115655685,
            28.40202090544782,
            28.479761871063413,
            28.547473630317047,
            28.490984761923546,
            28.423814354013796,
            28.37434133371297,
            28.346042680901245,
            28.423381706180084,
            28.425266941274458,
            28.442840251025775,
            28.374350583750804,
            28.36088683302713,
            28.323021168337004,
            28.303064310901295,
            28.349872238431743,
            28.2755510037084,
            28.282906088141225,
            28.245784558718327,
            28.315020555863622,
            28.395157188287694,
            28.374110270239814,
            28.448887112481625
        ]
    ],
    "angle": 89864.5,
    "fluctuation": 164.22179299999993,
    "buy_difference": 1.012986636
}