{
    "id": 267,
    "name": "Quintiles Transnational",
    "record": [
        [
            19.76037396280544,
            19.52080792304224,
            19.811142664181407,
            19.78738382721548,
            19.537595177819274,
            19.526721514081288,
            19.560950757529685,
            19.31369156071129,
            19.252146626709376,
            19.36055937817689,
            19.477555753679386,
            19.191003122514733,
            19.2102191844198,
            19.19022683741575,
            18.974457656011943,
            19.152564422283714,
            19.20872779149797,
            19.069425902497084,
            19.17328290014591,
            19.470735963547654,
            19.64890728103516,
            19.489832184807767,
            19.44275357853991,
            19.411685414954267,
            19.385531206732132,
            19.257553659258512,
            19.37744062380459,
            19.533734475563417,
            19.44720711040333,
            19.640176158934686,
            19.487086237844615,
            19.429347509646977,
            19.180512658458113,
            19.312104683219953,
            19.07381886688275,
            19.294647807893146,
            19.09843570259443,
            19.344707982580054,
            19.123405494323723,
            19.340657638003766,
            19.560675253021056,
            19.784806865996067,
            19.82838574341146,
            19.56489147392508,
            19.763047851934815,
            19.587663304560714,
            19.703387835090606,
            19.530121439820146,
            19.763712523480443,
            19.543461496940488,
            19.730769817871085,
            19.581491295448135,
            19.794988376728174,
            19.633894011335496,
            19.794505228147596,
            19.67799566818797,
            19.854011483224156,
            19.980512972492356,
            20.039460239935103,
            20.12083227054606,
            20.0732146101748,
            20.062640656687364,
            20.2846272578608,
            20.220929116568087,
            20.356846228568582,
            20.369295827482098,
            20.405755356322494,
            20.52347957158792,
            20.46172220970367,
            20.78758554631373,
            21.031070168317843,
            21.20524409247905,
            21.072321425101585,
            21.199144505790635,
            21.062089490091157,
            20.78606373465488,
            20.815883649862123,
            20.634057283868795,
            20.722188553884518,
            20.59261068786225,
            20.509225480918946,
            20.648535501129402,
            20.543114713904238,
            20.808459120476527,
            20.9633457310099,
            20.613895901338477,
            21.01680196196875,
            21.071847199375753,
            21.06456581115716,
            20.64559781261879,
            20.65574759504582,
            20.546044106984983,
            20.824928724640763,
            20.961300359069718,
            20.83214013575918,
            21.06206433654072,
            20.94195959173009,
            20.95667166751894,
            21.077192545117764,
            20.765148893010956
        ],
        [
            19.007277459725884,
            18.87677862511193,
            19.031397660317595,
            18.99152249852838,
            18.887321940827626,
            18.7712794523647,
            18.81169635670931,
            18.687755378101933,
            18.531377114806418,
            18.691783997445548,
            18.737109514753197,
            18.54667978171087,
            18.518786441587103,
            18.490258368399736,
            18.335564483527353,
            18.417113359042453,
            18.461902030858425,
            18.35366252923952,
            18.479479637802747,
            18.678301982825843,
            18.834211626165818,
            18.7022104356954,
            18.64402906501588,
            18.77879948135686,
            18.68591781495605,
            18.635309365300095,
            18.625914451583938,
            18.800543463309822,
            18.700441881942414,
            18.861515303745428,
            18.71822840085084,
            18.660906301876054,
            18.517956664841435,
            18.537207011521687,
            18.372581325141436,
            18.594591708103014,
            18.47390683040815,
            18.577761355461856,
            18.435097433582484,
            18.65199904403785,
            18.86229347670298,
            18.979590602369182,
            19.11470335338277,
            18.911811143882527,
            19.06889807359813,
            18.86753457942139,
            18.912789937635857,
            18.874412459311102,
            18.99151813259572,
            18.851357645469104,
            18.92209765303064,
            18.820172675604272,
            19.032967846310697,
            18.812330370369814,
            19.00403993198797,
            18.89783540835083,
            19.085907356916223,
            19.17879543648634,
            19.356937159459697,
            19.410225983482444,
            19.401218820887177,
            19.31538908058408,
            19.531060301312454,
            19.5439882535471,
            19.62021461477794,
            19.681461690659948,
            19.702850998944676,
            19.85634023641951,
            19.786650325327134,
            19.951495459946102,
            20.165088211253995,
            20.32804209400276,
            20.20665290695179,
            20.434078785781015,
            20.194830271682022,
            19.985891134857113,
            20.064649607947455,
            19.947290304609986,
            19.990344201220054,
            19.879283220629173,
            19.75324015680243,
            19.981346219379773,
            19.875337115826014,
            20.06351810634538,
            20.110164447160525,
            19.901826285451577,
            20.13737171082443,
            20.244501840863652,
            20.20525212358729,
            19.97850345257861,
            19.906307530442945,
            19.844276710701358,
            20.00727814286418,
            20.144324838371283,
            20.096412629341323,
            20.208891809808378,
            20.228698326176893,
            20.26527044098175,
            20.28201406790501,
            20.069989054837315
        ]
    ],
    "angle": 89603.9,
    "fluctuation": 691.23719,
    "buy_difference": 1.038479155
}