{
    "id": 268,
    "name": "ONEOK Inc",
    "record": [
        [
            12.459743866882484,
            12.644669839543852,
            12.716002538372623,
            12.713657179482006,
            12.875619897432838,
            12.713506402870056,
            12.681201937975608,
            12.79131206291871,
            12.798405113098752,
            12.59723760178941,
            12.638258054950743,
            12.62454456626481,
            12.802591048280851,
            12.614703631825266,
            12.72466288795571,
            12.790426607440203,
            12.687172263695645,
            12.724360649820976,
            12.694039944099785,
            12.523896190925303,
            12.506274513790286,
            12.625956854492317,
            12.568784884223666,
            12.47332347488925,
            12.401307970973525,
            12.325285969119433,
            12.457789953461333,
            12.28983949241379,
            12.177797005447486,
            12.15426259238568,
            12.09082657993738,
            12.187505660068885,
            12.162004084908828,
            12.251260073995564,
            12.250037885800289,
            12.138722280369118,
            12.042490202609438,
            12.009531145195398,
            12.025940734852794,
            12.059121288310946,
            11.84091047107724,
            12.056829935997714,
            11.83542028018154,
            11.974710564100093,
            11.981506895831702,
            11.885806296968795,
            11.894376230449021,
            11.955886417366195,
            12.031622882317036,
            12.18851696219705,
            12.31450458123411,
            12.325455643456893,
            12.263970084789985,
            12.236470750619981,
            12.287898191329964,
            12.206792669766863,
            12.141133205697189,
            12.048536229527963,
            11.872670367339266,
            12.064017807462866,
            11.970547681621959,
            12.133767175664435,
            12.212719639107739,
            12.123135184295567,
            12.111762396862797,
            12.026830459565653,
            12.197104906021762,
            12.161465834463536,
            12.226487299416167,
            12.338869983425024,
            12.231787064412094,
            12.07475597622159,
            12.098296158423281,
            12.005926237124138,
            11.88399999320665,
            12.069085670658316,
            11.969496262921623,
            11.96898469003648,
            12.145971625706895,
            12.084997451868531,
            12.058138689806816,
            11.901796143094044,
            11.911820897767914,
            11.941919955424897,
            12.044169715264985,
            12.13192834958023,
            12.241979323537741,
            12.380090535019018,
            12.32800841770899,
            12.155818226745449,
            12.100447746044987,
            12.131772056936901,
            12.279828197446612,
            12.250111280993863,
            12.232600134154803,
            12.235239075452716,
            12.204475880023681,
            12.134141407155106,
            12.153505145782104,
            12.075218872083548
        ],
        [
            12.278762158994944,
            12.401266869588168,
            12.43521116054225,
            12.52019238379921,
            12.647981762509012,
            12.518788507613873,
            12.500766883757715,
            12.535071272997373,
            12.572132118621319,
            12.427977545122657,
            12.386319341714673,
            12.446165028104218,
            12.546124313116017,
            12.405328395455196,
            12.515969282600244,
            12.554248258661671,
            12.447923850373774,
            12.491899356378738,
            12.490852925132318,
            12.330845910396507,
            12.32832842232383,
            12.411423310891214,
            12.341633390218398,
            12.261383396494423,
            12.146819220204652,
            12.115861265287078,
            12.180274490828866,
            12.05687918000471,
            11.99008168967955,
            11.944156992878105,
            11.835626295514903,
            11.962460393724937,
            11.97573290507319,
            12.016630129467407,
            12.021434861217847,
            11.877775109547933,
            11.873526850822472,
            11.74200130208451,
            11.861973426762379,
            11.829352606191947,
            11.68416027137105,
            11.785899589492558,
            11.669362243454751,
            11.746550203217353,
            11.747349819954428,
            11.687358715314883,
            11.739277429543517,
            11.784588593689945,
            11.869962585414745,
            11.93363384688281,
            12.072634327584584,
            12.06650586038464,
            12.037512884182608,
            12.003322937364059,
            12.045348025525978,
            12.005390044781105,
            11.907423040197061,
            11.787178816664593,
            11.690830573364186,
            11.824706458570137,
            11.797855631871482,
            11.938351929317237,
            11.978827801520845,
            11.945844043511414,
            11.934637573984633,
            11.86046844352419,
            11.9456151675,
            11.89173538838422,
            12.031989767213238,
            12.091692698113132,
            12.023951044239984,
            11.89817234260116,
            11.899875417049506,
            11.786590019072722,
            11.671558468434503,
            11.795531620071756,
            11.812230762332739,
            11.782125555299771,
            11.888422348341912,
            11.927413012179075,
            11.829570386861656,
            11.745420144703141,
            11.688361461779538,
            11.694525522333779,
            11.785255149176649,
            11.932956016129687,
            11.972847477141249,
            12.099487347263368,
            12.078638050506529,
            11.945685735644306,
            11.829714813680859,
            11.965159991100755,
            12.096604184978789,
            11.992744433829206,
            11.97082765165454,
            11.993728345123232,
            11.932603358277518,
            11.85793269531994,
            11.989002763521666,
            11.901016792640913
        ]
    ],
    "angle": 90566.0,
    "fluctuation": 761.499138,
    "buy_difference": 1.018303472
}