{
    "id": 269,
    "name": "Universal Health Services Inc",
    "record": [
        [
            43.62480005977694,
            43.284273520782286,
            43.670280223914865,
            44.35045030127238,
            43.894644151288446,
            42.82168850482668,
            42.377193545724424,
            43.16808532700242,
            42.6288756036207,
            42.45890606953289,
            43.53222906609174,
            42.698460029583124,
            43.25137275098253,
            43.47463511665284,
            43.81752035972676,
            44.35182436344836,
            43.714285074559406,
            42.852041919549826,
            42.84212342038161,
            43.86679785552092,
            43.97534305967574,
            44.884488850826486,
            44.285325742984945,
            44.969890378590144,
            44.249356187840135,
            42.96733784507172,
            44.07927192166418,
            45.34473088014621,
            46.07318641763467,
            45.44614180869078,
            44.58036076233668,
            43.50936081281746,
            43.249109001580486,
            43.13736145402461,
            42.50441815942275,
            42.41357318808509,
            42.48967144816879,
            42.656345780644926,
            41.90326033635742,
            40.835638812561605,
            40.87593312023781,
            39.89960947792301,
            40.062805634819824,
            39.625714595660384,
            39.320137051738534,
            39.66566919600676,
            39.11457108187044,
            39.033675666911975,
            39.13633399801187,
            38.2795649297131,
            37.59417984724609,
            37.63719414985845,
            38.58260898171338,
            38.272484092672684,
            38.37964129505621,
            38.44144689648904,
            38.786121452419984,
            38.07369290454597,
            39.28717211656839,
            38.62030812806297,
            38.14384439549143,
            38.0570389352276,
            37.2337655362473,
            36.7280756523575,
            37.551037240171105,
            37.93238916534948,
            38.071334768998746,
            38.08194131218277,
            38.38495052649061,
            37.80064928391948,
            37.35409212609682,
            36.92989607125664,
            37.40203939668782,
            36.58913059190238,
            36.20087078426121,
            35.88878022930641,
            35.83748845651059,
            36.30777258366268,
            35.83986353469341,
            37.10233525545656,
            36.863056229564144,
            36.217733938749255,
            36.303879189325755,
            35.541000238280915,
            35.6084490359048,
            35.51174083341667,
            36.317500271513715,
            36.46869383375153,
            36.49061620497571,
            36.551284295540015,
            36.827511632707235,
            37.011497901266786,
            36.27168043072495,
            37.26234543629071,
            36.72657869921985,
            37.33046884920228,
            37.863916574002516,
            37.04173517609435,
            36.29962137961489,
            35.84148904382608
        ],
        [
            42.729292977602796,
            42.35766136075864,
            42.62900232685898,
            43.440047450417346,
            42.94210337280505,
            41.97622476623816,
            41.457582378793454,
            42.48574235710146,
            41.60414219506467,
            41.74585513269585,
            42.848432685709234,
            41.91411492136399,
            42.589095500455294,
            42.480329069167766,
            43.02123595719616,
            43.28998434761813,
            43.04491957962756,
            42.07751782277646,
            41.82059216498669,
            42.8677962067459,
            43.038233711697366,
            43.91485099059206,
            43.5984563246487,
            44.276850553643605,
            43.224404289475416,
            42.28816802107202,
            43.16149628746153,
            44.320909154461745,
            45.195165467154624,
            44.473249249783144,
            43.665238429767875,
            42.467690463574286,
            42.20106204949609,
            42.07526774686487,
            41.66938590496354,
            41.41876017575185,
            41.78029486206515,
            41.931566667834396,
            40.867484861529114,
            39.889759163054464,
            40.12104860647496,
            39.17452425097499,
            39.40976074225748,
            38.73874651669497,
            38.7258369537498,
            38.94873681120639,
            38.227605718296616,
            38.33968882083389,
            38.39819506965392,
            37.64425372373051,
            36.99251270899401,
            36.85723122076203,
            37.651392657252565,
            37.471868291161634,
            37.6935053626525,
            37.55102413406091,
            38.18838090656938,
            37.479401970827794,
            38.38481069216324,
            37.76337780389769,
            37.5333802812956,
            37.39540553236507,
            36.443957343507726,
            35.95258446104454,
            36.72882479925353,
            37.179740530229665,
            37.14136478209323,
            37.28158738149579,
            37.44359299204576,
            37.00251134652639,
            36.69732181210597,
            36.218870072056895,
            36.48478690302167,
            35.91341346577276,
            35.320106182263764,
            35.25070705337852,
            35.094821180180055,
            35.52341719008995,
            35.22030727039183,
            36.210451481058264,
            36.26944904053993,
            35.48846069086369,
            35.633430000828305,
            34.98272863493129,
            35.03856205563072,
            34.939893927337984,
            35.74703154608965,
            35.9030610851872,
            35.748700656987985,
            35.80813526332162,
            36.22720374122454,
            36.40453732970998,
            35.51646685618895,
            36.50838835050829,
            36.03388945947979,
            36.54955890967188,
            37.26541476203945,
            36.40505240200972,
            35.41292910512799,
            35.08471759464609
        ]
    ],
    "angle": 89497.29999999999,
    "fluctuation": 1625.153176,
    "buy_difference": 1.020243515
}