{
    "id": 27,
    "name": "U.S. Bancorp",
    "record": [
        [
            13.215698751910057,
            13.524231060963848,
            13.251214445114876,
            13.255829097761014,
            12.862877381555801,
            13.058028921079348,
            13.243303436548736,
            13.260257722157752,
            13.604754747634487,
            13.709142249127746,
            13.92662709001187,
            13.971259417907117,
            14.072579452466986,
            13.957605249696952,
            14.141710632438373,
            14.235523869346792,
            14.162620616502933,
            14.338549122192603,
            14.094208506459642,
            13.75136308328936,
            13.422765886046378,
            13.304019906040764,
            13.501430806952971,
            13.419491338279867,
            13.305149050707447,
            13.186199515116593,
            13.06502623736412,
            12.976127785565645,
            12.778786921288951,
            12.909677199073066,
            12.99473130598574,
            12.929954196663804,
            13.148576723908095,
            13.221234203865462,
            13.486657482241327,
            13.348118543873852,
            13.322128386920907,
            13.045716678971658,
            13.296385010581728,
            13.029511925826961,
            12.9614532099989,
            12.828705510554602,
            13.154295054704113,
            13.220552136582903,
            13.566958010788792,
            13.437082963794802,
            13.12718839210187,
            12.948623103650414,
            12.76983260943085,
            13.039024146065543,
            13.240710371050826,
            13.388081892531304,
            13.113026558649223,
            13.162954651490052,
            13.433624002861574,
            13.139201149852838,
            13.082250761806812,
            13.38809858742044,
            13.693118998266403,
            13.801145291033295,
            13.943415485569124,
            13.699102975834576,
            13.938841461798223,
            13.936510015590454,
            13.758215402024973,
            13.4592774523041,
            13.723537046479551,
            13.934469243278857,
            13.983579723661991,
            14.369633795225791,
            14.642685054609338,
            14.800685391492708,
            14.642945289969454,
            14.269062631812892,
            14.525944992897054,
            14.705473847790012,
            14.795661362007449,
            15.030692856532271,
            15.330878848757996,
            15.383856893997386,
            15.289730170530294,
            15.640459314814455,
            15.893143807678822,
            16.029135392524378,
            16.16261308859935,
            16.163671282076272,
            16.394364670407864,
            16.64607077336578,
            16.681109381400784,
            16.55977117182224,
            16.494895190626966,
            16.349521274675496,
            16.09398190923021,
            15.786192926397975,
            16.042870022457784,
            16.203058046506456,
            15.935515088122115,
            16.001269495653876,
            15.646510307361215,
            15.866131277472677
        ],
        [
            12.738368781039627,
            12.970760598996769,
            12.762369297291237,
            12.704474512676505,
            12.415711076337246,
            12.590179114720147,
            12.750919491773978,
            12.791574174464772,
            13.031095781786197,
            13.208694758586578,
            13.336739577778207,
            13.40350443163209,
            13.496668185089524,
            13.407791795338433,
            13.567028960166613,
            13.711740060327738,
            13.606090241628115,
            13.728479966222967,
            13.510675608279751,
            13.233465541337873,
            12.94444347240946,
            12.748120171432682,
            12.928265962096692,
            12.946478225018051,
            12.745392612980552,
            12.632705600788084,
            12.529099026047652,
            12.518742446046485,
            12.247274127263818,
            12.38629764397026,
            12.545499383540838,
            12.39091907622959,
            12.61677044525509,
            12.718211794190834,
            13.002147076959094,
            12.787828039145783,
            12.830667181791087,
            12.543099302187958,
            12.776446469135848,
            12.49753379026992,
            12.495810855242546,
            12.325823518250324,
            12.623516947851183,
            12.736664495725709,
            13.045562732453563,
            12.945270041900176,
            12.683562942258167,
            12.43358767230115,
            12.292591010202012,
            12.561780641563132,
            12.766315359323256,
            12.874848276023434,
            12.666062320825976,
            12.654555325943866,
            12.94323421049266,
            12.6684430629451,
            12.60847709191024,
            12.856866517568866,
            13.148471015748418,
            13.317351309959104,
            13.350158270761442,
            13.217559917687248,
            13.419254119173091,
            13.350191803675546,
            13.184651011665114,
            12.935553989712513,
            13.249110081814722,
            13.435217880260174,
            13.481217304498522,
            13.763722890141583,
            14.039242569227838,
            14.283285964108185,
            14.014344218754955,
            13.770247567528271,
            14.012525753579567,
            14.167236338918958,
            14.269846445982576,
            14.402645226648012,
            14.725499061683943,
            14.769010212744513,
            14.752274292028433,
            15.102795829318364,
            15.309902594506054,
            15.410034146762248,
            15.55234798416384,
            15.575182385979522,
            15.75643195354383,
            16.030382079660328,
            16.016014127557526,
            15.856773185144782,
            15.815120920210218,
            15.6648065594114,
            15.46001299912011,
            15.23740019869253,
            15.407836621321234,
            15.510570514127828,
            15.275747829882716,
            15.320455775069886,
            14.980790696838834,
            15.325326052841937
        ]
    ],
    "angle": 91026.6,
    "fluctuation": 1368.927056,
    "buy_difference": 1.039759299
}