{
    "id": 270,
    "name": "Allied Waste Industries, Inc.",
    "record": [
        [
            8.115867694641373,
            8.068328574509703,
            8.097465703940875,
            8.049419976752992,
            8.083480073377066,
            8.163209907341884,
            8.093580309160425,
            8.045339271280424,
            8.099863865584707,
            8.150747243283337,
            8.137633327295603,
            8.078803378707647,
            8.08625845222827,
            8.085659143184731,
            8.046046588578031,
            8.063228493060953,
            8.08296305239341,
            8.053596454109238,
            8.085384106613956,
            8.064686075970247,
            8.067506083209251,
            8.006824906867529,
            8.024674359516206,
            8.01205596973013,
            8.147487280932998,
            8.02784526571289,
            8.035885407980974,
            7.985907783179517,
            8.080211359175271,
            8.022481965473991,
            8.036588339631672,
            8.148353353563737,
            8.069382474987083,
            8.026545316053449,
            8.088623271713434,
            8.006138886426916,
            8.028310216332585,
            7.991595432124113,
            7.994842202171079,
            7.93801053973706,
            8.019795565094654,
            8.019471822906583,
            7.9897022422175485,
            8.003902447429358,
            7.962396211637912,
            7.91866385898183,
            7.931153377445249,
            7.96437355071212,
            8.061099388090055,
            7.928157967418385,
            7.946734084730562,
            7.925978303764411,
            7.826649072932322,
            7.821736319803683,
            7.843079199116818,
            7.8251228270432875,
            7.765019640472715,
            7.780884969140522,
            7.715688102675385,
            7.598249793732069,
            7.662718459067035,
            7.763435839718346,
            7.713873988071469,
            7.661132936270878,
            7.6079549969889735,
            7.578432024105222,
            7.616587270913119,
            7.5833169192793575,
            7.612076739590561,
            7.648310086927944,
            7.646533269635045,
            7.592628819195582,
            7.616961882861772,
            7.680980719471559,
            7.728148032628408,
            7.645936942713455,
            7.6405590881356265,
            7.6314178534452095,
            7.656419282543756,
            7.679383909109138,
            7.680645572189377,
            7.650895829652691,
            7.598607699828985,
            7.565885557753655,
            7.6180337188371965,
            7.571378108785412,
            7.614323727723375,
            7.628810733602763,
            7.619297177596917,
            7.679649439969273,
            7.704057880027512,
            7.728472448049149,
            7.776651085792284,
            7.785295488805406,
            7.872477032555916,
            7.822867552598275,
            7.874435528660812,
            7.862513177537809,
            7.904533418070592,
            7.887940684600757
        ],
        [
            7.788149395833699,
            7.764204651581317,
            7.755798535130398,
            7.77242976294285,
            7.801404586102708,
            7.82188220243113,
            7.7613452821510895,
            7.7250900968823295,
            7.78754387766541,
            7.835682552654283,
            7.804367518750638,
            7.7851816982166495,
            7.7767935455113895,
            7.814477503809731,
            7.7769743977162085,
            7.756194952683183,
            7.775955183992837,
            7.739967890785892,
            7.7488533542202225,
            7.754497094527842,
            7.745601840925681,
            7.739064349453381,
            7.7044791600792,
            7.734799570221796,
            7.802932996512316,
            7.737625026788292,
            7.7593609349457955,
            7.717296757376931,
            7.754706012414117,
            7.736329206586745,
            7.768612585020122,
            7.806092620146908,
            7.759788061321616,
            7.755010190338326,
            7.800892902339265,
            7.735294102847275,
            7.688795886783493,
            7.696519838183954,
            7.690412691311175,
            7.647209013652358,
            7.709792772319182,
            7.7233669423068445,
            7.674730272506556,
            7.692977247003788,
            7.6645641646835605,
            7.617896418110403,
            7.6590012182999825,
            7.666467541733229,
            7.725579416939211,
            7.659182410299208,
            7.639555461570555,
            7.592302459674357,
            7.533894624117308,
            7.564723387362104,
            7.5777506657979545,
            7.5309191327306,
            7.4790583136482685,
            7.452575713449273,
            7.399702492289886,
            7.350057463735384,
            7.379047720662962,
            7.437343053968647,
            7.405341450155191,
            7.34445431557058,
            7.340265060158112,
            7.307385889269349,
            7.329491080076931,
            7.272752392357346,
            7.316372675047375,
            7.3695967106448315,
            7.326809327573862,
            7.310821323057718,
            7.3430664482039045,
            7.384074712957584,
            7.4109137095876605,
            7.376910590951679,
            7.334958933115319,
            7.340826901736247,
            7.3751954025605615,
            7.417359432386444,
            7.3638938377507035,
            7.382435016369057,
            7.346711864034535,
            7.288716479259354,
            7.341158573137107,
            7.28671453737863,
            7.295946560906455,
            7.353016270638594,
            7.359322890651009,
            7.421339605961511,
            7.4247995840507155,
            7.4208363326051,
            7.458168818572712,
            7.515886113173278,
            7.555340109715214,
            7.5604995736914224,
            7.58976131224499,
            7.561611107511035,
            7.599745112661057,
            7.618800144843326
        ]
    ],
    "angle": 89823.3,
    "fluctuation": 501.1846249999999,
    "buy_difference": 1.038962211
}