{
    "id": 271,
    "name": "National Commerce Financial Corporation",
    "record": [
        [
            1.517160230952426,
            1.50405060994809,
            1.5125785734666866,
            1.5215748408201764,
            1.5186777873178356,
            1.5259496289831502,
            1.5050573564355103,
            1.50334265679148,
            1.5169166804528322,
            1.5078590859298102,
            1.5218078355101246,
            1.5129986521343095,
            1.5157596536863522,
            1.519092214455327,
            1.5162376093805445,
            1.5081433635430856,
            1.4939813031021731,
            1.506712255193621,
            1.505805641356569,
            1.5069392441269887,
            1.4957341618301765,
            1.5029396824985422,
            1.4990769480233,
            1.4904507167264947,
            1.4895079301352474,
            1.4930423432748265,
            1.4885622340890383,
            1.4759908953125354,
            1.4648137144894222,
            1.4756693161515304,
            1.4630810002446737,
            1.4700466312303035,
            1.4571231220158163,
            1.4613363607670962,
            1.4404362023623296,
            1.4434557767688205,
            1.4430255248551336,
            1.4345251943441186,
            1.434233855447463,
            1.4380673459998246,
            1.4534774199144862,
            1.4602123316277826,
            1.4621292137593378,
            1.4565175210886327,
            1.4548663257246603,
            1.4638213765660306,
            1.454644371055084,
            1.466548107357269,
            1.4602150384624029,
            1.4584094160361711,
            1.4610149005145074,
            1.4480410685211562,
            1.4577893943773914,
            1.471098811108511,
            1.4538900929500485,
            1.4703947349121784,
            1.461783744036187,
            1.450639063962405,
            1.4555542481994956,
            1.4725102571924715,
            1.4632400030857708,
            1.4586265569087657,
            1.4516378688696314,
            1.4622067495683881,
            1.458383694640226,
            1.475964837150219,
            1.4710800747498851,
            1.4737488400649674,
            1.463239578232053,
            1.4752417927300367,
            1.4788885644679162,
            1.4875533184326983,
            1.4955168565946741,
            1.4771218367100456,
            1.4846363972693997,
            1.496818022078755,
            1.4825391433659985,
            1.49234832726933,
            1.4951869662932822,
            1.5044347311218262,
            1.5152610216206155,
            1.5017198003532337,
            1.510009457546637,
            1.5038362056041112,
            1.4912082723928386,
            1.4790448708127686,
            1.487238040914658,
            1.4903811984427753,
            1.4994814345644232,
            1.4891746899698637,
            1.501766848269319,
            1.4935276475276407,
            1.4984361290755523,
            1.5052457433075497,
            1.5166274157973993,
            1.5051209234489118,
            1.491861776904113,
            1.4997019913885965,
            1.4876253376771067,
            1.4956236494058324
        ],
        [
            1.443347237181668,
            1.4387744677436032,
            1.4466419128119956,
            1.4491382550600633,
            1.4447909612805436,
            1.448816585954059,
            1.4395930272717818,
            1.4337799260772879,
            1.443547822150744,
            1.439527907110888,
            1.4470465028829538,
            1.4406824122685171,
            1.4405768124728884,
            1.4444642912141703,
            1.4463676790806461,
            1.4373516433906843,
            1.4279955321394338,
            1.4352700757269858,
            1.4315447910853891,
            1.4339097892545463,
            1.4321126434104514,
            1.4289627108020446,
            1.4268558895767918,
            1.4189286616780044,
            1.4173232335126738,
            1.4240987387045834,
            1.4191153798945395,
            1.4106582438166007,
            1.4013811211158806,
            1.4087968710666714,
            1.3995829485189075,
            1.395044467112783,
            1.3869232738374913,
            1.3862264804384883,
            1.3773679468162003,
            1.3777671199152486,
            1.3721345038366821,
            1.367873021726072,
            1.3701999014275335,
            1.3756548926181176,
            1.3816593855667345,
            1.387646303011786,
            1.3965698352852403,
            1.3921864405388258,
            1.3869915084806785,
            1.3885837712014326,
            1.3926307130415327,
            1.3950582432688015,
            1.385852476665279,
            1.3834499750412925,
            1.3855078347018805,
            1.3857521126641381,
            1.390891252241719,
            1.3989682191632304,
            1.3919085909365363,
            1.3957917551181216,
            1.3931681281520125,
            1.3868457974213093,
            1.3936417949200823,
            1.39975178789703,
            1.3903848762840787,
            1.38338057347023,
            1.3840521176518086,
            1.3917619873694194,
            1.3941100058990363,
            1.4030356729828357,
            1.4056828678211968,
            1.4042907286270192,
            1.4011409886483448,
            1.4019288670492733,
            1.403435282600989,
            1.4123611155320062,
            1.4186501644737188,
            1.410183568205115,
            1.414523728744722,
            1.4200257908418175,
            1.4181966037559672,
            1.4231519117228673,
            1.4247184711860776,
            1.4313837405147378,
            1.4373795173646167,
            1.43625649774451,
            1.435111830471356,
            1.4292447765592613,
            1.4213536148365886,
            1.4154222549413185,
            1.4229772204286992,
            1.419429627346826,
            1.4222694091541528,
            1.4235439846512659,
            1.4271357458428773,
            1.4211481469200677,
            1.4269584963049413,
            1.4338730998820488,
            1.4392486878521722,
            1.4313221668067317,
            1.422118732460481,
            1.423328526471172,
            1.4214926072361955,
            1.4187514683396338
        ]
    ],
    "angle": 89817.9,
    "fluctuation": 393.87908500000003,
    "buy_difference": 1.049251497
}