{
    "id": 272,
    "name": "ADC Telecommunications, Inc.",
    "record": [
        [
            14.534564402488702,
            14.461117602115364,
            14.550658302283441,
            14.527671717189651,
            14.449586386837234,
            14.32698606848802,
            14.413318788086759,
            14.274272581466564,
            14.175911850753069,
            14.204542813691035,
            13.96188647919726,
            14.111894802035625,
            13.972963681153582,
            14.171698202824658,
            14.144700951753189,
            14.24936199624002,
            14.236512666805426,
            14.549746878269692,
            14.570430471643915,
            14.54403230363964,
            14.313404437447655,
            14.076478766978742,
            14.165842633837716,
            14.098751651957551,
            14.020023420328027,
            14.086229213991814,
            13.968976880786347,
            14.085958908697119,
            13.938714170949321,
            13.985384270072943,
            14.163989615985606,
            14.32719071539089,
            14.13134025085413,
            13.783132008388145,
            13.734252266925905,
            13.580551261544784,
            13.891892407551403,
            13.83723987869804,
            13.93122306011598,
            13.821803475891302,
            13.652618234183066,
            13.432687526151408,
            13.437010132749519,
            13.269204575987375,
            13.337892457547609,
            13.418839171391634,
            13.688873015098668,
            13.659820013268686,
            13.527749766125492,
            13.709936611807933,
            13.8957907368723,
            14.034523051623955,
            14.247156571238648,
            14.324331628476822,
            14.409569666388723,
            14.595294275027433,
            14.751868778548875,
            14.50238458146247,
            14.363727619269975,
            14.304490204309829,
            14.54951655194978,
            14.634011255841079,
            14.755789206039706,
            14.884043494013195,
            14.984249212788065,
            14.836906376055115,
            14.614377241050606,
            14.681979780265864,
            14.5201972263106,
            14.192296431440056,
            14.426628679753184,
            14.561353042456757,
            14.292655976779713,
            14.21662728773076,
            14.02798799172249,
            14.019671516846074,
            14.097147759222397,
            13.90873886224584,
            13.746190925960784,
            13.706887375561429,
            13.879059590931968,
            14.037835311449552,
            13.991076691745647,
            14.199165535141363,
            14.22543609528193,
            14.198612371052716,
            14.106883256470272,
            14.27220193603658,
            14.435055438138653,
            14.661437983722154,
            14.83677403391931,
            14.627692658628678,
            14.474960982707326,
            14.56434097380214,
            14.921380244225569,
            14.553736387673604,
            14.811268342347084,
            15.056900683255199,
            15.232525222824755,
            15.125386518302207
        ],
        [
            14.273470600679827,
            14.224067594309147,
            14.336515035477168,
            14.303836005360338,
            14.199944173518585,
            14.073836958193548,
            14.169966617694666,
            14.09809334426387,
            13.894899988388417,
            13.909101423447199,
            13.750897939348203,
            13.812879457375221,
            13.797732143125346,
            13.94357591634297,
            13.896160658878149,
            13.97943297489354,
            14.06362406686116,
            14.288380343806935,
            14.271641692025344,
            14.305623138734756,
            14.12964759677009,
            13.887400215826755,
            13.932239478798433,
            13.896827888394654,
            13.757183388895317,
            13.83457053276498,
            13.795180398524504,
            13.824641336903447,
            13.656960050911708,
            13.727302375835372,
            13.94715360263397,
            14.067012912745657,
            13.845692429362117,
            13.61985328923036,
            13.564738193677924,
            13.390075096452756,
            13.604308328570076,
            13.550787193245629,
            13.648260704389692,
            13.584364675543567,
            13.402014626396078,
            13.179543629388409,
            13.199586354722328,
            13.036047862191602,
            13.074795866096434,
            13.217380617857462,
            13.409497382709878,
            13.378372307965705,
            13.304669141299101,
            13.531210855730224,
            13.605416523582834,
            13.7618000343544,
            13.957777170133472,
            14.117762196436374,
            14.233149852250975,
            14.301692943575945,
            14.489765009957123,
            14.231921422777813,
            14.162266890566553,
            14.070007669287808,
            14.279599227842022,
            14.411422571624737,
            14.569277664676326,
            14.62835693055523,
            14.781494530981492,
            14.538444735984987,
            14.369066764022206,
            14.419677668524656,
            14.211116084851685,
            13.998853713341854,
            14.14769668759871,
            14.33843380653974,
            14.102088276914632,
            14.013015297252794,
            13.80632256737068,
            13.8313560139484,
            13.81219109727878,
            13.622162418878725,
            13.496563918063393,
            13.43919117256968,
            13.687140939063633,
            13.840945436743965,
            13.720565889766553,
            13.924631434516277,
            14.000650664148763,
            13.900526402142097,
            13.823106881106812,
            14.0018402523296,
            14.144677497389283,
            14.392316765283146,
            14.634547008096192,
            14.432657827536614,
            14.276233737040865,
            14.361506260833677,
            14.624133358686427,
            14.362569370206689,
            14.526347959909044,
            14.764310520414558,
            14.993326499822567,
            14.861098816127942
        ]
    ],
    "angle": 89801.0,
    "fluctuation": 1068.3082239999999,
    "buy_difference": 1.016767093
}