{
    "id": 273,
    "name": "KeyCorp",
    "record": [
        [
            11.111878553127406,
            11.154303277389632,
            11.254087616126961,
            11.236908074584417,
            11.073106752850483,
            10.967367082758065,
            10.88561411009051,
            11.06441642541023,
            11.051088567034686,
            11.119708908887317,
            11.258006338909547,
            11.395402807520368,
            11.366894536968541,
            11.726320240761142,
            11.79452612410308,
            11.839443258785213,
            11.629287870375844,
            11.46202693589778,
            11.75924942301027,
            11.57296726446901,
            11.321126737590362,
            11.321319693411768,
            11.225607159697246,
            11.417289188881062,
            11.367345483059331,
            11.481573281592054,
            11.693564544743134,
            11.560492387323999,
            11.710908324773042,
            11.878890125995303,
            11.81468433548925,
            11.683754447959865,
            11.808724523614298,
            11.816927961569291,
            11.728564710143507,
            11.909632320578908,
            12.224770693084533,
            12.499860124652361,
            12.774152106605069,
            12.598406635632422,
            12.815909793869343,
            12.641366911221807,
            12.908077971164179,
            13.012620466463998,
            13.017062804484619,
            13.32511888718352,
            13.164512729538586,
            13.170076148365395,
            13.120962964005606,
            13.049189851664732,
            13.17739163794755,
            13.43532418361866,
            13.258327870813977,
            13.090564845111183,
            13.169959620651493,
            13.361481967912985,
            13.518015975678178,
            13.753460895882572,
            13.866829713554848,
            14.059931287746446,
            14.337097081067625,
            14.164102233095909,
            14.030765172654426,
            14.298668530655817,
            14.152599858140713,
            14.338228267214468,
            14.260588439282104,
            14.19601321015939,
            14.27013803756461,
            14.019755466526869,
            14.033199342144986,
            14.002223762105693,
            14.159821994398873,
            14.136847535273867,
            14.401378924422211,
            14.715651737801958,
            14.447007865844332,
            14.2456847347871,
            13.899605471079735,
            14.03849506546885,
            14.041513428012935,
            14.018356718548056,
            14.148552136496807,
            14.244382683546423,
            14.103843576112203,
            13.696970140631555,
            13.520608435200652,
            13.885343694651999,
            14.165063884294732,
            14.438806248610753,
            14.601810985678975,
            14.870157308961257,
            15.154511062258456,
            14.952858770368305,
            15.307180753975596,
            15.114948205492734,
            15.126027505080016,
            14.982703365065959,
            15.012561653311106,
            14.697263093718913
        ],
        [
            10.645836441404477,
            10.671558069681216,
            10.740240217434774,
            10.800144601040918,
            10.638445682564331,
            10.468694303028808,
            10.453077391984184,
            10.568693675059,
            10.555962949180662,
            10.642707371792483,
            10.805263600896286,
            10.885934912053068,
            10.956920602624255,
            11.196481686929639,
            11.278447659010851,
            11.318014161784198,
            11.175033412883216,
            11.015409536536714,
            11.233514601959243,
            11.069894311053408,
            10.863671345208896,
            10.87473668098907,
            10.720527176458345,
            10.906842792799123,
            10.856969237060744,
            11.01653248416418,
            11.26388414338582,
            11.064582585771607,
            11.2152611941849,
            11.408028047017705,
            11.32595402700336,
            11.19037392699192,
            11.353148427363719,
            11.315663832761704,
            11.216490731100091,
            11.468557076469525,
            11.737847781708995,
            11.998376692728044,
            12.193327019634138,
            12.14035489639458,
            12.280852561550967,
            12.120862727153725,
            12.393938355479017,
            12.434565195412484,
            12.50484153711564,
            12.799493616042033,
            12.678235692808551,
            12.596321174344281,
            12.5731699284904,
            12.523161155045704,
            12.653791804751538,
            12.833376859865714,
            12.678199646478086,
            12.580491534344441,
            12.61633950298688,
            12.85244276205055,
            12.995193420284377,
            13.248089537544141,
            13.261398201377036,
            13.444728295957391,
            13.702935514261902,
            13.5904103499557,
            13.512490090895854,
            13.759444634668377,
            13.612055865212154,
            13.809982651003,
            13.7407226821074,
            13.637400258273697,
            13.720976943717332,
            13.472126369662776,
            13.439264628114989,
            13.475531250684442,
            13.526761905736002,
            13.581923120897343,
            13.84022979797105,
            14.16212369092422,
            13.861857390939432,
            13.603366210135915,
            13.323297931605108,
            13.42824645655949,
            13.419088952433103,
            13.443843387890855,
            13.594530040527562,
            13.718216896501271,
            13.489408981091698,
            13.194999735219028,
            13.032955715552383,
            13.275132830533456,
            13.560132266648237,
            13.794647246244153,
            14.003385989694268,
            14.292174333992374,
            14.588866948972603,
            14.370221254823841,
            14.637403412751404,
            14.482460431703808,
            14.524999191117589,
            14.335699471495559,
            14.378612564209241,
            14.16574784775502
        ]
    ],
    "angle": 90138.09999999999,
    "fluctuation": 1319.953691,
    "buy_difference": 1.042630044
}