{
    "id": 274,
    "name": "Plains All American Pipeline LP",
    "record": [
        [
            23.83764765769378,
            24.227750949471503,
            23.749613831847547,
            24.463358839924886,
            24.022164264267584,
            24.156284338318766,
            24.30000486062838,
            24.174515442800008,
            24.109069401388115,
            23.7086706460747,
            23.450550714899517,
            23.503219696958233,
            23.715685938371973,
            23.508580124065386,
            23.803119306228997,
            23.466935335682884,
            23.175343916315065,
            23.036996946509444,
            22.70754649379484,
            22.235981669196505,
            22.445700399539316,
            22.742319776046713,
            22.860178617565552,
            22.45855955897096,
            23.1154666777726,
            23.361454967794934,
            23.081638670686054,
            23.183729194544256,
            23.742256417975895,
            23.64685005047094,
            24.09814614777443,
            23.94784159988417,
            23.32380603204738,
            23.447831284365503,
            22.97477884301505,
            23.48446010216071,
            23.75505364475812,
            23.619321198864906,
            23.566567454014827,
            22.87789610252589,
            23.501724740210186,
            23.797577951428842,
            23.33088068606129,
            23.93834037095539,
            23.730898653438985,
            24.441150566697065,
            23.804900246756524,
            23.78955138375387,
            23.87917184363413,
            24.273802769737753,
            23.953770403509044,
            23.459216927078796,
            23.991294086642213,
            23.890079531100653,
            24.665012543518955,
            24.905589951793978,
            25.31779769207476,
            25.6563754660303,
            25.908028330488392,
            25.56030967872631,
            26.113927566761113,
            26.24869215827618,
            26.5164153338127,
            26.00719795501856,
            26.54216166638495,
            26.4002432286269,
            26.299480167399064,
            26.771026369860344,
            26.964625722781925,
            27.09136314124025,
            27.41956088552635,
            27.620595804898738,
            27.69637210336635,
            27.946529614670865,
            27.612301217030176,
            27.349081619885958,
            27.191463455157116,
            28.13620306750561,
            28.71652969810817,
            28.748579175433964,
            29.500064327055203,
            30.22560100200526,
            29.99165565248949,
            29.5124708291647,
            29.18516235364655,
            29.262315782924684,
            29.938978923125195,
            30.098102427646392,
            30.350612319505537,
            30.437988575006266,
            30.448647974769877,
            30.643453004345517,
            30.059149061602543,
            29.77489202835532,
            29.293637030640955,
            29.146790723717444,
            28.796401030416718,
            28.55788828092359,
            29.066386789832883,
            28.567441309708375
        ],
        [
            23.31075827483624,
            23.766009549003787,
            23.231648849063294,
            23.893929171020606,
            23.36486197601416,
            23.684010634431893,
            23.696459429126197,
            23.4966639672353,
            23.623489196460163,
            23.145233958514048,
            22.85213086032169,
            23.01367898390598,
            23.261367244515863,
            22.87900204114605,
            23.230471690778014,
            22.80438526019037,
            22.536723662352223,
            22.446890548865017,
            22.128086896626304,
            21.672880699204004,
            21.84894161076164,
            22.293214053564064,
            22.37730090231701,
            22.010638937219422,
            22.611332068065934,
            22.91852573648671,
            22.48814509458317,
            22.540389099599178,
            23.074229050639946,
            23.203171388239493,
            23.48085778131802,
            23.392751051913972,
            22.84029224947906,
            22.93644799984034,
            22.408623400985558,
            22.86008404277293,
            23.135012834908345,
            23.12504371385101,
            22.958314666065274,
            22.419362289430644,
            22.84501184998848,
            23.33700290453132,
            22.842639346203484,
            23.374118535652258,
            23.252935176731835,
            23.767649718622923,
            23.36060322837047,
            23.263725084656016,
            23.255891371618187,
            23.692199168951976,
            23.321565868248545,
            22.947585328443193,
            23.393080379204733,
            23.406561590147906,
            24.033203556709328,
            24.265197479823836,
            24.812851519821965,
            25.089286295581264,
            25.23179180802566,
            24.90308252887103,
            25.4856872862004,
            25.594191096571045,
            25.97453067143878,
            25.384061970909606,
            25.86484893639061,
            25.662536518805545,
            25.587510128059986,
            26.15049680625064,
            26.281777215085167,
            26.511138038809733,
            26.765259415371975,
            27.039873567986284,
            26.951955894712015,
            27.285107605338364,
            26.907680268902254,
            26.77138438192086,
            26.67055968736877,
            27.41547746797934,
            28.14662268694736,
            28.051348967653862,
            28.830696222404868,
            29.622772046831944,
            29.375805188454613,
            28.865930136437463,
            28.525794076691543,
            28.441802793581452,
            29.108183092940347,
            29.444629857956574,
            29.65304280081373,
            29.80101800692496,
            29.72206467107367,
            29.831715770122045,
            29.327203933122505,
            29.213299651489585,
            28.554658724266776,
            28.391680360667287,
            28.25326423971233,
            27.977090574496447,
            28.313359463789503,
            27.891323927941002
        ]
    ],
    "angle": 91097.6,
    "fluctuation": 1592.8847700000001,
    "buy_difference": 1.023933956
}