{
    "id": 275,
    "name": "Domino's Pizza LLC",
    "record": [
        [
            12.193549702487612,
            12.036905423505369,
            11.840160295610046,
            12.130009045907485,
            11.855452892657356,
            12.03903604907994,
            11.933399113331934,
            12.18804978916554,
            12.043083366245527,
            11.918557037383993,
            11.708472489136097,
            11.527307097025819,
            11.680118912540284,
            11.951384493458411,
            11.98157672596212,
            12.015983033908856,
            12.147837235711037,
            11.928020667455108,
            11.900936280364782,
            11.721201064246058,
            11.553892261986729,
            11.256130221419697,
            11.390649748745663,
            11.25819385714939,
            11.446433079809752,
            11.665222623931504,
            11.740706921134292,
            11.97641919091716,
            11.853121205960507,
            11.823177284599275,
            11.859685492943862,
            11.849608195128768,
            11.987569710467382,
            11.910446868980225,
            12.20230515144099,
            12.02692605822111,
            12.293520584179767,
            12.080393537949064,
            11.898900066106785,
            12.140608136780415,
            12.129116824235373,
            11.974320477987227,
            12.143494273723489,
            12.526814719152812,
            12.271168930565215,
            12.363979014098197,
            12.243944398839146,
            12.461310141901992,
            12.563262124652661,
            12.471600791987072,
            12.452555811116275,
            12.287873944485844,
            12.272301351748393,
            12.028357100371336,
            11.81766171758162,
            11.723263677437318,
            12.007283699582057,
            11.85289701878453,
            11.902455208383081,
            11.80983751699194,
            11.847056682729955,
            12.009635755256648,
            11.66990187597476,
            11.905349018369195,
            12.00155959919077,
            12.015410208474794,
            12.067013955603848,
            12.161646224465892,
            12.086113123371645,
            12.033948447402548,
            11.95320344183344,
            11.755799670276529,
            12.002087536485611,
            12.174617539949674,
            12.08816369527335,
            11.965754113367591,
            12.27200687140849,
            12.51682847248986,
            12.260273546799466,
            12.414083723532794,
            12.531136368553776,
            12.67002353545348,
            12.712323667024696,
            12.880369662317154,
            12.981098164991534,
            13.05652619165073,
            13.025929921298342,
            12.96015975326515,
            13.198102380058241,
            13.476103505608915,
            13.280047733903276,
            13.398721988064096,
            13.704329539649766,
            13.759324315787369,
            13.617510681469469,
            13.490021529625643,
            13.326717892312065,
            13.276447926851494,
            13.092279737353739,
            13.041947740364034
        ],
        [
            11.760981343762793,
            11.700778405887103,
            11.468093029017352,
            11.69503635429494,
            11.433739986878576,
            11.718138152999726,
            11.602491361006374,
            11.806231005422593,
            11.654150674006996,
            11.560210512592976,
            11.381516863900925,
            11.14389757862759,
            11.349398890792283,
            11.558484371674874,
            11.661038549783758,
            11.60126662964211,
            11.803873871564795,
            11.522082837519719,
            11.546588378848565,
            11.360824570531216,
            11.193059343986311,
            10.936318204390734,
            11.053710029200095,
            10.953706083010502,
            11.133499062124269,
            11.246916811974755,
            11.411705865292445,
            11.583852707192472,
            11.426940035289748,
            11.418529958234053,
            11.525037286181869,
            11.457765834172168,
            11.573833955998296,
            11.530405701970036,
            11.805871323146294,
            11.609517472254902,
            11.857405740528986,
            11.734808083402193,
            11.504279248052768,
            11.741487313742875,
            11.716335232055803,
            11.645785057108684,
            11.811503301049221,
            12.101705469717652,
            11.94528399326084,
            11.988638679087911,
            11.854446771303303,
            12.083015070550342,
            12.10913720748128,
            12.123335034996899,
            12.003627110676497,
            11.844882211323611,
            11.842835916186635,
            11.634088181038692,
            11.476139412710317,
            11.36396095937317,
            11.643937442863987,
            11.495373496722372,
            11.581706224194587,
            11.384079536917259,
            11.47133130347199,
            11.615980489513204,
            11.353138649778055,
            11.516262109216628,
            11.634891895378278,
            11.621565666056982,
            11.72298696083175,
            11.74190244004628,
            11.678289098294993,
            11.638334046986495,
            11.55332191164131,
            11.375008358360793,
            11.626094449418392,
            11.75794219807885,
            11.697775128886763,
            11.617622458594596,
            11.840192432053284,
            12.134418443435624,
            11.925089945744702,
            12.061371638909389,
            12.078172702829887,
            12.21568634418239,
            12.291953065996795,
            12.423436242554997,
            12.62240524784098,
            12.675389025298477,
            12.63175893345532,
            12.569237436625404,
            12.817971426910773,
            13.076165170957228,
            12.88076626555301,
            12.984170291582808,
            13.278993890462717,
            13.30167571971915,
            13.238574370872417,
            13.112000737829293,
            12.904065560306929,
            12.869542140407763,
            12.6265713935816,
            12.574273636327792
        ]
    ],
    "angle": 89705.20000000001,
    "fluctuation": 1406.4043179999999,
    "buy_difference": 1.032443691
}