{
    "id": 276,
    "name": "CellStar Corp.",
    "record": [
        [
            2.7556366069919336,
            2.7002865860728376,
            2.78192506188124,
            2.871634810325602,
            2.891345565601858,
            2.7921944355692663,
            2.858614380565827,
            2.852724569074674,
            2.871561092176244,
            2.9081556110723037,
            2.869785568096014,
            2.9378488552373057,
            3.0108252039930967,
            3.0320073252432156,
            3.1135936027315503,
            3.1045110699495666,
            3.0580049140311503,
            3.052566835126509,
            3.0999655701300255,
            3.06197298230479,
            3.057339429104204,
            3.1386211693630375,
            3.046701093352224,
            2.9883481416527444,
            2.9896365428380642,
            3.048757148886904,
            3.0389090941930084,
            3.039976674044254,
            2.992019934317225,
            2.9647367086879,
            2.8778587591512816,
            2.885642130267012,
            2.846573349793811,
            2.791561475175353,
            2.865696271464607,
            2.8652565853088037,
            2.917812248906308,
            2.954836140104021,
            3.0450341896194186,
            3.0969049348356377,
            3.1246137019862967,
            3.088992250945599,
            3.040762113335948,
            2.982572954958379,
            2.8673715014066663,
            2.9090362411981077,
            2.881429914629868,
            2.8895906942980134,
            2.8200299217473894,
            2.901630351166143,
            2.894476138036446,
            2.7864216759974543,
            2.8760309614247137,
            2.7933951324052306,
            2.88453198686109,
            2.8645537340559772,
            2.879656534931946,
            2.9265426533025596,
            2.9329321242663577,
            2.8923945064879426,
            2.964652831602353,
            2.9639458119583337,
            2.988264496638418,
            3.0596230467098273,
            3.1321386714513193,
            3.0847210279405872,
            3.0974360440318014,
            3.0803316753620478,
            3.1738796902565776,
            3.2468433954051337,
            3.337923927730981,
            3.3879680579060727,
            3.475231919199591,
            3.4078172507397184,
            3.397342535071162,
            3.496563380157574,
            3.5789336273589982,
            3.643841491426691,
            3.7616506729133796,
            3.9028760629968247,
            3.925829637675828,
            3.936012130191881,
            4.059563114537534,
            3.977117666339062,
            4.03123850220133,
            4.059141236465725,
            3.9755883748300724,
            3.9148154296253197,
            3.982139327609771,
            3.9364722906825413,
            3.898933615050435,
            3.859480570761261,
            3.782287855050949,
            3.793236310547806,
            3.7815713443424266,
            3.8920209359092253,
            4.0298718382215535,
            3.937672382963405,
            4.055963620859157,
            4.147123709359641
        ],
        [
            2.715445951431398,
            2.6811970974334285,
            2.7547943666706165,
            2.8376653533902205,
            2.850311078877291,
            2.7641336843701043,
            2.8338555104238923,
            2.833410439354678,
            2.8449798513418694,
            2.87375413828179,
            2.8398085566573137,
            2.8929838344377092,
            2.9865433511769295,
            2.985704374201652,
            3.074919384047907,
            3.0791649664859837,
            3.034863798930425,
            3.0303787212523186,
            3.069425999822334,
            3.0281713480929064,
            3.0384700079724234,
            3.103663191722537,
            3.0121648502322667,
            2.955063905715749,
            2.948969952603424,
            3.016005756032625,
            3.0086699491196223,
            3.021214413123118,
            2.9483816540355345,
            2.937292967136012,
            2.8432477659304074,
            2.8689850637843084,
            2.814868202168642,
            2.7748898246972304,
            2.8289717644674472,
            2.8251553061515433,
            2.899512735026951,
            2.9134811321351615,
            3.014734095816259,
            3.0538658957256404,
            3.0811895820494155,
            3.067462658230396,
            2.9985033155123686,
            2.938487160115838,
            2.8493883345298623,
            2.8849968555856393,
            2.850476041130771,
            2.846595841432666,
            2.7950451639788665,
            2.870172513828466,
            2.8516925135869697,
            2.764781117030066,
            2.8496936845671508,
            2.7597999534606554,
            2.856686516052075,
            2.8255885852030076,
            2.8436042478802253,
            2.901776906779845,
            2.904910181445609,
            2.8482236365458475,
            2.930461032618233,
            2.9201353473146527,
            2.94967496114864,
            3.022222499259977,
            3.109372175821409,
            3.0580038156176856,
            3.050741139345726,
            3.0429817693102827,
            3.135395487662792,
            3.2209809967061194,
            3.317989313522925,
            3.3425495992989376,
            3.4513567040794126,
            3.3752581405735818,
            3.3544742234995257,
            3.462116693325777,
            3.532011660001601,
            3.6046973817595735,
            3.7190100336804885,
            3.8459530466798824,
            3.8828798386405254,
            3.9015308674508753,
            4.032078186812416,
            3.9285017500243034,
            3.975214621840541,
            4.030040999601837,
            3.9423401858003273,
            3.87586044017263,
            3.925233026918431,
            3.8937952815470402,
            3.843982242035526,
            3.8085006022185857,
            3.755172397357434,
            3.7375401500302328,
            3.749194244368216,
            3.850595731434523,
            3.9691201459483803,
            3.89031538473707,
            4.021640195972049,
            4.103393585406171
        ]
    ],
    "angle": 89268.1,
    "fluctuation": 1987.4536400000002,
    "buy_difference": 1.010657063
}