{
    "id": 277,
    "name": "Genzyme Corporation",
    "record": [
        [
            34.73037843719372,
            34.358538572671385,
            33.854329959247046,
            33.18162159605845,
            32.554104071741804,
            33.229524154129074,
            33.042065266840225,
            32.906623025687594,
            32.30242928800319,
            31.869826906880235,
            32.308661394357486,
            32.25687666434456,
            32.87664641782353,
            32.3379236599019,
            32.811339043870596,
            32.57625702200689,
            32.16903535147878,
            32.99331240219747,
            33.36441082922538,
            33.31510212661364,
            33.49712986804292,
            33.77456069839883,
            33.64584948815198,
            34.18367573070828,
            33.77771235740847,
            33.468274220725334,
            33.87175532124959,
            34.138704736703176,
            33.47600423582572,
            33.42541458665234,
            33.37942160448839,
            33.427014250311906,
            33.1507340651189,
            33.373061142639074,
            32.829644993247086,
            32.107560115951365,
            31.50744393310638,
            32.17290567155808,
            32.650568668796915,
            32.19102481636042,
            31.72200761120055,
            31.447617867470264,
            31.919664204463523,
            31.11235786544025,
            30.678132112769628,
            31.407072705656237,
            31.70755301252375,
            31.72598279768503,
            31.224764334117694,
            30.781159538786284,
            31.10896126882255,
            31.01303539217067,
            30.746914348363312,
            30.128308886017262,
            29.76971235607886,
            30.083310121871058,
            29.507249958034443,
            29.626561245400165,
            29.712327182474798,
            29.289900789444413,
            28.976878727230694,
            29.42888272249047,
            29.254376780121667,
            29.850007043951265,
            30.4643972185663,
            30.64720863784494,
            31.403674509320016,
            32.10737824471318,
            32.03512956721963,
            32.25252676173836,
            31.913001256857513,
            32.30056197753996,
            31.698257115732908,
            32.47479930337259,
            32.52912033021776,
            31.90794854165781,
            32.54131411100137,
            32.26253090873788,
            32.00544397670773,
            32.27737710490652,
            32.5651201097679,
            33.310043359960446,
            32.828371411855365,
            32.193343538718516,
            32.04515699606106,
            31.614031506596184,
            31.864981282046365,
            31.042741761981002,
            31.19299392508247,
            31.360162983093115,
            30.82205276448281,
            30.16800057719255,
            30.70642278152744,
            30.819861394276327,
            30.470273883793375,
            30.17011733161564,
            29.580283910253428,
            29.061725233708096,
            28.40213588502352,
            28.986356181248162
        ],
        [
            33.69495310451929,
            33.26446912214087,
            32.8384665830639,
            32.3117082440083,
            31.793017435801104,
            32.313030594911154,
            32.14360582935008,
            31.871485588627234,
            31.311259501302914,
            30.947486595134425,
            31.264294197869933,
            31.301443490116824,
            31.88693796136921,
            31.515389608444885,
            31.93513532279524,
            31.573536236044937,
            31.266149921086114,
            31.95544799376266,
            32.4474433685174,
            32.53295503146679,
            32.67787707312371,
            32.7316912275128,
            32.64275748434949,
            33.26416256453579,
            32.72495647303771,
            32.58431650756401,
            32.888191610549356,
            33.33052413089816,
            32.67038480466002,
            32.44832847875965,
            32.38750561213548,
            32.60620357183586,
            32.06318577467024,
            32.278219154482166,
            31.812779951426016,
            31.14722038674652,
            30.69064675257942,
            31.251160916688807,
            31.579428884435725,
            31.29378096582202,
            30.75478191352243,
            30.64465650381675,
            30.869430698200315,
            30.34533879306445,
            29.84693866854687,
            30.449449588542112,
            30.867007177037518,
            30.860220660116234,
            30.33321506615698,
            29.887340154213934,
            30.378608301661515,
            30.151640801209847,
            29.779714460023687,
            29.37081278066681,
            28.879297843132434,
            29.096392232517214,
            28.58759232414183,
            28.812322601302554,
            28.96819536558506,
            28.433703326620734,
            28.15795567941241,
            28.56576940997443,
            28.567564362979926,
            29.015111084211274,
            29.538463401619644,
            29.8766661798909,
            30.48873278698339,
            31.060240209820734,
            31.033591606165164,
            31.473190748414837,
            31.116875915367427,
            31.340705801266367,
            30.919896603638115,
            31.56648867242931,
            31.62245291760162,
            31.00309008431765,
            31.70089201769064,
            31.470314479048586,
            30.980131511562995,
            31.31195813577816,
            31.647953008683086,
            32.32664339502317,
            31.80203374402798,
            31.27101324466767,
            31.018572301922998,
            30.72365095425142,
            30.896478162364176,
            30.265290312731786,
            30.260008944880884,
            30.428252072403726,
            29.885248377460314,
            29.430169638023994,
            29.93739428926986,
            30.014872854058925,
            29.704179979112016,
            29.177448113462518,
            28.727075074351117,
            28.2037467775708,
            27.735331743345952,
            28.11656559053269
        ]
    ],
    "angle": 89258.5,
    "fluctuation": 1262.435899,
    "buy_difference": 1.02887741
}