{
    "id": 278,
    "name": "Viacom Inc",
    "record": [
        [
            21.120546950534763,
            21.00075683216788,
            21.038263343464767,
            21.232318084049634,
            21.06554471728048,
            21.029154871159367,
            20.9021361465516,
            21.1400023326921,
            21.018058506675214,
            20.957347080950164,
            20.979495298250484,
            20.90123233203131,
            20.809936036486445,
            20.751662437425722,
            20.69541891068489,
            20.944887945333118,
            20.827321859317028,
            20.931517922693004,
            20.750223831239325,
            20.99912489388767,
            20.840115128705516,
            20.820579937419563,
            20.838715477770624,
            20.853089225284396,
            20.86122423101455,
            20.916383338993512,
            20.822355734794794,
            20.91357744367385,
            20.744807556882257,
            20.769427909131686,
            20.96387807760168,
            20.91524013320084,
            20.91395869379416,
            21.045725252708856,
            21.037035405650503,
            20.942272054155,
            21.079248978265817,
            21.075191738782046,
            21.05617193386947,
            21.153379538628084,
            21.203126900014265,
            21.191239545812152,
            21.219934546011153,
            21.1715511226386,
            21.32097431109199,
            21.395173915490414,
            21.28155841537792,
            21.36661413217071,
            21.16056193882257,
            21.145504346243392,
            21.010983789286826,
            21.075914081692385,
            21.1742966793476,
            21.145569329780436,
            21.13147879310537,
            21.072067860364022,
            20.93182121641337,
            20.9724103098135,
            20.897537187099683,
            20.90955410414827,
            20.917122223582446,
            20.929635566779293,
            21.0237195552063,
            20.88033564682134,
            20.95579185041231,
            21.030011365241375,
            21.002034251650922,
            21.14043343424045,
            21.21167892890864,
            21.14291743375243,
            21.08958921073821,
            20.962589267843715,
            21.059280905025513,
            21.222967710306374,
            21.07245648174523,
            21.166583769117633,
            21.183786587571603,
            21.15181573533993,
            21.385357691445467,
            21.286534677613517,
            21.22205858060171,
            21.311041798656582,
            21.219521397780362,
            21.222437645177163,
            21.405017480439067,
            21.23527636707519,
            21.252532850295033,
            21.183678776177402,
            21.12654602754278,
            21.352343447908357,
            21.375279170438354,
            21.487664037177904,
            21.414969210061244,
            21.54431024811188,
            21.48829248808043,
            21.518715554325627,
            21.4588163911293,
            21.573655795243923,
            21.79448228000474,
            21.734700037145135
        ],
        [
            20.537152801523217,
            20.465714127540352,
            20.47557743545178,
            20.56559865017351,
            20.448892817607582,
            20.391167049569685,
            20.35939979518192,
            20.474141447378248,
            20.41502978613928,
            20.413177144951565,
            20.355197938806697,
            20.226768775287614,
            20.156479889196174,
            20.24123058234773,
            20.1681553936667,
            20.295283950738476,
            20.310952539609016,
            20.27828547484976,
            20.20535760971177,
            20.33364917798119,
            20.272579376019227,
            20.164780114330682,
            20.200459626305587,
            20.27505450718891,
            20.224295956905955,
            20.25554764274448,
            20.30814707820798,
            20.268985810966917,
            20.218312851969756,
            20.289099615312132,
            20.295475626920314,
            20.262515683884732,
            20.29971683714518,
            20.417418981940415,
            20.348060148091516,
            20.349551848150615,
            20.421406128090037,
            20.439885428484555,
            20.454093680295166,
            20.493223216128687,
            20.563964016725784,
            20.55653728623735,
            20.588482315330012,
            20.60117472353031,
            20.67207093981759,
            20.700649324741686,
            20.668904179320265,
            20.675074682188388,
            20.62144783061844,
            20.606773864930574,
            20.494173366752324,
            20.530722876070822,
            20.6244935184652,
            20.635802626667395,
            20.60756854662599,
            20.541386822956703,
            20.419007040402512,
            20.380874589812123,
            20.340651830474194,
            20.362544062035333,
            20.357676335904117,
            20.445602198790564,
            20.36760967160688,
            20.36878282927871,
            20.42803911951936,
            20.531275967516464,
            20.49161303795605,
            20.55237785809535,
            20.559949356821964,
            20.483087613439963,
            20.50294794945275,
            20.45518002269223,
            20.487827066426522,
            20.540167067241942,
            20.570648324648616,
            20.56957130441415,
            20.679327275148957,
            20.608791953938518,
            20.740701507163017,
            20.677869452823476,
            20.62348142533246,
            20.693403421560042,
            20.72045409683414,
            20.597078949765923,
            20.716359800705067,
            20.665251966176438,
            20.667560554843874,
            20.565622629228496,
            20.571798213660152,
            20.67155534965946,
            20.76200143857011,
            20.808779203474288,
            20.91760940501109,
            21.046061484194563,
            20.938729357243798,
            20.880456641324344,
            20.905815469342034,
            20.967257998082278,
            21.082798192336202,
            21.212860673843718
        ]
    ],
    "angle": 89800.0,
    "fluctuation": 373.728666,
    "buy_difference": 1.028818296
}