{
    "id": 279,
    "name": "Omnicare Inc",
    "record": [
        [
            3.9441650769491243,
            3.977617865179588,
            3.92434052712401,
            3.8943830515079205,
            3.893040511837112,
            3.832369091783616,
            3.7960914739629636,
            3.7546069157073068,
            3.7709568075781914,
            3.805348510257895,
            3.849526210925658,
            3.904742617087443,
            3.8873274910977282,
            3.945734171134945,
            3.903353773298898,
            3.929704485547401,
            3.904010985752555,
            3.9711762009729803,
            3.9451172464527224,
            3.992598532608183,
            3.9444382567643546,
            3.9422469054764977,
            4.014727541180038,
            4.029803475824011,
            4.079762197195261,
            4.133901161484576,
            4.1361934306020345,
            4.102440786731259,
            4.173630225536737,
            4.119978920641183,
            4.117263206036683,
            4.0651606175966855,
            4.057413452137308,
            4.023705534129505,
            3.938823838844215,
            4.003846017147103,
            3.9976240977818356,
            4.027984175390638,
            4.040407357430351,
            4.008450555391616,
            4.04359502484769,
            4.056414774599236,
            4.073329394905953,
            4.12970736955316,
            4.155421953782707,
            4.198145046194511,
            4.216417321674978,
            4.331892948475517,
            4.326476480650284,
            4.384751282787171,
            4.339387654415686,
            4.3158967942304285,
            4.32362303358327,
            4.234260861597749,
            4.199524270552716,
            4.26206204926429,
            4.202266699156216,
            4.22235449903883,
            4.248676734906191,
            4.281136811738597,
            4.305402562763611,
            4.335162180808488,
            4.255241808525156,
            4.227668471839916,
            4.14501671843648,
            4.092861858292978,
            4.023876149721482,
            4.102624336848278,
            4.073741949763393,
            4.040002810921326,
            4.066749246878169,
            4.087254218775264,
            4.11578514773518,
            4.1731780922285004,
            4.2432140677681645,
            4.163937798646072,
            4.144100823630769,
            4.217292182416583,
            4.263602472870012,
            4.27378339349495,
            4.31622208788136,
            4.282348368540748,
            4.235001842783895,
            4.162275508052913,
            4.131214243289654,
            4.180556770009764,
            4.120135562569549,
            4.160449079933437,
            4.109671223637075,
            4.097539734032188,
            4.073897369531755,
            4.006333219208893,
            4.076335065403789,
            4.066464027935793,
            4.012747987453356,
            4.0193430729380415,
            4.039559607602358,
            4.054604810430151,
            4.004595777723692,
            4.0224073359113435
        ],
        [
            3.8898359159418137,
            3.8935530714192987,
            3.8490615449443206,
            3.8139748802790647,
            3.8229357462441054,
            3.7671172284570584,
            3.724758086597817,
            3.68957308356507,
            3.710829230239061,
            3.734213624390639,
            3.7817150065395713,
            3.8225983601705904,
            3.8418693892338904,
            3.8812668113641955,
            3.8212387335551528,
            3.8512508234949534,
            3.8360061352257393,
            3.902001384368114,
            3.8915552314245585,
            3.9297230777679584,
            3.879604148661938,
            3.8891138247413273,
            3.955461038398225,
            3.9691218926279435,
            4.01511237658436,
            4.05217823051342,
            4.064550109393556,
            4.042284272779957,
            4.090306765350257,
            4.043769260990923,
            4.062993599401142,
            3.9999418719500843,
            3.987533000084936,
            3.9488827175018115,
            3.891981549261201,
            3.9223491736356073,
            3.9236777068487916,
            3.95584425636186,
            3.9899524388223755,
            3.9603824446248583,
            3.9783243512763207,
            3.991735594877751,
            3.9912131463001046,
            4.058581806128913,
            4.089573193269327,
            4.14738564757915,
            4.168367158299196,
            4.243718827837878,
            4.266025802573268,
            4.31958978073612,
            4.279614474046611,
            4.234795603713164,
            4.252981538355796,
            4.183064789868382,
            4.131323453435623,
            4.1970426531884995,
            4.133607983845645,
            4.133528625792981,
            4.172584282133369,
            4.190657309851571,
            4.227028212067702,
            4.2486138538473766,
            4.193264681345869,
            4.15901058925511,
            4.0891507330657095,
            4.02800445432327,
            3.976022379265287,
            4.035593627820114,
            3.997589879100769,
            3.956981922474548,
            3.9871484087225935,
            4.030146017655222,
            4.034018396731505,
            4.095575758633014,
            4.165556054980111,
            4.107404903673696,
            4.080880971428906,
            4.136806074497537,
            4.198139342871096,
            4.212380120849808,
            4.231738173333466,
            4.21153901565917,
            4.161231387641645,
            4.092633299005269,
            4.082494012905302,
            4.123384788002635,
            4.06053298771228,
            4.08675271988427,
            4.054688227478827,
            4.01813712018933,
            3.994156617031841,
            3.9503556677795033,
            4.013345533332314,
            3.986074259029867,
            3.9527189759911954,
            3.9647733097023288,
            3.978731114631229,
            3.9724703755425974,
            3.9301283165729894,
            3.9693880235856795
        ]
    ],
    "angle": 90054.7,
    "fluctuation": 1018.8107049999999,
    "buy_difference": 1.016508225
}