{
    "id": 28,
    "name": "3M Company",
    "record": [
        [
            35.88520977304151,
            35.90517448879587,
            35.97566835609942,
            35.99949368454218,
            36.33045440724597,
            36.005388884545084,
            36.046897692460014,
            36.06042233563377,
            36.21181661820646,
            36.15356848441149,
            36.00628707810885,
            36.03356988202077,
            36.12186865457102,
            36.01999613334808,
            36.03709636448212,
            36.11338659297041,
            36.28181663917619,
            36.05616960882026,
            36.244380119791046,
            35.95880302009784,
            36.31358972193752,
            36.15457878288736,
            36.031842624266005,
            35.94390274812865,
            36.06190254317681,
            36.19071110326127,
            36.15921697415617,
            36.14544007542761,
            36.14782925530577,
            36.32739009459425,
            36.066864398680615,
            36.078191291678294,
            36.439994957919495,
            36.308433500795836,
            36.26079716824117,
            36.524271028081124,
            36.556007559207536,
            36.45243654002311,
            36.459552403274856,
            36.293841427539796,
            36.3308835268977,
            36.3125715642958,
            36.370769568869605,
            36.312985590319315,
            36.21394139136539,
            36.282912059118495,
            36.39739877844023,
            36.37912793669846,
            36.29172415130069,
            36.468592285361325,
            36.488241996215464,
            36.405724141014936,
            36.17903801172809,
            36.47685197507428,
            36.13093241969404,
            36.14247388305368,
            36.183333108191356,
            36.14965700763891,
            36.130711316589284,
            36.072062430072464,
            35.99587229256589,
            36.05406355151232,
            35.98952784208941,
            36.2321775114362,
            36.136237878093944,
            36.05048538730549,
            36.27416238846254,
            36.24273633151906,
            36.005903986393044,
            36.17504237240751,
            36.30499974345331,
            36.33461595814764,
            36.06533314548051,
            36.07962583789524,
            36.339681471227365,
            36.37580028400336,
            36.10806978795136,
            36.34506282048038,
            36.47471463266676,
            36.47185395828042,
            36.44912391706745,
            36.425441495601255,
            36.40041006319401,
            36.61530506704764,
            36.397164214889294,
            36.48240987238594,
            36.45896035360878,
            36.554539766099396,
            36.61623416313947,
            36.41585359117901,
            36.5495990370423,
            36.50520886284587,
            36.54595515347313,
            36.44281755236091,
            36.3010082724322,
            36.307087005273,
            36.340282406046306,
            36.27027329344696,
            36.278435620065075,
            36.323793349690526
        ],
        [
            34.788396618642516,
            34.81823433288653,
            34.83763053215295,
            34.86769319724234,
            34.92212206205691,
            34.92242681772228,
            34.889118352418365,
            34.86727145594533,
            34.877498072359295,
            34.87007318184869,
            34.87427301096768,
            34.89370042770929,
            34.90222865091182,
            34.88055606478836,
            34.93213503928871,
            34.946468415878165,
            34.903156084990556,
            34.84920580546738,
            34.894944070512004,
            34.89476136196877,
            34.93720128742653,
            34.88149638926283,
            34.934053738545174,
            34.89081761473818,
            34.87219339710309,
            34.92333270599797,
            34.94181114956712,
            34.952974963662946,
            34.97629420900971,
            34.98881294348079,
            34.99962514222263,
            34.9789902924421,
            35.03438903823234,
            35.05794628523867,
            35.09966465648046,
            35.150400279915274,
            35.13893175609454,
            35.11625466986723,
            35.07413812753587,
            35.121092281755075,
            35.07261139953567,
            35.11459265966718,
            35.107607385621584,
            35.069352663800316,
            35.06133630543147,
            35.082399540488986,
            35.06673157495856,
            35.084121843980746,
            35.09092006216651,
            35.13181821846721,
            35.10173755427845,
            35.071254536665975,
            35.09085296513748,
            35.10126772077164,
            35.06179735365435,
            35.03428149614019,
            35.07388790492724,
            35.05883535950983,
            35.00531545864519,
            34.95199907896141,
            34.9237167117073,
            34.92054742336014,
            34.917561233953315,
            34.93542656299466,
            34.895169318919564,
            34.87861141181316,
            34.88536980843054,
            34.8482078200199,
            34.89839697782776,
            34.95360698008676,
            34.918503077921635,
            34.93307483995294,
            34.97354458324129,
            34.95231543664887,
            34.9832103861632,
            35.024962228514944,
            35.03609144010618,
            35.06877573848274,
            35.12020333108162,
            35.14547558466833,
            35.18324047576771,
            35.20259411172627,
            35.25600502771077,
            35.287230055898895,
            35.29887399742691,
            35.292960605147336,
            35.291482318993275,
            35.24977010431322,
            35.19332153358718,
            35.23563199553255,
            35.19932426548897,
            35.205714604061605,
            35.17477326145632,
            35.152563550258186,
            35.14563205123715,
            35.12687181731335,
            35.08168476092877,
            35.09828569584887,
            35.13434243493329,
            35.07979028325608
        ]
    ],
    "angle": 90049.09999999999,
    "fluctuation": 92.45090400000004,
    "buy_difference": 1.03525505
}