{
    "id": 280,
    "name": "Perot Systems Corp",
    "record": [
        [
            12.385296974026964,
            12.399495372832462,
            12.459424071693325,
            12.33423401283717,
            12.240123375828096,
            12.302413979366632,
            12.317850044802059,
            12.412172713065397,
            12.440934129204987,
            12.487780354660478,
            12.42492467205824,
            12.538644277850151,
            12.415625057008777,
            12.502887652042176,
            12.465924816441097,
            12.492159133238724,
            12.446406742582495,
            12.586699271543747,
            12.513078255268633,
            12.614448449095985,
            12.653736388179162,
            12.590119164494695,
            12.453668574180083,
            12.531544075534088,
            12.498110447746082,
            12.528303447740088,
            12.62370571797849,
            12.481666079925205,
            12.612150474556968,
            12.618544138506223,
            12.580843112560508,
            12.529342671098545,
            12.536959921442042,
            12.650033552002728,
            12.623193068550144,
            12.59591914287064,
            12.66849278386627,
            12.590611123166687,
            12.63286676510375,
            12.698759646936459,
            12.74487810320938,
            12.818098051035822,
            12.957477812094822,
            12.912613413451123,
            12.916631984062159,
            12.980527613550287,
            13.042051316725091,
            13.011306047620087,
            13.14629913134073,
            13.023555974281116,
            13.124320138547757,
            13.00693054734228,
            12.850887139811242,
            12.853569286879134,
            12.809230652440423,
            12.684912744573754,
            12.647169629010527,
            12.636737488626032,
            12.626535016663903,
            12.553509530656834,
            12.565198080647741,
            12.682234650477344,
            12.648156256262611,
            12.663488186737188,
            12.678095069781117,
            12.592181158396897,
            12.6243720867596,
            12.65798868798993,
            12.700086914949027,
            12.615369952972028,
            12.613685970868072,
            12.533480772245802,
            12.605312952658817,
            12.599581896539737,
            12.551497794673148,
            12.65459055288357,
            12.520318142036993,
            12.460889171674076,
            12.561971061393168,
            12.645133946645284,
            12.649087277651795,
            12.560724675537196,
            12.521495127672429,
            12.574322652074434,
            12.583633736119602,
            12.579865644981837,
            12.623127084403846,
            12.634319503952756,
            12.65385000848037,
            12.678022250476786,
            12.791202399485119,
            12.746096774551978,
            12.914373831625555,
            12.904736913271753,
            12.835262655567725,
            12.87577864779346,
            12.99486094507126,
            12.950131751599022,
            12.987668365371775,
            12.845149422767697
        ],
        [
            12.199203011576266,
            12.218053885832187,
            12.294249024765854,
            12.199922499061746,
            12.127449204741259,
            12.21485613624045,
            12.230182341237255,
            12.267200701056126,
            12.335058944739876,
            12.34932745286442,
            12.316716957025928,
            12.389719631569053,
            12.327261476261265,
            12.329757736718568,
            12.336346218096015,
            12.303234591029465,
            12.347910066148819,
            12.421075819049419,
            12.404102817448226,
            12.488322831650413,
            12.495956176421895,
            12.423211487875639,
            12.327916859765473,
            12.337111159978225,
            12.331192612631293,
            12.411733450888848,
            12.442701305580078,
            12.385374403120869,
            12.433789337255984,
            12.4898778449156,
            12.457546752846625,
            12.415249535811233,
            12.45773498094056,
            12.51728910807753,
            12.468282879369507,
            12.451288774600386,
            12.511777503386964,
            12.509790636373724,
            12.492805280039365,
            12.560478694144807,
            12.617448384302326,
            12.705193153786023,
            12.778053098472839,
            12.769450357560586,
            12.832429949533386,
            12.793132329913533,
            12.87300424517477,
            12.88508067972336,
            12.955220045307057,
            12.857314195736848,
            12.932272309970537,
            12.840900987377088,
            12.753026192045626,
            12.707250206583767,
            12.655828117485466,
            12.554313657214891,
            12.465828780424214,
            12.455546220795366,
            12.464117291592524,
            12.389558675182862,
            12.448284796514244,
            12.502882382175413,
            12.553098340322329,
            12.556977482901434,
            12.59544802989162,
            12.506326459017592,
            12.528236076543715,
            12.523908124676398,
            12.517987314340052,
            12.468024632648008,
            12.46885159820186,
            12.459283556240479,
            12.433243451087115,
            12.52373495321874,
            12.45841616183977,
            12.509286500736748,
            12.416256107952458,
            12.354844165250222,
            12.405335077099483,
            12.488707626091141,
            12.471446574648487,
            12.445099269026914,
            12.397539526802001,
            12.41133813610829,
            12.400732890090016,
            12.432935008781486,
            12.515701396372075,
            12.507995205679148,
            12.571361019349872,
            12.576431472385169,
            12.593994018955327,
            12.642692813660217,
            12.733007508827649,
            12.828341890241425,
            12.733688704235938,
            12.802127830292518,
            12.840517698159353,
            12.805272711981456,
            12.805272711981456,
            12.721809429011277
        ]
    ],
    "angle": 90088.4,
    "fluctuation": 467.99975100000006,
    "buy_difference": 1.010807049
}