{
    "id": 281,
    "name": "Value City Department Stores Inc",
    "record": [
        [
            19.150805855323828,
            19.20360259146855,
            19.377859416750667,
            19.390217882300554,
            19.256713126697303,
            19.08786990168759,
            18.95196697215547,
            18.704399694328274,
            18.737175270086613,
            18.499542845225783,
            18.438218759361728,
            18.343434939244343,
            18.360491205148914,
            18.415336251103295,
            18.25010261960368,
            17.87299805722697,
            18.259800788603652,
            18.18399930575954,
            17.898021335845517,
            17.848059234769952,
            17.805250422491042,
            17.655282520541437,
            17.701411930249716,
            17.5624412297791,
            17.850086076576858,
            17.977818807225585,
            17.918518935140536,
            18.280566492627774,
            18.11637803844616,
            17.890810221840226,
            18.214305429296545,
            18.534390856726528,
            18.715126671453064,
            18.441099156697646,
            18.51784714437691,
            18.286736692523995,
            17.91764041876549,
            17.983908137619725,
            17.815171698382024,
            17.97801980707742,
            17.936353614057982,
            17.88235795893646,
            18.04970427907911,
            18.23129410186172,
            18.367601791527857,
            18.099893829607744,
            18.06421164290671,
            17.85535296011535,
            17.857754712112715,
            17.68239831186484,
            17.394623677291126,
            17.475111597584778,
            17.356567332492915,
            17.182203584636515,
            17.513579806418456,
            17.83656444310235,
            17.769981693705063,
            17.995358331018007,
            17.701422173170997,
            17.79149562616715,
            17.93842826658899,
            17.90267824529859,
            17.947733255109217,
            18.241747995356846,
            18.142799319718915,
            18.08267183343659,
            17.718045964130233,
            17.893433521194833,
            17.813227343658138,
            17.769884232742257,
            17.838098176296167,
            17.592246386114176,
            17.456188324380793,
            17.392730647405106,
            17.35295588526096,
            17.49063629324091,
            17.671147951408148,
            17.95243316604281,
            18.25102332821938,
            18.414419636742284,
            18.63152348650394,
            18.44458610266912,
            18.36689261100154,
            18.320761460914554,
            18.356902791020044,
            18.351590061765105,
            18.16965736260184,
            18.260674037313404,
            18.34334592855456,
            18.630626936435,
            18.36043784609233,
            18.469761839158966,
            18.762090206393154,
            18.879536079193684,
            18.567877539639117,
            18.718001749759942,
            18.959198932852452,
            18.74635451727875,
            18.887919903115062,
            18.826500177952298
        ],
        [
            18.39874491827892,
            18.478922652073493,
            18.77587273550938,
            18.776528159986217,
            18.58380369909604,
            18.4541012073068,
            18.276903844540282,
            18.06163496105828,
            18.004945153073287,
            17.930246154078763,
            17.80995110394182,
            17.77715559445637,
            17.73842542486352,
            17.80389748540775,
            17.51945020943253,
            17.3108039212799,
            17.595316150733083,
            17.44904571730023,
            17.286429065288004,
            17.253725897159406,
            17.165883214248296,
            17.087923411239526,
            17.151505256246054,
            17.004892142464783,
            17.245313165039867,
            17.34786325008295,
            17.34792380576071,
            17.57493613777735,
            17.47107832693544,
            17.340246397293534,
            17.533956453179783,
            17.78881534589389,
            17.98017505595567,
            17.76291747968487,
            17.774706110338222,
            17.61423178097577,
            17.34011006424618,
            17.305255400604306,
            17.113856820762777,
            17.254825211418158,
            17.33734220322606,
            17.176687220478687,
            17.391127451288042,
            17.670252378055203,
            17.711582410376955,
            17.425557832138207,
            17.490733014122597,
            17.281564512383866,
            17.304729785452928,
            17.032118280352023,
            16.823821713032338,
            16.87628038839065,
            16.810617495579436,
            16.621706163685758,
            16.888062772853242,
            17.122468250266326,
            17.16104597586566,
            17.28695019780992,
            17.036829400811705,
            17.087708519495674,
            17.323720278606338,
            17.261538145857845,
            17.337915073584934,
            17.532372578481173,
            17.470352961003144,
            17.356994850593427,
            17.13663094608898,
            17.30799902062217,
            17.244253929879683,
            17.065252461726367,
            17.12053215198585,
            16.88121002974786,
            16.75732068854022,
            16.70638150329696,
            16.81387424066689,
            16.840680218356876,
            17.104995680164112,
            17.28186576116793,
            17.522078241572025,
            17.794091960771212,
            17.937380907938273,
            17.805401123832443,
            17.78916304999488,
            17.666415034406864,
            17.72075641957682,
            17.629158453684994,
            17.473533963155443,
            17.65437047370214,
            17.761005714745625,
            17.884740036079513,
            17.713530212760173,
            17.85651599734332,
            18.009147436750517,
            18.134514857868286,
            17.98021443649941,
            18.141982301594364,
            18.24192178495695,
            18.11121542867815,
            18.20967520947611,
            18.21784681742851
        ]
    ],
    "angle": 90248.59999999999,
    "fluctuation": 963.637093,
    "buy_difference": 1.036935311
}