{
    "id": 282,
    "name": "Expeditors International of Washington Inc.",
    "record": [
        [
            1.4964562881647088,
            1.4976636933501672,
            1.4910152935797645,
            1.4939196628352802,
            1.4952621607092134,
            1.5070299865571228,
            1.4957032484659292,
            1.487582783264603,
            1.498054138095367,
            1.4872419157408883,
            1.5001893800150303,
            1.4861300160897617,
            1.500088270164224,
            1.4978693698331538,
            1.4981124918900042,
            1.4933126522085236,
            1.496356793892306,
            1.4956816658958834,
            1.5016555994697753,
            1.5027636541844702,
            1.5054538211458224,
            1.5089016211498216,
            1.510817935102307,
            1.5067811675491691,
            1.4918270985672053,
            1.4984853362649195,
            1.4971560790178011,
            1.4947897340537244,
            1.5048643728744087,
            1.5082628180426436,
            1.4954055831808621,
            1.497200875626506,
            1.498389767296103,
            1.4924249651955857,
            1.499566443542654,
            1.504202897936481,
            1.4977960150379064,
            1.4959863267550877,
            1.4982523569347348,
            1.5001997667628666,
            1.492918902431661,
            1.4931157304529175,
            1.4909137631947504,
            1.4969274257935945,
            1.4933642951069312,
            1.4944624014941041,
            1.488229015310466,
            1.4946029513022305,
            1.489854280417516,
            1.4925746294898463,
            1.4967210877390258,
            1.5093230410308531,
            1.500614004458665,
            1.5079133664260118,
            1.5042667637379656,
            1.5052412261625603,
            1.496352831674688,
            1.5029097240017377,
            1.4980460393524135,
            1.5021751904245835,
            1.4949604863187165,
            1.4951109895818004,
            1.5043782601164104,
            1.4870832944753913,
            1.4896758054780546,
            1.498811181780058,
            1.4927800387575105,
            1.4887093810449004,
            1.4924653514325272,
            1.491443720675268,
            1.4946085309750488,
            1.4987225151085775,
            1.4955556123808162,
            1.4811916661473643,
            1.4772546132906474,
            1.484904326006222,
            1.476865677388639,
            1.4716323135405927,
            1.4729479589602872,
            1.468416041833112,
            1.4703826245472214,
            1.4644253025739047,
            1.477159042721409,
            1.475249174831007,
            1.4732618001697613,
            1.4591523874623484,
            1.4588205236298921,
            1.4724832138806785,
            1.4690383628039956,
            1.4582193048481684,
            1.4604262959604744,
            1.457719319877946,
            1.4537521287586437,
            1.464152529694705,
            1.4614947223340367,
            1.4527837217000679,
            1.439265313899055,
            1.4503855067208011,
            1.4520899241638736,
            1.4514428711096858
        ],
        [
            1.439874458716081,
            1.434429247660224,
            1.4370854164084272,
            1.434274233897117,
            1.4359935426197685,
            1.441101897632,
            1.4401593156313817,
            1.4340647356303111,
            1.438674852695692,
            1.4334485212765011,
            1.4352746853888212,
            1.4309415915932864,
            1.4343211280052548,
            1.4393605066506852,
            1.4426236416689826,
            1.4403109312066,
            1.4433919032645661,
            1.4378333908316427,
            1.4414132862709483,
            1.4466676151478233,
            1.4512928358092654,
            1.4495269647804523,
            1.4480383831350079,
            1.4427303678152084,
            1.440179078675403,
            1.4339299069667095,
            1.4389628705418576,
            1.4345362685836511,
            1.4404644637249495,
            1.4437174741523344,
            1.4385753918666018,
            1.443771324393923,
            1.443758725222243,
            1.4375789575370055,
            1.443879048394918,
            1.442129739925817,
            1.4433313449617706,
            1.4421659488936112,
            1.4397285337428165,
            1.4378614352997563,
            1.4390645113840956,
            1.4372358519918789,
            1.4369875583674976,
            1.4344389272605216,
            1.4379072208577406,
            1.4389645483354092,
            1.4346877184978413,
            1.4380911975324535,
            1.434096461772651,
            1.437579017978806,
            1.4392645632482677,
            1.4431510263717313,
            1.43911969264088,
            1.4423772354684556,
            1.4421909702105156,
            1.4477473806500574,
            1.4441128920199657,
            1.4411775048072828,
            1.4461827157047744,
            1.4419120326585695,
            1.4367089190684872,
            1.439444817726331,
            1.4384230354394605,
            1.433439412593706,
            1.4366589666076028,
            1.4376777102331675,
            1.4359058778109282,
            1.4344312842461104,
            1.4376178595962414,
            1.436777796787793,
            1.4419950207818175,
            1.43587270875748,
            1.4324101742111586,
            1.4281901036448832,
            1.4243939305661384,
            1.4224921697615833,
            1.4235903778494157,
            1.4209689573038071,
            1.4203839044520599,
            1.4154455478507584,
            1.4129474319074953,
            1.4111740987016508,
            1.412959539869082,
            1.4160662151244932,
            1.412747373437107,
            1.4089186731509904,
            1.4033806815004346,
            1.4086271471346723,
            1.410668211151871,
            1.4068867755138523,
            1.4052067801925459,
            1.3996590463136276,
            1.4039864788344887,
            1.403592072261124,
            1.3978368702399282,
            1.3926935023043046,
            1.3872072284255075,
            1.3933134353162795,
            1.395927640927802,
            1.3922414569879022
        ]
    ],
    "angle": 89782.5,
    "fluctuation": 252.17662100000004,
    "buy_difference": 1.040649207
}