{
    "id": 283,
    "name": "Graybar Electric Company Inc.",
    "record": [
        [
            29.675274503690012,
            29.420348318659343,
            29.749006222856703,
            29.89583045063557,
            29.894404897091164,
            29.910055714825965,
            29.640600236510213,
            29.52832234215558,
            29.25473054533928,
            29.104793031043855,
            29.324718135804627,
            29.24040037716059,
            29.757355934025405,
            29.547066498017767,
            29.26315135636302,
            28.805617772156925,
            28.78774816898833,
            28.876360483868282,
            28.901431216855894,
            28.695874009440537,
            28.768646994484488,
            28.894975023210748,
            28.986389382007797,
            29.05627372396956,
            29.304154632469587,
            29.372616245593367,
            29.539482850206028,
            29.389329029948044,
            29.460806420906973,
            29.467745761640398,
            29.401130013121183,
            29.76674057591581,
            30.028195785808567,
            30.12511037260787,
            30.420642421748994,
            30.660551462194785,
            30.605638011188365,
            30.73399715694037,
            30.475550676220077,
            30.39267503169647,
            30.510651615948778,
            30.314015392412085,
            30.438048441073082,
            30.637921683243025,
            30.71186899778864,
            30.539793283032974,
            30.688990714285016,
            30.701789284873826,
            30.559874238829355,
            30.649624989304307,
            31.237921392883088,
            30.73944116852951,
            30.647824300770253,
            30.68331541394743,
            30.69157257317429,
            30.481077461760176,
            30.749264584795057,
            30.8227910091711,
            31.114077292517866,
            31.141536944387614,
            31.55939146595982,
            31.791617631565114,
            31.902701918611292,
            32.30091467214216,
            31.605363053739257,
            31.538076465527222,
            31.441468059727335,
            31.945820409836166,
            31.49499107778955,
            31.273474799001693,
            30.884627111659764,
            31.155523340881206,
            30.883795740073335,
            30.807865553521317,
            30.686738072338624,
            30.734092987828927,
            30.856024112091117,
            31.214474757561693,
            31.05860251898631,
            31.43814843579558,
            31.275512120663215,
            31.526073895803115,
            31.950524599877646,
            31.766993733989512,
            31.797601783027105,
            31.591723565212057,
            31.304204387857673,
            31.073847376443283,
            31.119012012980782,
            31.41500579620427,
            31.627555987804648,
            32.023115711826314,
            31.656452503801003,
            31.851427570934334,
            31.767701582201305,
            32.02384179972957,
            32.17731964431069,
            32.1166882261832,
            31.954210600630958,
            31.805946414339683
        ],
        [
            28.603652069624033,
            28.360764078109618,
            28.663270793706907,
            28.908630897657567,
            28.803362921202122,
            28.855891534135893,
            28.516119662645682,
            28.46484937899638,
            28.232129207801812,
            28.225724994002952,
            28.25728868185104,
            28.269179386697363,
            28.625592550801148,
            28.58856938306846,
            28.291174691275987,
            27.938393204081493,
            27.851091001461132,
            27.94522390373885,
            27.927481580137105,
            27.58798368910763,
            27.82982163798367,
            27.82651912022091,
            27.897851263556646,
            28.119335727169165,
            28.41620984101679,
            28.3543996737673,
            28.447194838286418,
            28.353517587359214,
            28.50510755447589,
            28.432012627027955,
            28.362067578359103,
            28.691815153197076,
            28.92072225086091,
            29.109923959057426,
            29.369032984194686,
            29.562206222016176,
            29.397660411729063,
            29.547418976951448,
            29.2989505981081,
            29.37729573111722,
            29.482472843955094,
            29.129143877855775,
            29.497963193743853,
            29.54333848642261,
            29.54380255938799,
            29.552055049862346,
            29.68749757303605,
            29.525277759381552,
            29.619000471068535,
            29.723897544802316,
            30.043858562784283,
            29.74822836867738,
            29.629855672126343,
            29.53988913829892,
            29.630597366803965,
            29.501153865955033,
            29.77863650219394,
            29.60035078240865,
            29.886032042049077,
            30.155500595439854,
            30.307737465883907,
            30.600785126514108,
            30.655734063926975,
            31.02293852073489,
            30.641532131692934,
            30.420451892118024,
            30.448989954346306,
            30.79528039953228,
            30.467195219601827,
            30.17125762986149,
            29.891729964492743,
            30.003478641151847,
            29.804250304401414,
            29.87735868241361,
            29.76587156839463,
            29.698384462677424,
            29.900027289896688,
            29.991421352566434,
            30.039025948185664,
            30.38784124378455,
            30.330880663637036,
            30.50032075578133,
            30.880006954443196,
            30.55270722738538,
            30.837201365398318,
            30.460021180482503,
            30.09860981489391,
            29.874148258983475,
            30.106503306943015,
            30.208153394132648,
            30.47934553887227,
            30.845145343482233,
            30.60191684885806,
            30.84600872632978,
            30.798920016389076,
            31.053487804365673,
            31.192913055247413,
            31.137264032463833,
            30.911428742846997,
            30.556675839366314
        ]
    ],
    "angle": 89509.3,
    "fluctuation": 731.4717860000001,
    "buy_difference": 1.036117579
}