{
    "id": 284,
    "name": "Compuware Corp.",
    "record": [
        [
            30.860168733132394,
            30.62509824724122,
            30.117044714497514,
            29.62502830908238,
            29.47237141974575,
            29.496363474724937,
            29.598292319140047,
            29.30699221223575,
            28.8965970145842,
            29.37017870440992,
            29.498510698002157,
            29.390225908263655,
            29.3664910255892,
            29.304187883519134,
            29.62845935315383,
            29.368999876509967,
            28.817879732469937,
            28.49958858224616,
            28.79147499330995,
            29.374554389145597,
            29.043855825531136,
            29.237657501108274,
            28.72914063478258,
            29.02104643112537,
            28.969206268968545,
            28.24595260759976,
            28.945724000754105,
            28.438815687412998,
            29.07367855523782,
            28.60515145022559,
            28.254912141541077,
            28.505035373287278,
            28.810716130989036,
            28.22152095289777,
            28.633907333805116,
            28.52529549128568,
            28.724075966687657,
            28.766713270216297,
            28.601212618270058,
            28.791992508833403,
            29.167952762558294,
            29.533119221500904,
            29.386623447077397,
            29.087359089627782,
            29.169077775989866,
            29.5811233298399,
            29.433634281893678,
            29.84435705852101,
            29.599841882581117,
            29.28039925429137,
            29.373754747131187,
            29.334434505491423,
            29.66971490292782,
            29.621680230694356,
            29.9294100187864,
            29.891994210010704,
            29.253502354108097,
            29.492503909605446,
            29.669782929609724,
            29.539068949972265,
            29.0128173488621,
            28.786104286921788,
            28.547354624531405,
            28.933319457233218,
            29.270542059548276,
            29.039201185956582,
            29.165126332657728,
            28.876700737224642,
            28.6934110287404,
            28.5074334236964,
            28.57438273957792,
            28.557394930717592,
            28.38988821568169,
            28.049690660605673,
            27.899949817195903,
            27.932593201060538,
            27.579556775838288,
            27.95387054638896,
            27.53521864174704,
            27.539309512783742,
            27.140341523067576,
            26.83145433985824,
            26.491972304488144,
            26.096252307736645,
            26.000683952452558,
            25.68110657647369,
            25.397314723237084,
            25.237608424192896,
            25.01313121454891,
            25.418870922791772,
            25.67303909859316,
            25.519039776888537,
            25.515531513400134,
            25.432856889565144,
            25.57445328423951,
            25.60618552763093,
            25.444155513057108,
            25.32097408659908,
            25.734204349358034,
            26.32257051528007
        ],
        [
            29.614127294271874,
            29.450110298696227,
            29.02814741308756,
            28.662817040211355,
            28.28799678482895,
            28.384501103461993,
            28.58817393906164,
            28.154491533472278,
            27.960851144254736,
            28.35080242931366,
            28.48323638689612,
            28.265435592059795,
            28.175150603500015,
            28.196754942098128,
            28.534404149017718,
            28.17475365921546,
            27.67082629745073,
            27.392487613814964,
            27.80053530693659,
            28.222209197973207,
            28.030192185949883,
            28.065509319342095,
            27.662766486924752,
            28.06718486018184,
            27.793982903194657,
            27.36148567976422,
            27.868527154495204,
            27.438028164621446,
            27.902547732161658,
            27.458360663027364,
            27.219734059145186,
            27.615230616146206,
            27.663947832619787,
            27.299415536048876,
            27.59035817779117,
            27.370804712470722,
            27.569772279961743,
            27.69617819529111,
            27.6639253869184,
            27.834489926483045,
            28.0909021426287,
            28.513797811303828,
            28.301498232463732,
            28.04690712316822,
            28.199034897341576,
            28.52300946519587,
            28.35243797635317,
            28.78258501789566,
            28.503995850024825,
            28.33791351443088,
            28.445398116078042,
            28.40732058948697,
            28.60271044002477,
            28.527875351224736,
            28.942788851466588,
            28.85450683141248,
            28.343181947707375,
            28.40063174597368,
            28.53144740177586,
            28.605487568534432,
            28.10151384182947,
            27.82321725427572,
            27.559296335697947,
            27.971116925130964,
            28.077505421677873,
            27.936205696635174,
            28.090986373319375,
            27.921981186016648,
            27.556801290560056,
            27.383646668050083,
            27.60473938330493,
            27.51388421948713,
            27.410024873976894,
            26.9600665207717,
            26.928905655840374,
            26.828793869830957,
            26.673073978446364,
            26.878687971954985,
            26.44448747633117,
            26.59413030233009,
            26.143385567686302,
            25.95997744347685,
            25.55202420810393,
            25.228398894442716,
            25.098255655227845,
            24.76497291922455,
            24.5798188021768,
            24.34460144796587,
            24.159493331974513,
            24.566153872925515,
            24.68558356087925,
            24.655547198979075,
            24.536581444834532,
            24.396240279827026,
            24.696710087673146,
            24.73478631789735,
            24.615267210411798,
            24.48135823011047,
            24.813694397318095,
            25.252202766990347
        ]
    ],
    "angle": 89680.9,
    "fluctuation": 1049.134379,
    "buy_difference": 1.037304313
}