{
    "id": 285,
    "name": "Tower Automotive Inc.",
    "record": [
        [
            15.310570951851826,
            15.383374866107186,
            15.337238908686908,
            15.466303873187934,
            15.330927942583964,
            15.273079846564857,
            15.31621732052168,
            15.360656223350997,
            15.230385556661451,
            15.188281972806976,
            15.160777645861435,
            15.199595153976885,
            15.216470174979257,
            15.229699462816502,
            15.362289252334273,
            15.285349714587788,
            15.45364839604979,
            15.335902770076917,
            15.333417716352695,
            15.292823996482904,
            15.214188577459844,
            15.173044701103631,
            15.221203294156744,
            15.28326996529253,
            15.294695173884195,
            15.247068145193637,
            15.353406858785972,
            15.236845523185956,
            15.293795024593145,
            15.27442246698536,
            15.317969644809112,
            15.262458036169248,
            15.303784229151457,
            15.280690911150838,
            15.40521918966177,
            15.250837186881125,
            15.309252548158682,
            15.203841209078169,
            15.283048432517868,
            15.21475861703097,
            15.348296339588213,
            15.280528102336932,
            15.351407752021618,
            15.34732128510152,
            15.259119509411695,
            15.304831149329075,
            15.200989444447789,
            15.163876432352797,
            15.125872471059076,
            15.153612972197724,
            15.217806265935403,
            15.083373488710508,
            15.069618159001894,
            15.077047440069308,
            15.124565972930611,
            15.040342722166212,
            14.955271529471142,
            14.980588221796362,
            14.880789960545858,
            15.03465328899934,
            15.09902920488368,
            15.044153274433496,
            15.05530197023756,
            15.115648490892195,
            15.151348857329104,
            15.179176094689844,
            15.263111271883202,
            15.176175558707804,
            15.154028971116702,
            15.28828244832898,
            15.267058688176727,
            15.264842965691189,
            15.39494571270725,
            15.365474899615895,
            15.298702468794675,
            15.391296155871133,
            15.273199264964719,
            15.277702627224876,
            15.430133029363256,
            15.294624901134998,
            15.196228399797741,
            15.202772024632852,
            15.175476796879236,
            15.2658624988708,
            15.138004827144258,
            15.086182590649429,
            15.264120698232105,
            15.29251878657498,
            15.221659308666036,
            15.235556302306948,
            15.13719438922368,
            15.17247358064969,
            15.124929307246653,
            15.13885009245935,
            15.155407173641747,
            15.163100677459063,
            15.117896939009041,
            15.160100679936907,
            15.129429266103198,
            15.218095442496374
        ],
        [
            15.19485618237503,
            15.235007192494486,
            15.207589063052932,
            15.231727669862513,
            15.192193283886562,
            15.13032093751946,
            15.154840249240799,
            15.153332738614331,
            15.121345988759055,
            15.073491443259849,
            15.02960602036259,
            15.056015098908842,
            15.080282181561017,
            15.128257789122912,
            15.157967458319195,
            15.18048815759322,
            15.248111505519015,
            15.226107768156497,
            15.214476998258935,
            15.149880537017381,
            15.103748833100791,
            15.068953586316285,
            15.074399712888267,
            15.049971269373701,
            15.059722697450612,
            15.128797237326843,
            15.171906574309501,
            15.132316717821292,
            15.143258725452707,
            15.108951261853875,
            15.099174288197046,
            15.048954972310867,
            15.098734306280672,
            15.125740876094929,
            15.180638837830685,
            15.158389030418602,
            15.101116665636223,
            15.03462378814215,
            15.048254885028609,
            15.086144130564373,
            15.118520705041073,
            15.186373848903369,
            15.130626844019762,
            15.17498974795125,
            15.127097026364655,
            15.10579444880523,
            15.037817687692534,
            15.035692066811375,
            14.963507041323174,
            14.947593076748843,
            14.979541303565693,
            14.92444974221976,
            14.963231611065407,
            14.939113475176203,
            14.94427784675804,
            14.872945025068514,
            14.81845164439002,
            14.856932074773114,
            14.78909877946537,
            14.8199047025886,
            14.881877955197032,
            14.94995328931586,
            14.943015881158782,
            14.944424359970137,
            14.9902092775878,
            15.022248590109452,
            15.022641881954186,
            15.011768684116362,
            15.057628118562679,
            15.069911130991784,
            15.13648465293512,
            15.169261117117841,
            15.220557812522959,
            15.250875465693763,
            15.20443623010157,
            15.195684144811592,
            15.177565092857247,
            15.15463310380255,
            15.191567469329753,
            15.148630027109313,
            15.087433374727917,
            15.110615231561432,
            15.038148867228127,
            15.026845120789396,
            15.014554816891653,
            14.98419196100687,
            15.049094117161204,
            15.0816022084427,
            15.080891538171972,
            15.038921249840604,
            15.015256729819763,
            15.021627627353642,
            14.955094958412289,
            15.022925743114323,
            14.95085394478516,
            14.949497171461793,
            14.97958925814966,
            15.027428704426137,
            15.018097402231415,
            14.978335274221905
        ]
    ],
    "angle": 90151.0,
    "fluctuation": 278.861798,
    "buy_difference": 1.011052971
}