{
    "id": 286,
    "name": "Hollywood Entertainment Corp.",
    "record": [
        [
            32.42620502553757,
            32.1248082696484,
            32.67809489418307,
            32.57043979995129,
            32.13266200798646,
            32.666443221669425,
            32.296277691624006,
            32.12355472067019,
            31.587278806583374,
            31.32877211682681,
            31.478043064602232,
            31.165718204816308,
            31.226270069018277,
            31.314593252557387,
            32.013663924640554,
            31.986092804195486,
            31.7120242178241,
            31.424275761790536,
            31.849388129832352,
            31.802004002348916,
            32.06744205731538,
            32.38677179865131,
            32.59493816680655,
            33.006301306859385,
            32.350818884970856,
            32.23269924385577,
            31.841565455154036,
            31.496016604037006,
            31.669932008665793,
            32.05842738893463,
            32.28918331494157,
            32.47296767754489,
            32.575676841368676,
            32.840557692723365,
            32.43666640858332,
            32.95628812876607,
            32.6612506254069,
            32.62808219670114,
            32.842094157190296,
            32.6128897236632,
            32.58870923884043,
            32.147227909487576,
            32.34487510525984,
            32.26403447240911,
            32.649577531640425,
            32.68437646413482,
            32.46010236384872,
            32.19793558451403,
            32.16948381021904,
            32.41198234178767,
            32.0527747956422,
            32.150605091376406,
            32.05790197435327,
            32.30755655123811,
            32.7545256980884,
            32.39214682905327,
            32.5146857943319,
            32.40622962587548,
            32.17784774139284,
            31.731501714077105,
            31.777732852769812,
            31.816427096876346,
            32.11076741938406,
            32.05376851821062,
            31.969797294282973,
            31.650301654484487,
            31.532074861073323,
            31.34164560516584,
            31.734892503750768,
            31.610931217351492,
            31.61967882242149,
            31.492182958380507,
            31.37759346879455,
            31.33334813709266,
            31.177502611105417,
            30.87005691008464,
            30.90120919068289,
            31.43474832887858,
            31.83860120499495,
            32.06676569770593,
            31.95548480431264,
            31.944594565463603,
            32.28504822911942,
            32.50191385865022,
            32.906709955996945,
            33.181587794765626,
            33.00509816641047,
            32.63484119981109,
            32.34645424694967,
            32.20122183241321,
            32.6610924146804,
            32.287970766654645,
            32.1240235235241,
            31.821266917963527,
            31.784171455983422,
            31.97901992212884,
            31.782266910972226,
            31.802882995376518,
            31.908895235506208,
            31.923772779292165
        ],
        [
            31.592104096608836,
            31.198214891517882,
            31.59954233553408,
            31.460950656872186,
            31.240237316938313,
            31.648203061955186,
            31.28645193959218,
            31.050926680202842,
            30.697697429302234,
            30.47394147227715,
            30.563986384524735,
            30.22745729241847,
            30.4352593513507,
            30.536682528596735,
            30.91698526406365,
            31.12580816519804,
            30.79425479593221,
            30.594443232712266,
            30.98345817139951,
            30.807632981811153,
            31.201840223791628,
            31.465219889116955,
            31.528556743440298,
            31.91055568918111,
            31.54716645568464,
            31.206167644137185,
            30.821339761061154,
            30.499032937401008,
            30.74722639764629,
            31.102618035168955,
            31.39870386226345,
            31.65037614129554,
            31.500504628277543,
            31.848691230116387,
            31.557933385943993,
            31.824150858399307,
            31.766877587925695,
            31.544892724851664,
            31.79298252038565,
            31.4925491135114,
            31.475464314239563,
            31.329740739620718,
            31.44025593917397,
            31.405723549498077,
            31.66664422643244,
            31.640302979474875,
            31.460859515570228,
            31.141438043928744,
            31.204123152494915,
            31.39227036324491,
            31.193825160592457,
            31.167116295893695,
            31.03074470914249,
            31.378832774596976,
            31.670294214595717,
            31.332399960853,
            31.42899761277009,
            31.411782907911928,
            31.149954868567846,
            30.75468790746874,
            30.870419828786822,
            30.73262286664901,
            31.010762325106747,
            31.11987980452534,
            30.883843164907766,
            30.83615932761987,
            30.70555770366947,
            30.535442853630915,
            30.937212988802248,
            30.59504302405819,
            30.726107440137387,
            30.48619304032333,
            30.509196430313175,
            30.380929999584108,
            30.196628546127172,
            29.83036880861679,
            30.088208560696568,
            30.409355407168295,
            30.793894354754183,
            31.15120025163278,
            30.913105600720915,
            31.016990203432456,
            31.419874135120672,
            31.592902643880503,
            31.842826322322612,
            32.25033665850495,
            31.941219133895594,
            31.557716245276932,
            31.356974414919947,
            31.379209836508984,
            31.557940223689634,
            31.19431464650828,
            31.209948005158818,
            30.977842543226505,
            30.750446294204156,
            31.025578070630534,
            30.930566340950293,
            30.79003997810641,
            30.82500983498803,
            31.002977977531962
        ]
    ],
    "angle": 89276.6,
    "fluctuation": 748.071153,
    "buy_difference": 1.03062777
}