{
    "id": 287,
    "name": "Ryland Group Inc.",
    "record": [
        [
            25.64819631135934,
            25.6751273662271,
            25.721773081523736,
            25.463199529383754,
            25.635910539287934,
            25.381825253519306,
            25.467473995686944,
            25.424493113676796,
            25.530188257869597,
            25.406294064506348,
            25.214204231586674,
            25.394121264223788,
            25.17434937260188,
            25.099590753382074,
            25.203420619564895,
            25.010507324205193,
            24.98610529214774,
            25.230489993607335,
            25.222091562371045,
            24.93745073597681,
            24.731592159899847,
            24.686282380706523,
            24.588099039526544,
            24.62917367618222,
            24.48513473195911,
            24.49888388967779,
            24.62479205944696,
            24.432826074542156,
            24.469772944703603,
            24.698569287592235,
            24.5291805925229,
            24.733278398628265,
            24.635764033463342,
            24.4428197706648,
            24.823380580911298,
            24.544361123657076,
            24.58669822437044,
            24.30177975371049,
            24.40061949870547,
            24.469295282411206,
            24.335202893398005,
            24.319997736670864,
            24.562248214962533,
            24.395562059135905,
            24.148047935301516,
            24.30842744432554,
            24.145058698209837,
            24.218634284486257,
            24.107908724396417,
            24.34031907521965,
            24.06989308497684,
            24.230629125688868,
            24.443959707568883,
            24.518192153275944,
            24.583366394951902,
            24.397579616335673,
            24.047427480385846,
            24.471821387933794,
            24.481615970381686,
            24.326121819493686,
            24.352150570040518,
            24.327424356053662,
            24.272966634797097,
            24.311945240160185,
            24.258306688367625,
            24.192390114850078,
            24.344871180115444,
            24.120492522189473,
            23.98604057877233,
            23.760578620649042,
            23.749789007920555,
            23.685430503268826,
            23.559623672668856,
            23.829694239779855,
            23.6646426490833,
            23.798129649116166,
            23.948196684078464,
            23.726557740712114,
            23.682251866611253,
            23.61565811542519,
            23.46672748843566,
            23.71152745854011,
            23.74988408887017,
            23.95011925907518,
            23.822355625803947,
            23.91838470001529,
            23.94862935742154,
            23.81347625167024,
            23.534748507983743,
            23.678178569124643,
            23.724337363967475,
            23.515122890830618,
            23.6559019858069,
            23.54026966092449,
            23.43441603934165,
            23.477727561189894,
            23.606146777427373,
            23.335012361608563,
            23.244466570065757,
            23.350241628418956
        ],
        [
            24.645866534985032,
            24.5461327669185,
            24.56375309033518,
            24.365415544285817,
            24.459803808935618,
            24.38256551534286,
            24.413414746687693,
            24.44071528201616,
            24.444170995265633,
            24.30853450995255,
            24.238563338567058,
            24.401720723499665,
            24.200250627407115,
            23.99350854819231,
            24.05914059024135,
            23.915512586892568,
            24.014469267407588,
            24.058600921786837,
            24.14676609356238,
            23.948478739782338,
            23.743641031401545,
            23.759689332254705,
            23.61534983482993,
            23.52268930571301,
            23.378126867906417,
            23.57932479378309,
            23.60561010880124,
            23.473282212055494,
            23.47815848891888,
            23.542010030943658,
            23.556399815833302,
            23.61976142829867,
            23.51960107851722,
            23.461700111701496,
            23.67983203507392,
            23.5709783158963,
            23.48914986587897,
            23.291303857716574,
            23.38837452402942,
            23.328116030952277,
            23.25352083675641,
            23.400097779124856,
            23.607094743254113,
            23.40461001311159,
            23.204343855956687,
            23.35376905606777,
            23.201471438048287,
            23.267502319048102,
            23.137913062273586,
            23.283965746835936,
            23.075987450897934,
            23.206853891952075,
            23.369102391306324,
            23.465839281635343,
            23.528216159624943,
            23.35740661268702,
            23.142487802662252,
            23.318917099970736,
            23.37243694162331,
            23.31230067595275,
            23.393428202377933,
            23.32288461652314,
            23.277666579820455,
            23.375909460451535,
            23.224071484373265,
            23.209690949140498,
            23.374711696201647,
            23.16391953919209,
            22.954234301645098,
            22.832016815902897,
            22.73041700418152,
            22.782665873068193,
            22.652553074399293,
            22.740983293024694,
            22.71703547871029,
            22.706335370647757,
            22.860906049305235,
            22.653846224381933,
            22.591272151098888,
            22.57271625004179,
            22.55417559033373,
            22.64626904273714,
            22.849252872146792,
            22.83315292011937,
            22.882195475732072,
            22.855229908695417,
            22.870438072957555,
            22.779987544266703,
            22.621821828286738,
            22.70726748165124,
            22.788045549387082,
            22.625667193376042,
            22.651878883793756,
            22.63394421271572,
            22.52086041546037,
            22.40732988859439,
            22.57263689478313,
            22.396114632025025,
            22.209050919295798,
            22.321249283251124
        ]
    ],
    "angle": 89767.2,
    "fluctuation": 536.264872,
    "buy_difference": 1.044219632
}