{
    "id": 288,
    "name": "Safeway Inc",
    "record": [
        [
            1.9229794047762914,
            1.9430136598488552,
            1.8904424315138764,
            1.923373598661288,
            1.8726388402475729,
            1.897961256201892,
            1.9410159184412064,
            1.9751061638187357,
            1.9785059268672498,
            1.9944490678960873,
            1.9865207157069193,
            2.023530762004481,
            2.086540726676752,
            2.1340899520162204,
            2.1486856713534674,
            2.11544457465765,
            2.1258366828049917,
            2.076445777974503,
            2.0447092808505953,
            2.074960902756207,
            2.0665268533234538,
            2.101777811767828,
            2.024121836077461,
            1.9674282286804072,
            1.9983444713174814,
            1.995965396384621,
            1.9471161627937075,
            1.9168320517565625,
            1.9766977153952148,
            1.9865357612021672,
            1.9398710267896713,
            1.9935719743250775,
            2.0273310984865676,
            1.9690958416931297,
            1.9923987720436989,
            2.0429741903036134,
            2.061484692162745,
            2.012776816911553,
            2.070117836920237,
            2.0944323473344113,
            2.080539719829209,
            2.0294725230352966,
            1.9839380554882833,
            1.9683968158561964,
            2.0078530170272213,
            2.013936383561822,
            1.9784973489073672,
            2.005024796468307,
            2.084292827242895,
            2.0212439890214178,
            2.023932547062692,
            1.969570627998117,
            1.997049223211222,
            2.0640939006373094,
            2.0390636555681785,
            2.0593240793062364,
            2.0008606900764363,
            2.0317773478209773,
            2.0337045485836076,
            1.9769245598146863,
            1.9361614159571836,
            1.9751250713148858,
            1.9264237842605478,
            1.9489073925877411,
            1.9674472014813875,
            1.9118641717353209,
            1.8711884754378547,
            1.917569432564161,
            1.913432079695109,
            1.8695246802932293,
            1.848681164829891,
            1.8304491354927737,
            1.8817429149621616,
            1.8980622980822695,
            1.8676822578145962,
            1.7983609969260537,
            1.7644056696155954,
            1.7071756204389734,
            1.7025642543014818,
            1.674010745734145,
            1.6575143851707503,
            1.6864581296063645,
            1.7368558499203564,
            1.6824036102174957,
            1.6687911207770372,
            1.6793738664758457,
            1.704379537089555,
            1.744306068308106,
            1.7270671444614838,
            1.7894850693592668,
            1.806391857041475,
            1.8611644913130865,
            1.8814887042864632,
            1.88158074356599,
            1.8773770987257261,
            1.9561807884025522,
            1.9446771690840898,
            1.9234600209565733,
            1.9068642328188274,
            1.9487696557326477
        ],
        [
            1.8339265631820112,
            1.8484115443785203,
            1.805062663314386,
            1.837242383819083,
            1.7896759568150966,
            1.8035734868104731,
            1.848170440596058,
            1.8921548896426557,
            1.8906633666014725,
            1.9018962699921662,
            1.8960422725776478,
            1.9213665462657235,
            1.9845545555452555,
            2.0430248887214013,
            2.044273664362659,
            2.026395737487597,
            2.037168944840976,
            1.978307430063363,
            1.9500191498790025,
            1.976497789887296,
            1.9720096785069008,
            1.9982496536150924,
            1.939891525206063,
            1.8825299398848347,
            1.9021869699123626,
            1.9115619493436902,
            1.8612268019053293,
            1.8352219745196283,
            1.8800804632610484,
            1.9000503328369458,
            1.8450537936622335,
            1.9031533468008288,
            1.9394586712893798,
            1.8805403757585546,
            1.8984223806141145,
            1.957959371489648,
            1.970550414036786,
            1.9184143090862014,
            1.969523710500544,
            2.0026469526239694,
            1.9833968493802445,
            1.9385900579647712,
            1.8835852480732223,
            1.8796845361388475,
            1.9062905279272826,
            1.928385654156539,
            1.8929314674762994,
            1.9181192112939152,
            1.9790608505101803,
            1.9332475101081161,
            1.9288542500088992,
            1.8697584061212944,
            1.9139454920531496,
            1.958711534172173,
            1.9353443903888712,
            1.9582775666608543,
            1.9074381281565531,
            1.9309271714254554,
            1.9329513529789168,
            1.8802962199536002,
            1.8378593150580387,
            1.8885681412217026,
            1.8388665794878327,
            1.8597698038696253,
            1.8804725172433374,
            1.8315689592539752,
            1.7756549003504773,
            1.820030107623157,
            1.8292119207284072,
            1.7893897650865078,
            1.7706837634509978,
            1.750407928631413,
            1.7935235063091555,
            1.8183467420399095,
            1.7746234540169783,
            1.7209309625607123,
            1.6778301560293807,
            1.6253532377009514,
            1.6159614094641053,
            1.5987260397136875,
            1.5813878008197892,
            1.6136842376586038,
            1.6572510661657662,
            1.6078686536626063,
            1.5862744651225538,
            1.6019227715634845,
            1.6215578891797937,
            1.6673628759791255,
            1.6533704014182964,
            1.7004919439705668,
            1.7279224502733828,
            1.774087155313241,
            1.7873857880878532,
            1.794445066768077,
            1.798349621677187,
            1.8563079286204234,
            1.8481503347118056,
            1.827804169026817,
            1.8113117105939815,
            1.8518551269132453
        ]
    ],
    "angle": 90449.0,
    "fluctuation": 1865.0651280000002,
    "buy_difference": 1.048663431
}