{
    "id": 289,
    "name": "Eli Lilly and Company",
    "record": [
        [
            33.499207495139245,
            33.80492574492704,
            34.35883979692555,
            34.02783175567072,
            34.15397523739986,
            33.54613926290177,
            32.90448225396063,
            33.13442661903869,
            32.71296258852753,
            32.5917569667517,
            33.10210344142579,
            33.608643748323935,
            33.19401561574248,
            33.25969786747569,
            34.01351977639932,
            33.596812518783224,
            33.16835134969077,
            32.78787348090045,
            32.382338825850006,
            32.40766285016444,
            32.017277508606874,
            31.555309113787096,
            32.10303972104613,
            32.412534117364245,
            31.838152153491205,
            31.791667614196296,
            31.376149278334672,
            31.588964973608064,
            31.851154517942536,
            31.84727574390479,
            31.45572851424258,
            31.076263099472694,
            31.162806158979105,
            31.50497844814233,
            31.661342920034965,
            32.194809037705106,
            32.622671348373956,
            33.211823919312906,
            33.26165625428546,
            33.05266563879613,
            32.63193847636912,
            33.022396226398534,
            32.649257383976405,
            32.29727928191753,
            32.37205148540772,
            32.74303977410653,
            32.01346622984864,
            31.684201445594354,
            31.336634567853505,
            31.369632968238328,
            30.942703295066853,
            31.124467372217566,
            31.383386079169806,
            31.579380595989573,
            31.129209220116593,
            30.754770374854115,
            30.840568602119546,
            30.732127559930714,
            30.96552402937785,
            31.30619976096195,
            31.483680773197577,
            31.57804366544857,
            32.290105957355216,
            32.18648361307694,
            31.795145916946733,
            31.581904874941813,
            30.9902735533254,
            30.967432736164152,
            31.100374056833218,
            30.594309501130464,
            30.97239970279134,
            31.033007917646206,
            30.53882951428505,
            30.68595605474628,
            31.224715682575724,
            30.699435145649854,
            30.8053882569182,
            30.907288994155422,
            31.436857939792592,
            31.999334816047256,
            31.904308391862575,
            32.0339258336618,
            32.666718953163,
            32.323755588159486,
            31.803243181011965,
            31.857848027786275,
            31.470547341118948,
            31.930827425397485,
            31.776825704810726,
            32.03755623229429,
            31.60966798005358,
            31.6990973751767,
            31.072489572083505,
            31.43597766694824,
            31.73570814123407,
            32.013282087894275,
            31.9588554782187,
            32.32209758936618,
            32.01763040060595,
            32.08325896990985
        ],
        [
            32.18269622155252,
            32.46018269565491,
            32.988767729729126,
            32.64813701707314,
            32.69087220020905,
            32.15709452475368,
            31.7573104021304,
            31.752932275742808,
            31.430491098521546,
            31.48709507657421,
            31.957665655083815,
            32.27815594853321,
            31.94375929596772,
            32.10981157492602,
            32.54023640145944,
            32.260348109624964,
            31.798119973940185,
            31.527669694044135,
            31.20951084042316,
            31.212016701725574,
            30.90724192040574,
            30.439896418945267,
            30.949634656617146,
            31.1511793729467,
            30.68810978938599,
            30.484388233097015,
            30.3005104170185,
            30.335401337857462,
            30.49277196304189,
            30.583461408625503,
            30.30734655031699,
            29.854972992316,
            29.965061927304824,
            30.236627467301197,
            30.477966515600897,
            31.00391023294156,
            31.39707731050041,
            31.8397966303964,
            31.85898015068568,
            31.722006709719697,
            31.346378546805486,
            31.81681854553732,
            31.428956624527448,
            30.91987047488052,
            31.006890872359985,
            31.334140258196484,
            30.75841763481711,
            30.601075554608315,
            30.235018575463144,
            30.109736390558986,
            29.842956552958885,
            29.84462339117304,
            30.056924125212273,
            30.298960921609456,
            29.88493560965988,
            29.560883485861606,
            29.69381540993265,
            29.598298498567942,
            29.87095897599015,
            30.157232635607773,
            30.183045515064588,
            30.437396814596454,
            31.024212041831237,
            31.048760249477926,
            30.674333093368315,
            30.27117511211823,
            29.9098380908706,
            29.63493577522342,
            29.875151267483506,
            29.371416504613187,
            29.829706057039477,
            29.792579594138772,
            29.37975920926926,
            29.356804905532893,
            29.91688041418669,
            29.56385081654099,
            29.749316256076646,
            29.61570026183298,
            30.07817459871096,
            30.637683343838443,
            30.540617954139584,
            30.836623746106998,
            31.367253201152458,
            31.01315443564069,
            30.639103835175856,
            30.65178273118158,
            30.376416988309675,
            30.845467593820295,
            30.641285777475005,
            30.84320648100461,
            30.43431715796779,
            30.514309857781004,
            29.96211898697242,
            30.376594270734877,
            30.48545588446908,
            30.887879057120003,
            30.73051504556742,
            30.989916180562172,
            30.67352754819273,
            30.739463944447966
        ]
    ],
    "angle": 90489.8,
    "fluctuation": 1085.203631,
    "buy_difference": 1.040075366
}