{
    "id": 29,
    "name": "Phar Mor Inc.",
    "record": [
        [
            19.00383484130521,
            18.897156297047143,
            19.244429076560618,
            19.55311426375944,
            19.79586254169667,
            20.103623432731503,
            19.68939239215112,
            19.60617599138488,
            19.221575607333815,
            19.171122439905464,
            19.597153432054537,
            20.06004826407065,
            19.636955396179626,
            19.87563350456475,
            19.663294576449065,
            19.422898289491282,
            19.792566059888458,
            20.380309838427227,
            19.765257581474533,
            19.673754750975572,
            19.27595404494762,
            19.735311686224236,
            20.279081734701244,
            20.871241996002993,
            20.728754551756698,
            20.16874064335878,
            20.769284200658152,
            20.143082256949583,
            20.257415757569877,
            20.01505401072465,
            19.747095284664212,
            19.98912184145022,
            20.321634368694642,
            19.715877419538998,
            19.6361742165733,
            20.238112371194052,
            20.087540750792723,
            20.00824561952944,
            20.019019870906426,
            19.735585755339997,
            19.662924755449016,
            19.57040634356367,
            18.979015995794143,
            19.37471072123862,
            19.849696525718546,
            19.792604678306784,
            20.12166755075144,
            20.406864570294445,
            20.549230862601576,
            19.870074416881295,
            20.3977282261867,
            20.262251267493603,
            19.960355823951232,
            19.534660484687453,
            19.60111242764856,
            19.718152681982094,
            19.240292228732407,
            19.350614335200337,
            19.43122337304727,
            19.40770691757981,
            19.617572470029405,
            20.237631066035927,
            20.075225073219368,
            20.184337598424925,
            20.695926272629,
            20.8949939876165,
            21.15628293239344,
            21.95944854624348,
            21.30373426432723,
            21.306519368758373,
            21.820201592138012,
            21.96768058820576,
            22.221762314361598,
            22.37544632222077,
            22.26982226941553,
            21.876130222963177,
            21.55165951824732,
            21.76917730439362,
            21.972669861328956,
            22.03410264434275,
            21.702707517593293,
            21.07101242899294,
            20.784770942412095,
            21.127267530284758,
            21.16449928447264,
            20.856835974849645,
            20.939578311332504,
            21.434723756188376,
            21.67350712831841,
            22.268524653412797,
            22.62332466397199,
            22.757056272321403,
            23.161547596411406,
            23.82113338030446,
            23.583126019814312,
            24.224225217900276,
            24.012844447771414,
            24.518873435455927,
            24.972661010884632,
            24.695216964790653
        ],
        [
            18.57658858252884,
            18.490808455260627,
            18.874089405174683,
            19.062025829584062,
            19.42856295937875,
            19.630047754103003,
            19.27373007525008,
            19.24239592182141,
            18.804485190947048,
            18.74386585184009,
            19.183438369751233,
            19.56403630812188,
            19.11134327659086,
            19.389987998793064,
            19.26941992161023,
            19.05103652836227,
            19.363085678679138,
            19.860519112272552,
            19.25731201465378,
            19.210305373875,
            18.7525327869978,
            19.260787609835614,
            19.86490240173942,
            20.324739841014203,
            20.167891952103677,
            19.760777371270336,
            20.201289941313973,
            19.702050459095314,
            19.71323243489217,
            19.49291355374525,
            19.303138964662125,
            19.45214580900516,
            19.783607830424213,
            19.186241664807458,
            19.27958424292602,
            19.83272356446067,
            19.68911771063043,
            19.613362978395934,
            19.553299648159783,
            19.203507867460537,
            19.134711489994192,
            19.037093938825905,
            18.62313101648423,
            18.903192358544175,
            19.376293133003756,
            19.26282637575122,
            19.604562636367486,
            19.884413292740703,
            20.035123464568397,
            19.501397880631664,
            19.893366674250473,
            19.733662080046415,
            19.52723456001783,
            19.14336249411493,
            19.212337370468976,
            19.35618369251478,
            18.762676958365095,
            18.961101150009625,
            18.93941673491092,
            19.00179885055243,
            19.232329752988417,
            19.701828561783273,
            19.643545075782082,
            19.659740678022466,
            20.2508992620851,
            20.329633409952866,
            20.736662100305015,
            21.35252884687846,
            20.818532735204236,
            20.75275661133114,
            21.426103170282264,
            21.52117109211756,
            21.698290204790993,
            21.837441746025178,
            21.736528626529886,
            21.41215844133839,
            21.06713279106382,
            21.34168215812596,
            21.450777972986824,
            21.500010200860743,
            21.10078368055197,
            20.556158777367216,
            20.21232879857324,
            20.641955888403544,
            20.647361354904177,
            20.351279716493423,
            20.45039789428503,
            21.039129574430692,
            21.171413606834108,
            21.746124284375455,
            22.17460603270586,
            22.305685163351537,
            22.586592253432492,
            23.178907783708837,
            23.09683358102945,
            23.629965829103913,
            23.42610943959286,
            24.042205607303426,
            24.381949983744118,
            24.22971121990553
        ]
    ],
    "angle": 89734.2,
    "fluctuation": 1917.517738,
    "buy_difference": 1.023510933
}