{
    "id": 290,
    "name": "OGE Energy Corp",
    "record": [
        [
            34.02532463857062,
            34.242882492316504,
            33.203256804266154,
            33.526199618658126,
            32.692085656848384,
            32.42237145324236,
            31.95413287844017,
            32.254290051774035,
            32.76139407077878,
            33.071579632718766,
            31.92806660874087,
            31.205162398486586,
            31.576932221712376,
            31.89655686198005,
            32.69903749992055,
            32.82556886416474,
            32.2545945450088,
            32.481183511378106,
            33.26999877064288,
            34.0553275639818,
            35.06537076206749,
            34.43805921826692,
            33.50689202869203,
            33.03732297554322,
            33.31114115691101,
            34.339706629168155,
            35.128464601052485,
            35.45251676357243,
            36.307782227719876,
            35.76934346886919,
            35.566871893608486,
            35.95762161212637,
            35.62508037282572,
            35.36966592618835,
            36.614548795219285,
            35.835940987999834,
            35.778695015934225,
            35.294696232444366,
            34.93294518308223,
            34.825521874836184,
            33.82188905487402,
            32.89818746874252,
            33.451820597987435,
            33.24515845851682,
            34.45057637905568,
            35.07124831550523,
            35.530041096460884,
            35.02572028379568,
            34.17054908191364,
            34.929602951959346,
            34.98475201159041,
            34.28487485962705,
            35.02071061494203,
            34.251805891128974,
            33.58447464119632,
            34.2669624639515,
            35.187263792072144,
            35.14428143541541,
            34.962772801810274,
            34.30950128441787,
            33.73420087953213,
            33.067947485517976,
            32.547157942281,
            33.80373892875773,
            32.57263644989825,
            32.036225891847046,
            32.51553386491842,
            33.08875497085318,
            32.939641091664654,
            33.909736581436185,
            32.99453913019638,
            32.61871401808599,
            32.423873940598554,
            33.336709313546436,
            33.31602533978663,
            32.48975563821254,
            32.20267546391933,
            32.729396851561894,
            31.787496738513603,
            31.420837355748603,
            32.34330838897119,
            32.01972552283403,
            31.096494230998896,
            30.5971964633856,
            31.43679930847733,
            30.573011466851582,
            30.234063930732187,
            29.580567875426446,
            29.469105569148127,
            29.633697124132624,
            28.68382659561176,
            27.888519990387017,
            27.57962191432096,
            27.337412245899213,
            27.76287336754415,
            27.220620363970028,
            27.7085647646416,
            28.184890962936493,
            29.017281999276527,
            29.35117941115783
        ],
        [
            33.52048533325885,
            33.61723721990303,
            32.651882378144656,
            33.01227132343209,
            32.17808781529388,
            31.98926575985451,
            31.495761048663294,
            31.7916125632179,
            32.29144233704244,
            32.51914803695291,
            31.63453538192497,
            30.748311662049634,
            31.006171323823526,
            31.435867983562414,
            32.30426520425526,
            32.27080923696435,
            31.855611171240422,
            31.996057512866674,
            32.80259007419915,
            33.476446435866016,
            34.421270230453,
            34.06667175374239,
            33.07916244155763,
            32.713866826463985,
            32.95190662002045,
            33.95575118235359,
            34.66267931960455,
            34.78744951400168,
            35.74407437622339,
            35.09483968004461,
            34.903133398255434,
            35.43473548521487,
            35.156229012774666,
            34.95666348436976,
            36.0316856185285,
            35.35723602676044,
            35.314892026530416,
            34.73284365079887,
            34.58050970066908,
            34.42232412194137,
            33.497480615121475,
            32.54014119805419,
            33.008266749302784,
            32.807628561172976,
            33.80094062839989,
            34.495735900332555,
            35.087026024508326,
            34.68279647577074,
            33.724216184132615,
            34.30849323916889,
            34.4967028403003,
            33.95261466041264,
            34.597908985832184,
            33.65280722624319,
            33.13916186847235,
            33.76191176820932,
            34.60639488704043,
            34.60554931395553,
            34.64134195166943,
            33.95994569846099,
            33.09478017887733,
            32.62295312782009,
            32.22526404866022,
            33.20595741130313,
            32.240776568694564,
            31.72894494605858,
            32.12619637110565,
            32.5100958451629,
            32.37004175422575,
            33.293493579943245,
            32.446630676959415,
            32.083447217329535,
            32.09352969687603,
            32.98050834659852,
            32.68778385864735,
            31.921571866775402,
            31.608011268233724,
            32.12180795274928,
            31.447849025578986,
            31.088227120636848,
            31.936828757605344,
            31.475446076459832,
            30.6657547651043,
            30.306762896572597,
            30.914758736373535,
            30.26152437034239,
            29.848113372518274,
            29.24689131110292,
            28.962406478437973,
            29.18818356112436,
            28.354578099024646,
            27.579462105046666,
            27.26031466541573,
            26.991141564491137,
            27.29367445302955,
            26.878520922625647,
            27.330221583036433,
            27.689231511766092,
            28.529728298576696,
            28.909913224789513
        ]
    ],
    "angle": 90164.90000000001,
    "fluctuation": 1734.8338469999999,
    "buy_difference": 1.014350575
}