{
    "id": 291,
    "name": "Caremark Rx Inc.",
    "record": [
        [
            38.65601474256171,
            37.90831722568893,
            37.6819434034857,
            37.69132137148174,
            36.65295444872127,
            37.2531761232925,
            37.342169428524,
            36.24210631769013,
            35.4748510809045,
            35.53101301026422,
            34.87164345109586,
            34.41973130257697,
            35.31970563500175,
            34.63858368179035,
            33.78159907131309,
            33.56924837907045,
            33.99878245670142,
            33.396065255200455,
            32.340219801208725,
            33.6397702604164,
            33.55212217331355,
            32.36604450978135,
            32.233154954993516,
            31.550367643213878,
            31.31497229539221,
            32.46930188637999,
            31.721131781174527,
            32.31399124608768,
            31.538562899131403,
            30.86544573980711,
            30.510190277544606,
            31.16711012441414,
            30.414904651339942,
            31.038896858282456,
            30.609854085932053,
            30.854808656513047,
            31.063287703456172,
            30.752082501862326,
            30.98709003239739,
            30.91371706482412,
            29.91298981199202,
            29.996392668892213,
            30.857536774896474,
            30.66292366118269,
            31.430242778076035,
            31.20145002948367,
            30.26089308325284,
            30.916549603414296,
            30.046538639482364,
            29.98807921757058,
            29.613478731431925,
            30.091642927675018,
            29.577976175842394,
            30.361081668598437,
            30.50662171024273,
            29.748259405635412,
            30.38037459720911,
            29.964498504482055,
            29.789437249050746,
            29.963786997233665,
            29.671766979811583,
            29.046434475432637,
            28.964825473950953,
            29.214512420324954,
            28.352369873120374,
            27.678855508698092,
            28.2440121359747,
            27.594874722662116,
            26.827079774594495,
            26.771937546629825,
            26.94653591609518,
            26.88152973175971,
            27.09517595110521,
            26.890397810669803,
            26.747992850533524,
            27.301982183477968,
            26.81411548569757,
            26.02082404222789,
            26.004557442939497,
            26.742409392959164,
            27.79958440047887,
            27.469875543233684,
            28.150735175955727,
            27.51919436420453,
            28.132432447882675,
            29.054534905915407,
            28.45172913754707,
            28.98338662773987,
            28.25992795985834,
            28.164564146982176,
            27.793574179026557,
            27.110348408356185,
            26.236742892639114,
            27.01215126234362,
            27.17733296682933,
            28.046546938737784,
            27.20295942503983,
            26.418492027151622,
            26.39050447837988,
            27.35909031675239
        ],
        [
            37.83759516615812,
            37.042508974769916,
            36.59756803760017,
            36.81939903037877,
            35.79787969266265,
            36.29321129179624,
            36.492949069789276,
            35.30819541116268,
            34.53310691997323,
            34.47762577020804,
            34.07177672016418,
            33.70453630846314,
            34.35806786293493,
            33.74262185724195,
            32.94730523130228,
            32.76641990150514,
            33.16576004747186,
            32.43825606526134,
            31.66823421517849,
            32.67497153767316,
            32.6288436121142,
            31.614145637752408,
            31.39627516071092,
            30.746573204715926,
            30.578300956537444,
            31.648422697306433,
            30.814429964574217,
            31.48444857179011,
            30.704380169104986,
            29.980215478240574,
            29.76860043535345,
            30.48887960686633,
            29.690486492373996,
            30.390898770811024,
            29.702364347185018,
            30.156143771930218,
            30.335575251750914,
            29.884989460238497,
            30.200664519855373,
            30.03308624565716,
            29.121802858279963,
            29.141893425314738,
            29.95164656200222,
            29.97461309456855,
            30.54707282770987,
            30.3156433278859,
            29.478164631408298,
            30.19832409498651,
            29.333831080653624,
            29.203654152551643,
            28.908148828572735,
            29.478221907461243,
            28.928522096393475,
            29.700391214744823,
            29.72347659008172,
            29.09506635711054,
            29.514936962775238,
            29.154482676003642,
            29.001518212605106,
            29.168344012013566,
            28.80929169156014,
            28.202135854325224,
            28.308956670096027,
            28.49871197800503,
            27.60797403501726,
            27.05210573349612,
            27.45858455137263,
            26.95111540975435,
            26.133170359505243,
            26.00152002166996,
            26.38132466179076,
            26.1053580721678,
            26.436592472112277,
            26.187001574519385,
            26.163302181491396,
            26.748116107037003,
            26.097075156968845,
            25.299742955054903,
            25.31927514153996,
            26.12638846047389,
            26.99421635568573,
            26.907196076290916,
            27.482996306356757,
            26.920346496640676,
            27.503682999284955,
            28.3313159630206,
            27.6660424340689,
            28.219605050830058,
            27.41937759516829,
            27.444285234935663,
            27.183300845052553,
            26.419670330598013,
            25.660653453599203,
            26.376701949214063,
            26.583257251169073,
            27.39225058957228,
            26.53910035950509,
            25.8591635190766,
            25.772260237814073,
            26.555904620744446
        ]
    ],
    "angle": 88770.1,
    "fluctuation": 1959.061795,
    "buy_difference": 1.025629755
}