{
    "id": 292,
    "name": "Louisiana-Pacific Corporation",
    "record": [
        [
            14.67854962237567,
            14.857554913369434,
            14.546754338331676,
            14.62943291356052,
            14.859309375453254,
            14.76901038690951,
            14.998082345364551,
            15.167741205328758,
            15.217830750106781,
            15.050637003746171,
            15.173862854281882,
            15.40948853413417,
            15.034115083864124,
            14.946716488054985,
            14.898748946000268,
            14.88641903727436,
            14.733867876293637,
            14.747459798721286,
            14.566739199174613,
            14.819341883235724,
            14.759050688815783,
            15.01346912610583,
            15.20399128168428,
            15.087384513587466,
            14.976085911227608,
            14.704963631308917,
            14.77887252451093,
            14.602934650744968,
            14.842165703758951,
            15.000429916719156,
            15.054724705017227,
            14.852354544966808,
            15.056320792076946,
            14.781342541064873,
            15.175175370129043,
            15.01546034140775,
            15.065651551105317,
            15.40800827629752,
            15.437729797773352,
            15.467337833363034,
            15.632063026245705,
            15.443650868141102,
            15.778415143515549,
            15.955713734207848,
            16.078252473036322,
            16.135947643172695,
            15.902678173413747,
            15.796049265236281,
            15.794399119953303,
            15.569148932965186,
            15.517152813034121,
            15.762303621299383,
            15.813002706732403,
            16.10875757675973,
            16.227128515281223,
            15.990842860554608,
            15.856701163490841,
            16.116958301987946,
            16.17482584396385,
            16.229088710266875,
            16.289020715686,
            15.899220675019535,
            15.932171810856538,
            16.0610580720541,
            15.987699643245755,
            15.94756635938812,
            15.8761894788073,
            15.95734676788103,
            15.855555540023277,
            15.980549229259031,
            16.03417763174425,
            15.818261585190703,
            15.583325339924203,
            15.552928456706427,
            15.731719639384659,
            15.896032118531176,
            15.946633243093947,
            16.249262275083073,
            16.418446207243836,
            16.199762993451234,
            15.924272324555856,
            16.224834091254376,
            16.03474810902165,
            16.104961096072486,
            16.447472965540545,
            16.641137662838148,
            16.87322342468862,
            16.993682771320085,
            17.056052670388677,
            16.69599636939966,
            16.481435808397404,
            16.589202238437718,
            16.692733043341494,
            16.75891927558898,
            16.86346840441292,
            17.097833396589614,
            16.951324717353135,
            17.10666251013903,
            17.01730718057693,
            17.211024146511974
        ],
        [
            14.049304554389423,
            14.148349487118404,
            13.907832912131163,
            13.97569170010251,
            14.205238412026194,
            14.131640279107987,
            14.30212614903077,
            14.4509311530581,
            14.495762465869529,
            14.432913151640049,
            14.448118833668362,
            14.68857756257463,
            14.435905713531795,
            14.214836547363076,
            14.25863586359114,
            14.19706136858603,
            14.029168182193509,
            14.153544145264576,
            13.952071319751658,
            14.185482390856112,
            14.09810761374147,
            14.319657437136138,
            14.555137678398637,
            14.420388423444297,
            14.239932923450182,
            14.042230867921825,
            14.141076807170142,
            13.995157583715315,
            14.197372901279024,
            14.35594819102158,
            14.320407008000629,
            14.15186053911976,
            14.403666480918869,
            14.183212882962724,
            14.439295316126362,
            14.341600799205844,
            14.441513398201183,
            14.690097834120644,
            14.78334493675379,
            14.822097313750646,
            14.999508812219217,
            14.790497480217944,
            15.002823475629647,
            15.283967982777412,
            15.43694529008051,
            15.439586111873048,
            15.21485982710759,
            15.082635242630674,
            15.069011644113239,
            14.906205275645153,
            14.875802421096163,
            15.124479198401538,
            15.173126736314305,
            15.35053770534443,
            15.426409693863516,
            15.334530104636915,
            15.119393395659992,
            15.38751288958702,
            15.38740546523154,
            15.435952742573756,
            15.53006096859035,
            15.260453786298067,
            15.2920810777185,
            15.40186347060966,
            15.297735889537119,
            15.253224138794396,
            15.19712603029186,
            15.180513672010836,
            15.186503903442096,
            15.22229084456389,
            15.25816211748206,
            15.052695886675345,
            14.888446508841916,
            14.822349185484821,
            15.028720859623382,
            15.128209307582491,
            15.292134984143468,
            15.552683361766963,
            15.658143694425235,
            15.514631597185833,
            15.246207301191046,
            15.52308194409747,
            15.350440686348373,
            15.447065467559934,
            15.659253387176374,
            15.93414485305336,
            16.14342731699739,
            16.283135534290142,
            16.225732543114628,
            15.993084245638183,
            15.812923452222973,
            15.847885383181902,
            15.986752622387591,
            16.00521723939496,
            16.129248659847367,
            16.396086387092197,
            16.116474457945884,
            16.358579001538587,
            16.187261459840453,
            16.415657690452466
        ]
    ],
    "angle": 90401.1,
    "fluctuation": 1056.679338,
    "buy_difference": 1.046672353
}