{
    "id": 293,
    "name": "Ohio Casualty Corp.",
    "record": [
        [
            28.595574965928122,
            28.556575109820017,
            28.481190702081832,
            28.57973260888461,
            28.40244692061837,
            28.38656567804693,
            28.371369625461032,
            28.554897192796666,
            28.71408626911696,
            28.636557414817915,
            28.57226386985872,
            28.683754135843316,
            28.496146422252945,
            28.449552852548766,
            28.462184208375508,
            28.415667140060876,
            28.42081511524695,
            28.389041265581785,
            28.552576769060252,
            28.71946980170193,
            28.791936357402225,
            28.76298927316112,
            28.859959362265922,
            28.755000056963624,
            28.687815278817208,
            28.476930444669634,
            28.533101045204763,
            28.683526674442387,
            28.676965657167006,
            28.891225586940823,
            28.897461610120626,
            28.524221895998664,
            28.69355536577383,
            28.769668014605557,
            28.963807321405536,
            29.055027795035272,
            29.12658177787493,
            29.12364430364294,
            29.015558795150998,
            29.156785849871245,
            28.934528732215263,
            29.233566319027847,
            29.234245114008885,
            29.093915591589028,
            28.998877663916247,
            29.219071404648002,
            29.162264042939796,
            29.08700665508932,
            29.13697047400102,
            29.275749275285985,
            29.372060063809673,
            29.173168803093123,
            29.016740516967488,
            28.809728529426046,
            29.052999758254572,
            28.814413242257253,
            28.716973311936215,
            28.969022261435438,
            29.013530443453913,
            28.870981371374423,
            29.05530587593269,
            29.21217978612606,
            29.339427183677223,
            29.146072046001198,
            29.084951370624708,
            28.972734167562272,
            28.978411081999077,
            29.28784109248496,
            29.197370804964986,
            29.323099817562944,
            29.252716412891374,
            29.16585764944469,
            29.09072757251921,
            29.213331564245927,
            29.168020273185785,
            29.46755364849829,
            29.46092928967895,
            29.42833942921884,
            29.35222706211741,
            29.68164638132883,
            29.537875789599553,
            29.48151624408841,
            29.27796759008553,
            29.41572126636685,
            29.147549890557936,
            29.47537490792753,
            29.401736327988523,
            29.46328921098054,
            29.771262512510926,
            29.488718174003296,
            29.727660431865264,
            29.596988246758627,
            29.421693880552525,
            29.45085162121325,
            29.635933210935697,
            29.70429498859551,
            29.5411700394609,
            29.43581919203784,
            29.46763732746635,
            29.426927102259807
        ],
        [
            28.22915279680263,
            28.092260895381074,
            28.18957849184955,
            28.09542997854056,
            28.04691945375741,
            28.07901911916622,
            28.00501794806481,
            28.076611152292667,
            28.252845801551285,
            28.309270840478796,
            28.293912978906572,
            28.161206908954412,
            28.04120361730059,
            28.101874738877406,
            28.128434253031863,
            28.10498718166181,
            28.079111333891017,
            27.955328331330733,
            28.046375468114626,
            28.21592872098168,
            28.289942156658906,
            28.25305762296637,
            28.331382506764527,
            28.270544597096773,
            28.28624387751094,
            28.23351774883588,
            28.13932038185602,
            28.25941906778927,
            28.423273286132837,
            28.36772196285873,
            28.43894858531095,
            28.277563000169213,
            28.394071187345993,
            28.506563193994968,
            28.655753460946624,
            28.62542726371805,
            28.782157635103058,
            28.813890445705248,
            28.70407575932992,
            28.742904100957894,
            28.569481126400696,
            28.743912772382753,
            28.79049347349725,
            28.643715505913118,
            28.66457764955824,
            28.723934752001977,
            28.711006331364164,
            28.81521119246061,
            28.72337000514586,
            28.871719445111218,
            28.943553166022603,
            28.799345377411687,
            28.670743299173264,
            28.5090318130597,
            28.586315251316407,
            28.48509395764344,
            28.417244712617432,
            28.569225520639552,
            28.658960036396603,
            28.526722193688936,
            28.611414099203667,
            28.763020237808362,
            28.839377142946805,
            28.740958636176593,
            28.746778657004953,
            28.5728861993567,
            28.66157841693967,
            28.83176277660229,
            28.94198250607508,
            28.829073186413666,
            28.742688403209243,
            28.697360282225574,
            28.71796054435971,
            28.79001618345983,
            28.878067880888235,
            28.962434014695088,
            28.921345530443027,
            28.944078153929254,
            28.993517489777116,
            29.17576368672098,
            29.18274157513034,
            29.010841946743415,
            28.975290246242402,
            28.957651565248423,
            28.843327220314343,
            28.947048933849356,
            29.03370026168695,
            29.18211664072429,
            29.234722579538175,
            29.07593575175297,
            29.19481241199135,
            29.182690262433834,
            29.04177965549849,
            29.131774344485287,
            29.21233075629996,
            29.166058698461725,
            29.165549663591968,
            29.038289137186812,
            29.09877634578078,
            29.11686773808907
        ]
    ],
    "angle": 89720.8,
    "fluctuation": 363.608601,
    "buy_difference": 1.013689858
}