{
    "id": 294,
    "name": "Valero Energy Corporation",
    "record": [
        [
            2.6126112611176304,
            2.6261291392588113,
            2.608655796520639,
            2.6276836511171124,
            2.6313250070889906,
            2.634094421346077,
            2.636014875734656,
            2.63883621224465,
            2.64654262908558,
            2.62279908297628,
            2.62415496084357,
            2.6256547803208425,
            2.647529286947972,
            2.646182166640089,
            2.643969477752236,
            2.653152259224891,
            2.6409252594285015,
            2.659875100093866,
            2.6380664495632504,
            2.6440125996774104,
            2.647056799422393,
            2.648114976355733,
            2.670234835227174,
            2.6530170293253144,
            2.6500294233755977,
            2.6642875795961154,
            2.6734770938760337,
            2.6855439446319513,
            2.680386670409168,
            2.653984298010131,
            2.6593047430224086,
            2.68005157761906,
            2.686976738762175,
            2.6874410219263023,
            2.6835699874730747,
            2.696348911835918,
            2.698646475765121,
            2.679268904087469,
            2.6843555897051714,
            2.6761540039089913,
            2.6830130261173624,
            2.699820203160889,
            2.699102288330787,
            2.708824270798807,
            2.717683871977686,
            2.714702320492409,
            2.714297081179257,
            2.725326991734434,
            2.717062502466206,
            2.7161063267139958,
            2.732406890085431,
            2.7177742943624366,
            2.723690899124269,
            2.7232374185559745,
            2.725613567394688,
            2.7235375101884034,
            2.732258054159871,
            2.7156188595329795,
            2.708476288630147,
            2.7007414487945236,
            2.7250680891904,
            2.705846419202484,
            2.688510013511226,
            2.707044819603443,
            2.6900353730820408,
            2.695168823306086,
            2.702267663231573,
            2.6861515017575592,
            2.690157961788725,
            2.6928631807973242,
            2.689759219062377,
            2.6788457385500766,
            2.696571254690731,
            2.6939920168564546,
            2.6964554762903084,
            2.7094424423949905,
            2.7233245928606804,
            2.7037694732983075,
            2.7358437310745645,
            2.719201311530152,
            2.731630660189122,
            2.7294682322576307,
            2.7283557443591397,
            2.727139948397224,
            2.7385393131701132,
            2.73211916944033,
            2.7218006911423895,
            2.728449109178701,
            2.7321584912540247,
            2.716589267240013,
            2.7272773225952225,
            2.7139387302981324,
            2.7169280761781827,
            2.7485952164523892,
            2.7316012108581136,
            2.747083192786577,
            2.715792569718849,
            2.7242781293787717,
            2.729352664939078,
            2.730309582306738
        ],
        [
            2.5553368689446514,
            2.5562514765230104,
            2.5519800489501065,
            2.562624863783,
            2.5697741070211544,
            2.5737675572539094,
            2.572550781355792,
            2.583059575041456,
            2.5768934706497015,
            2.567103730283729,
            2.568946513356781,
            2.566035439117406,
            2.572203789822872,
            2.572432766672549,
            2.574131009473791,
            2.580752267975146,
            2.5760538855797366,
            2.586259729923534,
            2.5854204216986063,
            2.5800977375697784,
            2.5841027136964834,
            2.5898025023139812,
            2.5981461897769735,
            2.587331013190428,
            2.5971446588965774,
            2.606141723135231,
            2.6109401890864357,
            2.6091368832717725,
            2.6033482145069162,
            2.6004978957479867,
            2.6015285946590705,
            2.611345767198986,
            2.608709547596397,
            2.6167155390014734,
            2.6098192861977854,
            2.619112544225984,
            2.623434889495194,
            2.6158105975321075,
            2.622089425194252,
            2.6214305878350572,
            2.6231428524477107,
            2.634029104831887,
            2.6359659692617465,
            2.6449307581890658,
            2.650927008703193,
            2.6559890539632183,
            2.653728818535972,
            2.654664737848867,
            2.652974673242945,
            2.649123222253888,
            2.6578441753957276,
            2.648101424260846,
            2.6546621129492194,
            2.663270720471888,
            2.654943883177963,
            2.647896179245993,
            2.655050971051923,
            2.6552873229341065,
            2.644326207106188,
            2.640740436137666,
            2.646481826442208,
            2.6385885156105986,
            2.6290443566916344,
            2.634751100866141,
            2.631063667949308,
            2.632915575539134,
            2.624861754188563,
            2.6291108552791247,
            2.6340897866497675,
            2.6275044979235043,
            2.625263924683675,
            2.6201193357039845,
            2.630859328999972,
            2.6315023263117263,
            2.6413169249444826,
            2.632880073951167,
            2.6432091597870886,
            2.648747433531151,
            2.6595954530401418,
            2.6585236132933883,
            2.6517987559039584,
            2.6526043181079784,
            2.6570841280931687,
            2.661748335446415,
            2.6582408702685707,
            2.666875092012754,
            2.666679614187603,
            2.65558377238797,
            2.659459534169802,
            2.659970211786872,
            2.6578919863073462,
            2.654176792778636,
            2.6595008243809755,
            2.6709264841803195,
            2.670646814700384,
            2.6723865591014673,
            2.661595416601769,
            2.6549690963066306,
            2.6509068506687417,
            2.6528931943116625
        ]
    ],
    "angle": 90020.5,
    "fluctuation": 247.02640799999995,
    "buy_difference": 1.025490107
}