{
    "id": 295,
    "name": "Budget Group, Inc.",
    "record": [
        [
            38.11006300092462,
            38.113495700041085,
            38.095011617450815,
            38.2108562710581,
            37.86545192995404,
            38.392381445027034,
            38.734649662052064,
            38.36861453134215,
            37.88167198812277,
            37.52064891186196,
            37.65300685524066,
            37.46876213782238,
            37.89429786650102,
            38.25970489829546,
            37.565680420748606,
            37.900741580084194,
            37.51489416819565,
            36.69596094776932,
            36.930491774145686,
            36.976467397189445,
            36.58561081013767,
            35.98711704436613,
            36.63808521746163,
            35.911063809710704,
            35.556378926934464,
            36.060557329476254,
            36.5937501621043,
            36.12485031266011,
            36.87975396901585,
            36.989866079517206,
            37.0616142599407,
            36.46474262517638,
            36.018388480488916,
            35.4997917243143,
            35.67283026878783,
            35.75472860305261,
            36.43702457097776,
            36.17387572181839,
            35.89164196746893,
            36.44225456145914,
            36.216249236188396,
            35.546822123413435,
            35.65849160813048,
            35.330626697195825,
            35.068939048997336,
            34.524777628795654,
            33.95902919538334,
            33.61522114527127,
            32.97576713915046,
            32.77038737400166,
            32.42649685185472,
            31.994375852511734,
            31.404572543364786,
            30.998637693812324,
            31.392792052174784,
            31.283550340193525,
            31.349173786667574,
            31.825458096531094,
            31.289804659512523,
            31.372715333470552,
            31.023013167030893,
            31.502519789722164,
            31.62793330712436,
            32.19053443999626,
            32.18575710147055,
            31.653180864918,
            31.733554713703214,
            32.52591629540505,
            31.874961239191308,
            31.866214182428955,
            31.77293680867176,
            31.39572048550694,
            31.12782630281701,
            30.811623124359627,
            30.79242004884092,
            30.107373435194116,
            30.65067356892413,
            31.222742192317412,
            31.322015924031234,
            31.87951459319467,
            32.34941304803328,
            32.61875204308578,
            32.266176405873466,
            32.09820614483981,
            31.872359373948683,
            31.24471972503764,
            30.969644115284105,
            30.69840583481294,
            30.81889834009861,
            31.2535502225998,
            31.577771370856276,
            31.713418881242028,
            31.79195545257731,
            31.203750455938422,
            31.196464800407437,
            31.537044169666665,
            32.2247616092179,
            31.966446831416174,
            31.811668897449742,
            31.847667787748314
        ],
        [
            37.12754915562097,
            36.89432021811482,
            36.98689099166869,
            37.292999062083744,
            36.80811239376804,
            37.32779146187648,
            37.570408890078625,
            37.15237408288,
            36.6954838548156,
            36.630401000692515,
            36.65656791059331,
            36.46259643367765,
            36.671182020228905,
            37.16906165340975,
            36.55325387390143,
            36.82033105704539,
            36.354677763542476,
            35.77858135688373,
            35.93878048879112,
            36.04484680733966,
            35.55334623374683,
            35.06987576529769,
            35.55104548195201,
            34.9712271455173,
            34.58426134312832,
            35.067639787810855,
            35.67177211740265,
            35.21821682886839,
            35.87863296135487,
            36.1122119885903,
            35.936905442118515,
            35.48909006386975,
            34.86623134225349,
            34.46716173549282,
            34.59716699219704,
            34.80155650467783,
            35.42311311048539,
            35.107615735647244,
            34.77123156954835,
            35.346915918841916,
            35.13821877485332,
            34.67555511088521,
            34.81592245324561,
            34.39909063206952,
            33.94715292362606,
            33.53725269194298,
            33.08353296865903,
            32.54317632444736,
            32.02934938493819,
            31.79175591340468,
            31.521032493343935,
            31.194533399223932,
            30.67792071362731,
            30.22671902239763,
            30.611058268507588,
            30.47092472932655,
            30.45248181671723,
            30.80435788746419,
            30.483123592255513,
            30.38126217107654,
            30.271737220234076,
            30.59532865476046,
            30.85271984727503,
            31.191874935684776,
            31.218355278521404,
            30.769310268670118,
            30.95885825484844,
            31.532563401171515,
            31.012800887493903,
            30.908416806608916,
            31.050239108176626,
            30.531247945094975,
            30.120114520977236,
            29.858717581227918,
            29.825246303743288,
            29.351761920430217,
            29.836555229909333,
            30.293350886491716,
            30.380575422637357,
            30.955283346130464,
            31.45238973779533,
            31.768260821602137,
            31.40600433149527,
            31.248767937182144,
            30.83747585710047,
            30.36314861942473,
            30.080802897166034,
            29.82330737178244,
            30.06653096035562,
            30.505875328346047,
            30.69293810546525,
            30.855627959678152,
            30.876429318725467,
            30.335462208746588,
            30.316255209560282,
            30.75788711373653,
            31.234377893744302,
            31.233069605984383,
            31.0880902084686,
            30.856570274412956
        ]
    ],
    "angle": 89637.8,
    "fluctuation": 1064.487118,
    "buy_difference": 1.028417195
}