{
    "id": 296,
    "name": "First Data Corp.",
    "record": [
        [
            26.88324543387417,
            26.881415828163533,
            26.803168784067744,
            26.66639541568074,
            26.61560202642486,
            27.2110827604259,
            27.771920574910837,
            27.139991917410168,
            27.254090281248896,
            27.109340462879157,
            26.914565322305645,
            26.63284794903761,
            26.3252219361387,
            26.37785710834479,
            26.649034914221026,
            26.761846036095115,
            26.222731193349983,
            26.049768169374477,
            26.25554926398874,
            26.079831243570556,
            26.39725904171746,
            26.64993899979261,
            26.187536128035376,
            25.810018469515843,
            25.621838868372876,
            25.86033429987789,
            26.001320786016304,
            26.021948549120946,
            25.612383998909163,
            26.0054090231602,
            26.253690181190105,
            26.56261716135819,
            26.658822217097317,
            26.617885832344516,
            26.241066881091445,
            25.481308807609715,
            25.10547610888884,
            25.311085399984613,
            25.245473021113426,
            25.47007902693288,
            25.77841411678981,
            25.718523080109264,
            25.777310778092065,
            25.502199371188286,
            25.334836851922365,
            24.801552900047717,
            24.807696601181895,
            25.030680910675464,
            24.69206052840688,
            24.938155205581214,
            25.01415411855345,
            25.512492170730575,
            24.897638009092525,
            25.256863288208294,
            25.156875604519293,
            25.095694541741047,
            25.42453102976289,
            25.68962203563329,
            25.796900147055997,
            25.523280567421534,
            25.945676644258057,
            26.377899210445065,
            26.12610291924847,
            26.194231899468633,
            25.87831512386217,
            25.96710369998461,
            25.520242466103404,
            25.301059133554592,
            24.945510439571418,
            24.50023228041241,
            24.6091156976988,
            24.840865707400546,
            24.24262347697534,
            24.834366795612944,
            24.285752947007946,
            24.62216583142565,
            24.19607264640652,
            24.748856374985984,
            25.471861657730273,
            24.87332237717473,
            24.951291158967507,
            24.96978621603818,
            25.136013143420396,
            25.09989511165254,
            25.572699180724076,
            25.918954546066544,
            26.219654118151468,
            25.73755231486219,
            25.789718975680348,
            26.173082661452465,
            26.394201776549792,
            26.547081533907473,
            26.86097368642701,
            26.723601183132374,
            26.62369125166066,
            26.5706405895861,
            26.68518393045416,
            26.96633982595947,
            27.367287465849635,
            27.351012821995894
        ],
        [
            26.192511989024787,
            26.25363746989044,
            26.083242923086903,
            26.10634395211362,
            25.996633127257763,
            26.541074464416806,
            27.058353665142565,
            26.54868677989807,
            26.609619348355363,
            26.49480044868186,
            26.194259492485614,
            25.881364121495864,
            25.736189513366494,
            25.821275150869123,
            26.073653644084818,
            26.155183352232054,
            25.71068746813905,
            25.42105866469085,
            25.53250946250274,
            25.36921468151466,
            25.677993288318515,
            26.092850817832627,
            25.627257924585013,
            25.214831623437494,
            25.041018938670376,
            25.27663939266342,
            25.25759561602747,
            25.317956599411712,
            25.004232426444833,
            25.301864530070382,
            25.571473232526646,
            25.849152451873454,
            25.89371278147858,
            26.01448657371225,
            25.490484166950093,
            24.97370596928197,
            24.560959431849863,
            24.700203957149437,
            24.609105113261595,
            24.88024052350603,
            25.19909218168566,
            25.11790247665414,
            25.155177015288626,
            24.762890950013876,
            24.600380267959377,
            24.256332924256295,
            24.23319761273213,
            24.31471930363125,
            24.202610698710338,
            24.32411235318866,
            24.429983079850818,
            24.80497139408315,
            24.27731324225351,
            24.731377175001224,
            24.569371502531503,
            24.39730179679813,
            24.918059238564886,
            25.097211567799157,
            25.166743573001575,
            24.865007295259513,
            25.284081667604944,
            25.80578474573451,
            25.48790470879931,
            25.687906513727288,
            25.35771023955371,
            25.292333862694328,
            24.94672245890634,
            24.764713815471016,
            24.397125802013434,
            23.93524950070659,
            24.13100507351593,
            24.195361799641194,
            23.695442002175326,
            24.16491267932719,
            23.813924676424023,
            23.934566608964086,
            23.668907343374205,
            24.202369269521572,
            24.76053380824638,
            24.229393409029363,
            24.402779442121307,
            24.347663876287427,
            24.58836914435415,
            24.474531108162193,
            24.91315134856972,
            25.207696053313988,
            25.505227698220974,
            25.154109283976325,
            25.09200971267607,
            25.54650627056782,
            25.793289994567022,
            25.798017728213928,
            26.217929373848705,
            26.20704327338424,
            25.90341989007016,
            25.916401661203967,
            25.983973963905758,
            26.312877634639584,
            26.642836907823128,
            26.806164366824017
        ]
    ],
    "angle": 90133.4,
    "fluctuation": 1301.4832780000002,
    "buy_difference": 1.024731838
}