{
    "id": 297,
    "name": "Burlington Industries, Inc.",
    "record": [
        [
            7.281029354346721,
            7.276169187938215,
            7.309790099546813,
            7.117935117204257,
            7.124067739053197,
            7.262441291844047,
            7.165508906971848,
            6.990128084546156,
            7.133965911198422,
            7.25097452664104,
            7.309526294973654,
            7.2081178794140754,
            7.156192231954037,
            7.183872622798606,
            7.0793914913891305,
            7.243516280109042,
            7.232454583307519,
            7.0546122070647135,
            7.1609673163028855,
            7.174455034182563,
            7.021615415136987,
            7.14306763148065,
            7.029184134571806,
            7.10435349470099,
            7.1534309458310315,
            7.182149002631796,
            7.109866078546604,
            7.203284649594665,
            7.379366576670034,
            7.407575109420999,
            7.4910641402094384,
            7.425597909543208,
            7.402772117215717,
            7.4948906839368385,
            7.488365602855426,
            7.584006325341773,
            7.400320578893923,
            7.4069360122169865,
            7.539048216182715,
            7.527897450812933,
            7.5252149690841685,
            7.482839286497312,
            7.475237785950898,
            7.310961258399721,
            7.234683772318664,
            7.332235097907971,
            7.218886127637499,
            7.184262490771458,
            7.1491623187084095,
            7.260435985393796,
            7.2440598488639,
            7.15481054748347,
            6.978021037173868,
            7.120090794416394,
            7.065675358253735,
            6.961884672009375,
            6.851821293216519,
            6.733761233239257,
            6.834981093801786,
            6.9121647202527345,
            6.795267027291324,
            6.706779983834794,
            6.629706613965351,
            6.5704509319847855,
            6.604186394361373,
            6.803764954745318,
            6.780185154580144,
            6.93386668015949,
            6.886257357667984,
            7.006258605407,
            7.071540162572091,
            7.087136574100506,
            6.940545441827371,
            7.093596746732762,
            7.144737423049671,
            7.297936544071135,
            7.23395181871239,
            7.315952098194588,
            7.44135897833867,
            7.387825753617218,
            7.31663565195365,
            7.383073264894632,
            7.509819908475573,
            7.399057897672142,
            7.486458902071343,
            7.475535952894406,
            7.6129222570417605,
            7.634081201961202,
            7.558740479885465,
            7.376887257816826,
            7.5445836458103255,
            7.508648284492215,
            7.691869795534964,
            7.688628779796975,
            7.815223759463839,
            7.939387939193344,
            7.719810483264293,
            7.664955142351838,
            7.442653951699802,
            7.42053891075585
        ],
        [
            7.09898617136531,
            7.060293599037833,
            7.110642219246919,
            6.952508018283521,
            6.90238119232138,
            7.070237310471583,
            6.975870287513882,
            6.802408950012207,
            6.969565332164648,
            7.0789028782956525,
            7.148256211440832,
            7.008237238974339,
            6.942491738293433,
            6.960325069316034,
            6.876210397951851,
            7.023007305926049,
            7.0094888923702925,
            6.881677384108913,
            6.945047152338725,
            6.9762048554454825,
            6.8323674549962465,
            6.930449972020496,
            6.859623098710216,
            6.902522812617455,
            6.9836740876802335,
            7.017342537236529,
            6.9474157978909865,
            7.014751544615879,
            7.1804764368376865,
            7.199286407802664,
            7.260849025915478,
            7.257391061469142,
            7.178845512470661,
            7.318499101272466,
            7.298944665058326,
            7.389205701652711,
            7.213849313071518,
            7.242061233613148,
            7.320482828593194,
            7.340417412871397,
            7.32459105228437,
            7.268079095583273,
            7.239019885356172,
            7.09900836523953,
            7.03125648777598,
            7.161108707837844,
            7.039807315933604,
            6.98016163910901,
            6.943285765466319,
            7.081745776671567,
            7.020736385053925,
            6.967546165514623,
            6.814477708067355,
            6.956708358784502,
            6.863572978484825,
            6.752640298283496,
            6.646547420874992,
            6.547688651879131,
            6.6781409788584485,
            6.723849743546716,
            6.583156660426275,
            6.5208014106644185,
            6.452957150515919,
            6.412598718326314,
            6.4539382227578175,
            6.619726636601162,
            6.612651848816703,
            6.728817749862545,
            6.677954818418239,
            6.810614611405444,
            6.900957396187411,
            6.891299247661731,
            6.785370548329304,
            6.871490117911606,
            6.966101864976844,
            7.0969833582598625,
            7.0559134250163735,
            7.1294642449173,
            7.245869608665726,
            7.188707620383484,
            7.153052232239429,
            7.219455014061644,
            7.305222417187886,
            7.1888548294581796,
            7.322020961863031,
            7.258087640922747,
            7.409960044297696,
            7.460402466387194,
            7.335944271371856,
            7.179499697437856,
            7.3530041733390865,
            7.334876878143846,
            7.4599416615157255,
            7.477664885623019,
            7.586380817674771,
            7.724631607494371,
            7.533589858347176,
            7.4368031905137295,
            7.274791365901915,
            7.251718357083103
        ]
    ],
    "angle": 89686.0,
    "fluctuation": 1484.160517,
    "buy_difference": 1.027595979
}