{
    "id": 298,
    "name": "Phillips Petroleum Co",
    "record": [
        [
            21.229181814428575,
            21.429393330499032,
            21.528594006708783,
            21.561760589678382,
            21.681168407293644,
            21.778289262786657,
            21.848701794227562,
            21.66214703818418,
            21.861542510849414,
            22.16344513597387,
            22.04541346946606,
            22.024114838531503,
            22.14338030365229,
            22.100218087292763,
            22.136428059661494,
            21.815708051472384,
            21.856614782744078,
            21.76607120253565,
            21.80162386033109,
            21.904128903367138,
            21.985426485035827,
            22.171732804215317,
            22.07617531459169,
            21.870473754626403,
            21.838016798054255,
            21.87352676012429,
            22.107937324050205,
            22.175224737699637,
            22.105372145491735,
            22.078576477218164,
            21.86905690671919,
            21.772100723188284,
            21.690251421470233,
            21.581879628228734,
            21.781033076353914,
            21.55212651111774,
            21.38630837206217,
            21.327312327614422,
            21.486511082933383,
            21.550585601138362,
            21.503013895008756,
            21.733277286738577,
            21.86228034773586,
            21.69745614473765,
            21.905957934370704,
            21.929740554966607,
            21.83241728366215,
            21.85923613892063,
            21.80295087366398,
            21.684660971459067,
            21.674781580517557,
            21.71199527489517,
            21.489110507030105,
            21.501296068048443,
            21.427316505942983,
            21.275535074454176,
            21.55432218799812,
            21.23264310965656,
            21.381398684618944,
            21.332542270387556,
            21.230011879657194,
            21.25788187838646,
            21.183694870004047,
            21.48483272104934,
            21.492987624845338,
            21.6676699666665,
            21.41268305472919,
            21.408683346619487,
            21.410449016832793,
            21.27988429340806,
            21.34714954344789,
            21.507995324427487,
            21.4023996137142,
            21.376489005231296,
            21.445314992518885,
            21.441837801009047,
            21.248942909345672,
            21.31445317190275,
            21.278070843940487,
            21.126668216442653,
            21.01926918128102,
            21.090070630391338,
            21.04741583372581,
            21.056265231284865,
            21.242744051877185,
            21.211994220592317,
            21.193564076961543,
            20.921350234293424,
            20.872883601599565,
            20.68370376064517,
            20.55721105005402,
            20.762561831828776,
            20.810487300333538,
            20.74429745275552,
            20.69523679895357,
            20.541363147079558,
            20.53187260162967,
            20.390168333952204,
            20.24174993680438,
            20.434002776562476
        ],
        [
            20.697082211567302,
            20.836107895660355,
            20.953425854342104,
            20.950208133378787,
            21.118763445307984,
            21.27916591824195,
            21.296821649974603,
            21.227281560703243,
            21.416226754762967,
            21.545546383096767,
            21.615869030140086,
            21.510748102450318,
            21.705388602845854,
            21.66308012662422,
            21.52785508630106,
            21.40353430345399,
            21.35783340890266,
            21.26722787627074,
            21.316896510389302,
            21.494603802482054,
            21.505225839073088,
            21.626804726206707,
            21.524995273243704,
            21.358552002457213,
            21.429727745711318,
            21.27430019219162,
            21.483031367321274,
            21.667004270813667,
            21.516939130841962,
            21.518741880744045,
            21.449410005875286,
            21.32646738738754,
            21.14237360263678,
            21.02834296731414,
            21.167473865355042,
            21.083501844351026,
            20.942269251506946,
            20.92857153444682,
            21.067856591876858,
            20.987380921098843,
            21.094628590790023,
            21.211838513668784,
            21.303677600482928,
            21.200185365182957,
            21.359027742524788,
            21.463656312322744,
            21.381259833450947,
            21.28796516172367,
            21.307526388399037,
            21.28137771520007,
            21.139955700367416,
            21.159343959185957,
            21.04715817995974,
            20.93520375831686,
            20.915309026458132,
            20.842156186247987,
            20.961752424377483,
            20.804312143122917,
            20.808089107628334,
            20.824881084454887,
            20.7289352044298,
            20.841589379918446,
            20.787639184930732,
            20.952601085846023,
            20.90418594918075,
            21.080381776704805,
            21.001793544449985,
            20.826339864956203,
            20.90511361385263,
            20.87993195195041,
            20.762343110706315,
            20.96472114392798,
            20.913983709012456,
            20.922163307058288,
            20.853665194882602,
            20.879392827408406,
            20.822372464230074,
            20.724349923368717,
            20.83836872288634,
            20.6383488298448,
            20.56223084630853,
            20.606720149428075,
            20.61661541408697,
            20.61701123228766,
            20.7103045178201,
            20.69892469018819,
            20.662357216181746,
            20.476697838402252,
            20.343621111311286,
            20.19754075448321,
            20.162737253403982,
            20.35188244841406,
            20.364108921476568,
            20.19209550806191,
            20.114265664258614,
            19.986594067123544,
            20.07738667351031,
            19.94880750651903,
            19.75609684764634,
            19.868275318215183
        ]
    ],
    "angle": 90382.3,
    "fluctuation": 562.7634499999999,
    "buy_difference": 1.024070406
}