{
    "id": 299,
    "name": "Sports Authority Inc",
    "record": [
        [
            29.538964797194396,
            30.13728769256878,
            30.263477034767362,
            30.09733872123791,
            30.165522663156594,
            30.56179352027798,
            30.06453984912044,
            29.385677278955143,
            28.992164734123925,
            29.380717810055092,
            29.534928246329905,
            29.911725636664514,
            30.589970040910828,
            29.82447593089877,
            29.421563314809784,
            29.1615351826996,
            29.570441043790975,
            29.516596633342917,
            29.16072627324555,
            28.886896553417703,
            28.67137391570501,
            28.253045514370843,
            28.56536485956581,
            28.40149752732674,
            28.035309490974893,
            28.310541740729935,
            28.3929466971772,
            28.102006204321505,
            27.562377372483883,
            28.059648268883453,
            28.16499410711533,
            27.716716720971043,
            27.377377068942042,
            27.60833936644316,
            27.215264187723825,
            27.049786036896,
            27.20220038846668,
            27.2385898567111,
            27.036408637390014,
            27.199361368959327,
            27.521297755473093,
            27.667392928306484,
            27.752879374708918,
            27.454937657274723,
            27.700793612453957,
            27.96875252793879,
            28.408767720742585,
            28.233795531168383,
            28.96637991079789,
            29.262410936689896,
            29.431306325003167,
            29.502313224615705,
            29.383025722859625,
            28.799563710638733,
            29.072258275039218,
            29.521876643125797,
            30.039620526521745,
            29.732550710383098,
            30.422798958250297,
            30.58512008742801,
            31.09085301250448,
            31.537663865024534,
            31.212586377651476,
            31.60047830801124,
            31.116953699033488,
            31.570161832860762,
            31.2151950499134,
            30.771411732702116,
            31.409360725028765,
            30.9987630267747,
            31.47621699997829,
            31.376665467805985,
            30.824207050540547,
            31.140110430933053,
            30.70972866222856,
            31.203615682313046,
            31.53126431322319,
            31.46062407335835,
            31.40026984056427,
            31.222057545526695,
            31.47154573588423,
            31.551000987512268,
            32.33241375218748,
            32.69256058902615,
            32.92869163351694,
            33.84442449493871,
            33.519412448467904,
            32.68703050060819,
            33.16871905030878,
            33.82842929628319,
            33.542825375888704,
            33.964499727813,
            33.40496677350996,
            32.869880336665,
            32.877818852304394,
            33.60186110318361,
            33.18538998492874,
            32.93437148240246,
            33.78092284807294,
            33.51164405463051
        ],
        [
            28.832997763546974,
            29.367255943029466,
            29.74776463558285,
            29.375098679880022,
            29.592069583326953,
            29.85221126494026,
            29.50482968798488,
            28.905234092570076,
            28.42677842167865,
            28.68425135410161,
            28.87799367837648,
            29.42563765101301,
            29.891660431524173,
            29.216529323397733,
            28.891196356637376,
            28.63298427593806,
            28.8493430831777,
            28.952579298248516,
            28.586328075722577,
            28.426030027554386,
            28.2054425762084,
            27.76601799336553,
            27.949531302997062,
            27.697866848905093,
            27.34075090941012,
            27.65598764318475,
            27.697803272421467,
            27.573305622020186,
            27.005945072915086,
            27.36993834413098,
            27.552285991106228,
            27.26082191696876,
            26.916249767129326,
            27.129702552520815,
            26.668507899088212,
            26.60753366778325,
            26.650372744126525,
            26.61678574844801,
            26.36134650560868,
            26.75735133786173,
            26.842146771768792,
            26.99001320863978,
            27.09770230241333,
            27.014202128066106,
            27.111726147396364,
            27.38767381235974,
            27.793533071121633,
            27.69983997893811,
            28.25719714267155,
            28.611537871225156,
            28.900763734739954,
            28.843224098212456,
            28.6550782509503,
            28.22945351802853,
            28.565375403861804,
            28.995516776085793,
            29.26917160581241,
            29.243498723632367,
            29.83250048233882,
            30.082044724353192,
            30.39020717404991,
            30.845422951058946,
            30.554947295905546,
            31.099444089361498,
            30.494863856795455,
            30.94830338247843,
            30.52088692420313,
            30.12005695541486,
            30.76910758727708,
            30.418611907496427,
            30.92431746105264,
            30.660397129609635,
            30.289817782916366,
            30.438354555220222,
            29.96383363392176,
            30.49129773465158,
            30.78075053720188,
            30.717916288170525,
            30.726389459343515,
            30.475865405716906,
            30.820775077013106,
            30.86154978430986,
            31.525117618817045,
            32.02615051205882,
            32.354570779147565,
            33.07842383155795,
            32.82957915546537,
            32.11712307499078,
            32.5904132514802,
            33.26198408914543,
            32.68252710462464,
            33.11975043521934,
            32.658691381453174,
            32.215970178127414,
            32.114463231950374,
            32.81514804164346,
            32.649382523620304,
            32.4024184495742,
            33.0460444555345,
            32.71725447848763
        ]
    ],
    "angle": 91042.4,
    "fluctuation": 1327.7170740000001,
    "buy_difference": 1.021216797
}