{
    "id": 3,
    "name": "Jones Apparel Group Inc.",
    "record": [
        [
            31.82520943577956,
            31.850564404783103,
            32.192437613408515,
            32.09627068031464,
            32.108009635844084,
            32.1567291002286,
            32.28418708876014,
            32.06937836888121,
            32.08473015960111,
            32.24561147168341,
            32.18048153352963,
            32.4172110010015,
            32.05416513422538,
            31.92236102001195,
            31.843208055204027,
            31.891380604993607,
            32.2351267013938,
            32.079275672279365,
            32.11741240308414,
            32.25295391399795,
            32.18414367666793,
            32.41745788382563,
            32.64073265490914,
            32.65416419278648,
            32.24986602114654,
            32.24293560989298,
            32.44869104095933,
            32.441268691631954,
            32.40976758197728,
            32.63650024420419,
            32.34818744321434,
            32.463698453577265,
            32.69023370576498,
            32.480403376857645,
            32.694035927427564,
            32.53161145028926,
            32.63853455632667,
            32.7949163070006,
            32.88048017537208,
            32.938264740018184,
            33.20582842936225,
            33.15462213432117,
            33.391406988665196,
            33.35686342180084,
            33.54085992900233,
            33.525597135652816,
            33.31123505427888,
            33.3664490777157,
            33.26243904754582,
            33.228837972663044,
            33.17288534448305,
            33.37751592103383,
            33.13174629751562,
            33.08948291044718,
            33.32160577641737,
            33.30047294760473,
            32.99173721146535,
            33.00358248986546,
            32.967635170562076,
            33.07836956742346,
            32.78131743087709,
            32.84577661960708,
            32.6501727862365,
            32.661052438685566,
            32.640050916779934,
            32.84878145200108,
            32.77340998556495,
            32.7408159940443,
            32.63560797047612,
            32.50752132637287,
            32.48684679059408,
            32.52600143226279,
            32.27304898425894,
            32.29149346018344,
            32.32730236629372,
            32.31967488231492,
            32.4439440043347,
            32.30720199421049,
            32.210405483630254,
            32.08637409091062,
            32.14045544033997,
            32.100448213725564,
            32.10473773388451,
            32.00750944737597,
            31.83266506356292,
            32.16998270223664,
            32.1348476749827,
            32.11193387863873,
            32.039959772147284,
            32.27913391746499,
            32.01538720740093,
            31.933067790103042,
            32.001504739344085,
            32.1160788762362,
            31.97498838427022,
            31.96418864993205,
            31.91498322660176,
            31.92603908704978,
            31.876879798480033,
            31.989807651558895
        ],
        [
            31.59225146591327,
            31.62376716954497,
            31.77505584310569,
            31.72444804361289,
            31.644364867383615,
            31.72082147975526,
            31.881519947440623,
            31.74544261511195,
            31.706705576239994,
            31.78314599354196,
            31.871368767964423,
            32.00330096859055,
            31.85469093009992,
            31.682333824122395,
            31.660948677937412,
            31.67382921131272,
            31.83942791371748,
            31.75523994493408,
            31.704166491943436,
            31.87613141696209,
            31.92293286416772,
            31.984394278477197,
            32.156581341715295,
            32.20188085177832,
            32.02986917040425,
            31.939617893616106,
            32.09202365346006,
            32.20703290867066,
            32.169302788404785,
            32.152411709233576,
            32.09851810629725,
            32.22930072094314,
            32.37298360249908,
            32.26531221208518,
            32.292703849518595,
            32.23526125147924,
            32.35741496492848,
            32.46365182748651,
            32.512566113417286,
            32.66438347370437,
            32.7883930936852,
            32.95160980356898,
            33.10048580289108,
            33.13929575111945,
            33.27531023634457,
            33.094232498894954,
            32.93191799568442,
            32.86171612342998,
            32.873822384004825,
            32.95584410633405,
            32.9830153598213,
            32.918494994579866,
            32.88262562145624,
            32.79790586180244,
            32.827355253154266,
            32.93444299977972,
            32.79301671358951,
            32.75871187700147,
            32.637891790478015,
            32.587726902208324,
            32.446943672514436,
            32.39729810203308,
            32.3949234301211,
            32.31174144639462,
            32.33623526580435,
            32.33578377308992,
            32.39050681892567,
            32.439310894339094,
            32.28979808738887,
            32.172721442777345,
            32.049659885558114,
            32.14920053429035,
            31.995077363689663,
            31.86964775827522,
            31.949611230387774,
            31.894279235733233,
            32.04568190259466,
            31.875611293160688,
            32.022826022333795,
            31.90272291636769,
            31.857241007380875,
            31.738090047382236,
            31.69798058384769,
            31.668354953611843,
            31.6186884543542,
            31.778256331862725,
            31.80706799333469,
            31.670317741773598,
            31.779919175490868,
            31.794013894741358,
            31.663482580473836,
            31.559982634096308,
            31.646588995029536,
            31.712342941900115,
            31.588790562025824,
            31.61284678394077,
            31.567338000609535,
            31.597227977070172,
            31.4604504763177,
            31.543581823549697
        ]
    ],
    "angle": 90057.1,
    "fluctuation": 313.84940800000004,
    "buy_difference": 1.010810652
}