{
    "id": 30,
    "name": "US Airways Group Inc",
    "record": [
        [
            14.383806846857231,
            14.490581883357986,
            14.291714066112803,
            14.206141685795322,
            14.31162788272056,
            14.142198634871468,
            14.285705507905595,
            14.05910897530332,
            14.2346543715182,
            14.30380326899781,
            14.280536457950452,
            14.26898413160926,
            14.049233904171015,
            14.05649689504377,
            13.961870635160658,
            13.894196102403011,
            13.651596494908304,
            13.709646923561486,
            13.582599861071168,
            13.711982248023538,
            13.988099777696641,
            14.039118166496598,
            14.260757689438668,
            14.016815114599487,
            14.274406370577422,
            14.217899005238518,
            13.957384688276134,
            14.159967514081469,
            14.096531456374766,
            13.86843652145537,
            13.771305851905774,
            14.054981499828731,
            13.908875729098414,
            13.852371979098944,
            13.635560253235461,
            13.729215270568591,
            13.843831946633927,
            13.768318650888927,
            13.819392880759866,
            13.577624812003814,
            13.501957656663427,
            13.631669954795457,
            13.797788507245944,
            13.682647247716655,
            13.72987940333541,
            13.540510693582107,
            13.851552443132888,
            14.059371486897764,
            13.93361074928552,
            14.032717249789577,
            14.176866316742682,
            14.061612412623122,
            14.218339281009934,
            14.225573873247752,
            14.131850434570522,
            14.354747613433183,
            14.44496274488401,
            14.6750029928988,
            14.590634155443341,
            14.68125735054406,
            14.803847980604301,
            14.771789799327294,
            14.897607721405482,
            14.698336556288716,
            14.573255392661572,
            14.352183178075366,
            14.30869012012993,
            14.553681738195056,
            14.241610046246878,
            14.144087663984978,
            14.322324940520831,
            14.340163319173064,
            14.347290879414894,
            14.481088159569277,
            14.670535993950368,
            14.667412556581173,
            14.437535852376639,
            14.204153525702072,
            14.261026495408933,
            14.181181683222878,
            14.287658209747013,
            14.211979756697856,
            14.179558936732914,
            14.33448455534272,
            14.365585079125296,
            14.290465772085714,
            14.110241740175809,
            14.107300674411443,
            14.214463175806612,
            14.509501378550338,
            14.313026732824103,
            14.3941623368703,
            14.333074227083673,
            14.241063070748902,
            14.492482866527148,
            14.237300978823392,
            14.233391228534884,
            14.297465152657352,
            14.34037173865303,
            14.514164798352624
        ],
        [
            13.889317698600427,
            14.03160078493437,
            13.823825786508372,
            13.7726973087415,
            13.927954826580914,
            13.735458757791621,
            13.806980491462236,
            13.587977383541435,
            13.715203616196789,
            13.907760095391524,
            13.8907166561677,
            13.789443132102608,
            13.631495247302343,
            13.656331089089832,
            13.495344550421986,
            13.443350510523462,
            13.205983806877553,
            13.29268199097836,
            13.135302693237099,
            13.329648487855065,
            13.523397084354341,
            13.662750682896162,
            13.815964126226444,
            13.571483165996344,
            13.800192203414674,
            13.701786410110456,
            13.565484606638126,
            13.654111174457887,
            13.611918314148024,
            13.42245030518967,
            13.372550562145944,
            13.550177021683552,
            13.448147627199084,
            13.414947318136118,
            13.197062956543412,
            13.28239587863005,
            13.379914454240996,
            13.271167467132251,
            13.431367378911611,
            13.191091722258571,
            13.083449093539079,
            13.222372445772603,
            13.362087461322151,
            13.253232998116875,
            13.344367290628018,
            13.165601536451911,
            13.408789608900172,
            13.599089738543881,
            13.437178967094477,
            13.5909569496309,
            13.679942186251665,
            13.61485719718954,
            13.802487533995913,
            13.838644520519397,
            13.648745217125162,
            13.894511185268046,
            14.039372284678876,
            14.277283692051753,
            14.165313772919376,
            14.163830540056377,
            14.329212668220464,
            14.375780499518488,
            14.469141731792876,
            14.214296359216943,
            14.114478552655923,
            13.949197813353283,
            13.847162044622005,
            14.040751207597959,
            13.815382680714523,
            13.744186228487976,
            13.836848535278051,
            13.902629800628473,
            13.923480099834222,
            13.973500517739055,
            14.167602422908859,
            14.257007072091909,
            14.008251460316332,
            13.787334488512165,
            13.795520914939488,
            13.76227767444133,
            13.840640861840543,
            13.756320696955356,
            13.674364422525157,
            13.895733059079118,
            13.941233899332051,
            13.864165153655408,
            13.626516110139391,
            13.68098126638957,
            13.772491478314846,
            14.01488380615426,
            13.819592775705246,
            13.9535842164377,
            13.827918796269822,
            13.78722789595587,
            13.991467154059823,
            13.753334409190767,
            13.7290133485844,
            13.841832552449205,
            13.904223953917004,
            13.991475086362284
        ]
    ],
    "angle": 90581.0,
    "fluctuation": 1062.524929,
    "buy_difference": 1.03271053
}