{
    "id": 31,
    "name": "Hovnanian Enterprises Inc.",
    "record": [
        [
            26.157841127713926,
            26.694596643449245,
            26.246861959328502,
            25.74918645618818,
            25.459199212829116,
            24.978965349653354,
            25.009621171177947,
            24.68147417964792,
            24.22308376067636,
            24.31294667715238,
            23.907869362655706,
            23.584656267572964,
            23.726754430181234,
            23.86101526289371,
            23.78146515328163,
            23.382149186170718,
            22.75473148458845,
            22.539056348601594,
            21.894335586505868,
            21.801255334806648,
            22.23348183000633,
            21.982044002151515,
            21.475169982377647,
            21.739649086291482,
            21.72042672150056,
            21.926977270003306,
            22.123954151122156,
            21.886264524630594,
            21.836877971716383,
            22.295332764595194,
            22.36782528368793,
            21.987718695977925,
            22.54392338399277,
            22.865138112973238,
            22.401026226819564,
            22.29716583143672,
            21.930109808729288,
            21.711477362666137,
            21.589740157330056,
            21.42821435880346,
            21.128273543715924,
            21.524304441114058,
            21.185634603308042,
            21.667420642224958,
            21.95749902410067,
            22.144750493188617,
            21.47174733652525,
            21.251742264222408,
            21.417684319428655,
            21.33593915864935,
            21.310944383355267,
            21.44906629676933,
            21.33069500574383,
            21.583089977591673,
            21.921792944657362,
            21.326999128020947,
            21.7707365683258,
            22.058949787756543,
            21.588494501496292,
            22.062464957716315,
            22.701698969365168,
            22.203771846604962,
            22.13548958816255,
            22.435233553105103,
            22.594074141725333,
            22.74708691112848,
            22.942583243504135,
            23.446733530296243,
            22.99116648126156,
            22.622128251400447,
            22.69304699430287,
            23.011920184773935,
            22.980778807394742,
            23.331698823085006,
            23.244221335326586,
            22.859509158816504,
            22.6864249725433,
            22.16591553609153,
            22.304659100431575,
            22.957325426483113,
            22.765677082290917,
            22.71037388905082,
            22.84640460495035,
            22.987744508672343,
            22.461079213761284,
            22.36250934130487,
            22.571261192434427,
            22.4559000250989,
            22.405320251083108,
            22.466291865435494,
            22.418541957093154,
            22.63665167638869,
            22.209237190921826,
            21.815559603862578,
            21.84655882669693,
            21.86016019456211,
            21.513467227792194,
            21.57645650451855,
            21.95408086340871,
            22.291974869868962
        ],
        [
            24.877030494494562,
            25.445848525142083,
            25.15225885997115,
            24.685257228465083,
            24.399895938916984,
            23.8414419485608,
            23.97143210693879,
            23.585815441051555,
            23.11535725770371,
            23.18487644110189,
            22.89241524675134,
            22.562548480737743,
            22.70987523827224,
            22.79721108807057,
            22.723483351416085,
            22.24390200155407,
            21.709809762242106,
            21.435438397369612,
            20.924499374851642,
            20.875276774116024,
            21.293419538495993,
            20.91403975151914,
            20.53212888207936,
            20.79749990412533,
            20.66513322550714,
            20.894990414560652,
            21.154543050948323,
            20.837460694590053,
            20.869586914960234,
            21.33124057209422,
            21.285323334454993,
            20.942413361846494,
            21.455039233782617,
            21.812964884966892,
            21.287189755258407,
            21.37587045521899,
            21.017644458839833,
            20.689632948152873,
            20.510113779167117,
            20.51190378044895,
            20.180241002982214,
            20.43167329583506,
            20.20468481373131,
            20.657967378832883,
            20.932439446737803,
            21.054142883682164,
            20.568021940766524,
            20.213172321104405,
            20.52241645599971,
            20.317562674760506,
            20.293760914275396,
            20.408992332657736,
            20.40831556728513,
            20.64358541726573,
            20.838012298811602,
            20.39864211520925,
            20.82306381577588,
            20.96838831278921,
            20.69440104693101,
            21.11903263588005,
            21.56432005959544,
            21.258563195329163,
            21.157090691047742,
            21.37292093145377,
            21.547909951224952,
            21.759095542150614,
            21.90436975881047,
            22.41037704332455,
            21.87195240431834,
            21.497298020159683,
            21.596960090032432,
            22.02567729720895,
            21.872976355778107,
            22.22915820665448,
            22.259188948855595,
            21.890779919173504,
            21.65763583972521,
            21.184049360411827,
            21.363732073395234,
            21.894341760049215,
            21.781246315377736,
            21.617763287015944,
            21.740741573155358,
            21.829513603029074,
            21.423214712080092,
            21.386932653010273,
            21.517548862397724,
            21.362742814523944,
            21.414994713630946,
            21.37902457735874,
            21.429779071424615,
            21.664318409404725,
            21.142846239119535,
            20.768071337152907,
            20.797582112164434,
            20.862577546377263,
            20.595577661243983,
            20.4832161122553,
            20.899941408432536,
            21.315201561804997
        ]
    ],
    "angle": 91280.90000000001,
    "fluctuation": 1467.556768,
    "buy_difference": 1.04823614
}