{
    "id": 32,
    "name": "Union Planters Corp",
    "record": [
        [
            42.14911210970753,
            42.56633926265631,
            43.92940707549744,
            44.4211438193873,
            45.261136319706054,
            46.69741596750227,
            45.27225279933632,
            46.34335657560117,
            46.794115264219585,
            47.43244166351066,
            46.19378442940609,
            47.714512092183256,
            48.430181548295046,
            49.5375651258053,
            48.43752937913416,
            48.4568963508065,
            48.39271016141164,
            49.46964810580709,
            50.29827198962457,
            49.0338427080575,
            47.79972943682018,
            47.45296462136516,
            46.24798248820001,
            47.26117329751675,
            48.16205459363779,
            47.77305763071793,
            46.97893794086969,
            46.260759819450264,
            45.330136177633335,
            45.27621970409646,
            44.38814138837959,
            45.09303199556017,
            44.02108023570875,
            44.03657388555043,
            44.77568547127181,
            44.78423186787414,
            43.78898158510377,
            44.99161197808068,
            45.099443553540816,
            45.92307884206802,
            45.25512368737798,
            44.12570308181897,
            44.87469407364746,
            45.56169211024175,
            44.571253347760596,
            45.23279951844589,
            45.87267996510579,
            47.31762214409042,
            47.26647093513412,
            48.49638521557963,
            47.42374253114784,
            47.562245422086264,
            46.55957428608047,
            46.309742056887906,
            46.624263924025904,
            48.020957528657846,
            47.998236262914745,
            47.69700811292689,
            46.839462952823034,
            48.11246322085191,
            48.658550592497924,
            50.2149736866961,
            49.882630949658875,
            48.9686153972634,
            48.480135777147325,
            48.825697987871905,
            48.34259324263272,
            49.97141237350308,
            50.28149815841429,
            49.20273059365215,
            50.24071604226933,
            51.42803166098603,
            53.204831288928126,
            53.62495203140307,
            52.018310886880855,
            52.98403187867496,
            52.45382921423191,
            51.73746051593032,
            53.1053768164269,
            53.4146638461585,
            54.62079335665119,
            54.34274464610778,
            52.974447664207446,
            53.57309861572366,
            52.680778475423416,
            51.41783521719164,
            50.79055483428917,
            51.45528096828983,
            52.09891431280052,
            52.23273926721777,
            52.80846649380881,
            51.36232883343869,
            51.51205495914025,
            50.09446649061226,
            50.86071193283201,
            51.92405290057785,
            51.37952700710083,
            51.29824557069063,
            51.69442243279887,
            51.43405381540085
        ],
        [
            41.24584525100965,
            41.7292889281202,
            42.94501721505783,
            43.373707263736534,
            44.478098105645984,
            45.46466871260647,
            44.489022265130004,
            45.477619708417066,
            45.86473236147189,
            46.32787581569735,
            45.39005008216282,
            46.617344677417904,
            47.137613742985124,
            48.59265410834243,
            47.234081503212515,
            47.56122129732044,
            47.55549429765922,
            48.154130071691895,
            49.28447471538029,
            48.074430468435054,
            46.737955510245605,
            46.19567305364739,
            45.35217247025135,
            46.24372643765565,
            46.928017132527074,
            46.77266847471075,
            45.72055260216138,
            45.43759928900854,
            44.15106452979555,
            44.142512732570154,
            43.61582376416216,
            44.2107269501284,
            43.20739660419453,
            43.24430414317651,
            43.70679784173064,
            44.005022590874454,
            42.846284679764345,
            43.7951757953432,
            44.14178395198183,
            45.07876291867901,
            44.12194495565132,
            43.11967355937696,
            44.03197496419953,
            44.73749153073476,
            43.56812563758492,
            44.356653300417335,
            45.042853686501005,
            46.05016475619443,
            46.17960596581845,
            47.561793344182654,
            46.43996641060982,
            46.72531177298287,
            45.42996404018664,
            45.4355150355158,
            45.63879321090493,
            46.78587400193874,
            47.082687383020605,
            46.63285357908777,
            46.00600502173128,
            47.057857082525,
            47.61102074819906,
            48.869907377396046,
            48.62388569068821,
            48.05383626133241,
            47.584031167168824,
            47.966531873564904,
            47.415720039213106,
            48.87117120012687,
            49.21380073915432,
            47.994627771497406,
            49.07565471341446,
            50.36623222577753,
            51.820932774815105,
            52.61262978551263,
            51.11323450784425,
            51.55966230897398,
            51.33486605280791,
            50.730234141797055,
            52.13424398392369,
            52.04604083547192,
            53.6650440493509,
            53.183486489733426,
            51.78737247665909,
            52.30986185356938,
            51.650009095118364,
            50.31090300767462,
            49.617698795209996,
            50.54984314288318,
            50.83491075799829,
            51.246698964691525,
            51.54781987330118,
            50.21639835982841,
            50.16719062262936,
            49.1340045973764,
            49.725972892817886,
            50.79605845380721,
            50.369168798840924,
            50.058661907987585,
            50.6372646605609,
            50.42262335888283
        ]
    ],
    "angle": 90663.79999999999,
    "fluctuation": 1756.4511240000002,
    "buy_difference": 1.022513092
}