{
    "id": 33,
    "name": "Darden Restaurants Inc.",
    "record": [
        [
            14.299569543944502,
            14.459237870619392,
            14.305930218541723,
            14.23425091464543,
            14.284230141177156,
            14.260562738678152,
            14.258484663728463,
            14.280795946417422,
            14.270779104394322,
            14.17247140745572,
            14.11366138414003,
            14.228448278019721,
            14.243987086174327,
            14.412294889840117,
            14.416806626646698,
            14.429541220458265,
            14.526649189960008,
            14.431239850452252,
            14.45066173571539,
            14.383738196106641,
            14.355649851805726,
            14.361276297678032,
            14.323492377719251,
            14.37659785833708,
            14.396067572957152,
            14.395963451866795,
            14.424156680406753,
            14.483031927109623,
            14.434634698238673,
            14.295602619296696,
            14.347878582019213,
            14.212427426756202,
            14.28505130341173,
            14.290502549036937,
            14.37296418203094,
            14.33029359757638,
            14.293777572443751,
            14.141992478856697,
            14.22718006651153,
            14.313437561195236,
            14.290929635339607,
            14.358446210516481,
            14.318304598916322,
            14.356856443686038,
            14.375557075533866,
            14.324297753427759,
            14.300100829584357,
            14.387511490224444,
            14.468560845634128,
            14.538983847224605,
            14.66390224846634,
            14.617556787447013,
            14.612462362646356,
            14.658637292689146,
            14.7019784436502,
            14.729746559548866,
            14.635385904999387,
            14.804338372445848,
            14.746839150005743,
            14.702258458892414,
            14.757669420739823,
            14.73893721512811,
            14.60493805496522,
            14.716085752019861,
            14.87509129301578,
            14.815981789513847,
            14.854947977169203,
            14.793368528122626,
            14.804667847762447,
            14.8766527111555,
            14.958402653892813,
            14.870550738169415,
            15.09511633733045,
            15.113069601694377,
            15.077057092188868,
            14.969165465259978,
            14.993556580890685,
            15.203451550423196,
            15.171174247386997,
            15.264043412051226,
            15.256264321483595,
            15.190085875761001,
            15.374123181036417,
            15.392777206573513,
            15.321581627007577,
            15.278122534899165,
            15.286199564827712,
            15.135123367563915,
            15.066487719955877,
            15.163906109107755,
            15.1078957793157,
            15.042030907959067,
            15.136270919412782,
            14.974448223612143,
            15.011961048474863,
            15.006267709160493,
            15.142121112910809,
            15.084326673182401,
            15.152586113150848,
            15.042857022081774
        ],
        [
            13.785438779062805,
            13.843644184183413,
            13.748859601969512,
            13.667682852670666,
            13.6869845882884,
            13.747834435497525,
            13.71833666464826,
            13.700068566418427,
            13.715077266540597,
            13.634218253128907,
            13.634908377857377,
            13.683964001316555,
            13.762195293478321,
            13.860775299973815,
            13.890109082741052,
            13.895420288898002,
            13.948442754799107,
            13.952923604734234,
            13.957673948285716,
            13.887456229606833,
            13.795265012376209,
            13.791028712537264,
            13.808501484510687,
            13.782353991747115,
            13.809275610087365,
            13.874195895269589,
            13.858328999113423,
            13.934377501303528,
            13.87671120448126,
            13.821782001941745,
            13.774038197224092,
            13.734461870032295,
            13.763167253016922,
            13.773937196785598,
            13.867311761107372,
            13.837244353334262,
            13.750917358129522,
            13.673263192977133,
            13.654079353684052,
            13.713604904412113,
            13.79508085711241,
            13.808987264132872,
            13.809035466759958,
            13.74698971920395,
            13.80474243918418,
            13.79821610084707,
            13.817798780320325,
            13.90226132603055,
            13.939972534880223,
            14.017649827700946,
            14.115454423667458,
            14.080704750174052,
            14.053282904358648,
            14.128764804955475,
            14.128074376994183,
            14.153344761866416,
            14.09364546891129,
            14.175463006397404,
            14.228033507499982,
            14.152376065053229,
            14.177342880574718,
            14.184844319013731,
            14.120864668909187,
            14.157186788836801,
            14.258821735341906,
            14.214908643498616,
            14.240931934505348,
            14.262912867802651,
            14.306785178075293,
            14.353280123332633,
            14.390300790733452,
            14.369009023172127,
            14.45245049308432,
            14.521667675551294,
            14.497200278244009,
            14.394896884916221,
            14.482047805742612,
            14.554724877567123,
            14.608138903991613,
            14.694619920139337,
            14.740233038049888,
            14.674819207475736,
            14.741585527760087,
            14.784523091485848,
            14.770705150839342,
            14.743583209101343,
            14.679225768965834,
            14.632006700371239,
            14.527694615614424,
            14.550169036219422,
            14.561783738942097,
            14.473647675385777,
            14.543961083470476,
            14.456334138798093,
            14.391455010367215,
            14.488506613471156,
            14.567041847064822,
            14.534697886187226,
            14.577109399377306,
            14.5355039023383
        ]
    ],
    "angle": 90240.9,
    "fluctuation": 411.61102800000003,
    "buy_difference": 1.039478109
}