{
    "id": 34,
    "name": "Dynegy Inc.",
    "record": [
        [
            31.564024734630525,
            32.04730037396301,
            31.750838184170618,
            31.596808146654208,
            31.88772520401893,
            31.899190953559984,
            31.895198807163574,
            31.865585330181887,
            32.3898523010463,
            32.212034068728066,
            32.59536494777819,
            32.6395568351862,
            32.44293808724089,
            31.95396983288536,
            31.783484664880895,
            31.799745713303484,
            31.82098216313833,
            32.07598430591562,
            32.362499932961946,
            32.24280555151485,
            31.97247302505647,
            32.542262900472075,
            32.503028676495504,
            33.016273329784084,
            33.12374617521777,
            33.27439253131973,
            33.03113093953058,
            32.639325658137196,
            33.003887792665964,
            32.69416134656608,
            32.4501766205229,
            32.49506276537898,
            32.248372279021886,
            32.85406508650142,
            33.130139085301906,
            32.94884533275666,
            33.1668652192523,
            33.14013646543399,
            33.34031312083058,
            33.0035457190133,
            32.34388325549306,
            32.352805878249534,
            32.514960664954884,
            32.58245485766701,
            33.11446666035741,
            32.65057893160519,
            32.66828532005602,
            33.21668459544774,
            32.75845003908421,
            33.0180343643877,
            33.45991995260995,
            33.645763542495814,
            33.294001676795766,
            32.92196870939783,
            33.474538914880384,
            33.18147618499791,
            33.10832926258148,
            33.29103138445057,
            33.193769010906585,
            33.01977099055567,
            33.38170847278317,
            32.8432533916045,
            33.09743997408939,
            33.15595066626414,
            33.152284046089555,
            33.18581232459354,
            33.50000752351115,
            33.26398285076101,
            32.697414824482564,
            32.49721992062811,
            32.89154705081073,
            33.12897636581715,
            33.6412955602057,
            33.88424455113666,
            33.38419188791133,
            33.35169198316201,
            33.24564965544868,
            33.625141179110095,
            33.229167490496124,
            33.21951495667613,
            33.59399219047368,
            34.41809913319644,
            34.06777007719613,
            33.89423399384061,
            33.526026194241254,
            33.686588209090594,
            34.288829031694455,
            33.963451077511394,
            33.34438254973146,
            33.70874531358739,
            33.78964312216251,
            34.15499724589373,
            33.6761984405493,
            33.719218504783726,
            33.53320628474093,
            33.99150883875047,
            33.58655919471437,
            34.100644772133826,
            34.560559602625084,
            34.38375591127866
        ],
        [
            30.62413871203845,
            31.09613278200549,
            30.66741362730405,
            30.61921022306082,
            30.873379178883674,
            31.036208650796528,
            31.051003673665925,
            31.065805749352375,
            31.45053089847554,
            31.403559131324297,
            31.536484076549016,
            31.79479831747613,
            31.382751121271205,
            30.95604757855821,
            30.714231396615972,
            30.954971576831237,
            30.87344468616152,
            30.993804409108957,
            31.358080258866227,
            31.323419688404393,
            30.94925553129651,
            31.450614882778762,
            31.475390529053833,
            31.92780283285176,
            32.28914476141347,
            32.215936727809456,
            31.967655548614932,
            31.588464890546298,
            32.04034714689224,
            31.575405280058824,
            31.632546780515547,
            31.540066607587473,
            31.300626098506484,
            31.770942221793028,
            32.308358354009926,
            31.83087792318447,
            32.237266686418586,
            32.2791819982648,
            32.215477285131904,
            31.867859755198428,
            31.462561588330846,
            31.26128657231594,
            31.436751870685896,
            31.681929217382354,
            32.16378601921156,
            31.687842896974274,
            31.851559018947732,
            32.0960197402423,
            31.782997460638608,
            32.12478351768175,
            32.32461157818497,
            32.572244706348464,
            32.30583184557727,
            31.900185066286785,
            32.34839555722815,
            32.09075721351312,
            32.18681905146487,
            32.34823270934671,
            32.36715730933118,
            32.139362419203565,
            32.28762542333984,
            31.887592464182706,
            32.03182968726062,
            32.236344447319844,
            32.11052724087029,
            32.146210472402515,
            32.38268152924692,
            32.238022223288716,
            31.870354013066613,
            31.5863901584637,
            31.864344266527173,
            32.206891480082845,
            32.668950553436346,
            32.73453867454,
            32.2675144773772,
            32.32302614396216,
            32.33651479334814,
            32.578280554478965,
            32.288120794674114,
            32.30785653992762,
            32.763998289323425,
            33.27015202280568,
            32.93150749435482,
            33.02031726007111,
            32.67800617257887,
            32.81143735892569,
            33.12869347118979,
            32.837209775458504,
            32.432547739903654,
            32.60394365564747,
            32.76710429861135,
            33.019114458679454,
            32.666885879200095,
            32.6759536964376,
            32.570504080371215,
            32.83162653305406,
            32.73700802838023,
            33.006026863813034,
            33.47789146046179,
            33.514040148850334
        ]
    ],
    "angle": 90869.7,
    "fluctuation": 966.870315,
    "buy_difference": 1.030484922
}