{
    "id": 35,
    "name": "Constellation Brands Inc.",
    "record": [
        [
            5.228222052265458,
            5.248093119809724,
            5.250478789235712,
            5.280592483778127,
            5.278421607407587,
            5.285061242598904,
            5.269335741550817,
            5.260587945156248,
            5.292552809637526,
            5.285019891840867,
            5.293517230436602,
            5.284304494255404,
            5.296169338676024,
            5.298338502295974,
            5.3008997708602275,
            5.306173012509052,
            5.29954617207217,
            5.26530530113139,
            5.261195493707439,
            5.292554568615181,
            5.266110915182035,
            5.29890964078686,
            5.3069037753713575,
            5.276429350395041,
            5.288306160748873,
            5.268577937179972,
            5.289574367576684,
            5.326286364778073,
            5.293849180271801,
            5.293304185615236,
            5.274495072101523,
            5.256458479003779,
            5.244330653914534,
            5.286007669798502,
            5.258238788453619,
            5.236475914484543,
            5.266188046003467,
            5.274980995628366,
            5.277698350070364,
            5.231787478653968,
            5.273344857802685,
            5.263891610308041,
            5.2663822808531355,
            5.276483697640594,
            5.221366400898787,
            5.284339939949354,
            5.289492425624693,
            5.268090928880946,
            5.261183215057201,
            5.265890029505191,
            5.286883752923279,
            5.29032485114501,
            5.266330086848429,
            5.282252049263916,
            5.275260902949281,
            5.255749658351007,
            5.268667967800854,
            5.246478403487606,
            5.248027460935539,
            5.27538382072526,
            5.289440803254673,
            5.261025012539307,
            5.294061670679247,
            5.286846954809359,
            5.302377160453295,
            5.266962119591838,
            5.277408125771003,
            5.303264171787475,
            5.281845131338709,
            5.308731723719619,
            5.300498512975833,
            5.279409530135916,
            5.318388590496573,
            5.295438748485707,
            5.280666102729018,
            5.28059622870262,
            5.288392400619023,
            5.283519770405207,
            5.274559056795887,
            5.27969042578662,
            5.285995790014948,
            5.260499062751071,
            5.253746941117062,
            5.276331524970886,
            5.27275495971343,
            5.276629787384554,
            5.297649997460497,
            5.275454941730562,
            5.270610903802408,
            5.257419744006411,
            5.24818890865861,
            5.2413898366847915,
            5.243979971283125,
            5.271255153518963,
            5.235778287688232,
            5.231498666247967,
            5.239325479094222,
            5.225056460794202,
            5.25248872665725,
            5.2651200500530555
        ],
        [
            5.124259706345887,
            5.136011540969717,
            5.140919550933248,
            5.149772774901516,
            5.157946874007997,
            5.159793009191609,
            5.164038106640247,
            5.166860700787061,
            5.164012623807809,
            5.154090499773283,
            5.164438157293697,
            5.16627759575884,
            5.158274032819009,
            5.163988184661912,
            5.15671605183775,
            5.166987654934406,
            5.169288292926211,
            5.1730532526392,
            5.161234696261633,
            5.159379704139722,
            5.162948077400808,
            5.168667406983453,
            5.175948594580075,
            5.177737892310178,
            5.174847712272642,
            5.174188473912009,
            5.180237048217558,
            5.190192437671714,
            5.190663527349427,
            5.180257050806453,
            5.167540190374508,
            5.160730768525163,
            5.148823808669328,
            5.146838581645619,
            5.136171060895978,
            5.1266953763717344,
            5.123458328534533,
            5.132523763007382,
            5.135678897423106,
            5.1349619214854805,
            5.145271175338558,
            5.1483801991720455,
            5.145667972078152,
            5.139613009551366,
            5.128853269200676,
            5.140606645969855,
            5.147155602024492,
            5.139118973911628,
            5.145216458206404,
            5.153428368663664,
            5.149743289960427,
            5.156177736189877,
            5.168346333635918,
            5.157050400266947,
            5.145599932962658,
            5.137332973341156,
            5.140194828227195,
            5.146797225393754,
            5.1514185584245205,
            5.16013649505689,
            5.1661325341947055,
            5.168847957873339,
            5.174781782170204,
            5.1858783796784,
            5.175147970848437,
            5.170004656291871,
            5.1714307404704645,
            5.181704468255138,
            5.1861759504897735,
            5.174633780117945,
            5.171249205669084,
            5.178063422574591,
            5.1897389209848255,
            5.179235063511651,
            5.169959135711731,
            5.158524923029248,
            5.167173583008201,
            5.1598340139526915,
            5.159329749122112,
            5.15146262856593,
            5.142729222421834,
            5.141975369462404,
            5.152893465069197,
            5.161063495523694,
            5.166871016185898,
            5.155165329680674,
            5.154580561066654,
            5.149385859908045,
            5.137988200773685,
            5.135371030209548,
            5.128916893211211,
            5.1371656515118165,
            5.145895453294648,
            5.15197397011628,
            5.1419764481297054,
            5.131587136626316,
            5.127944506651782,
            5.130415883673206,
            5.123387475425975,
            5.127011546030954
        ]
    ],
    "angle": 90131.1,
    "fluctuation": 142.26637700000003,
    "buy_difference": 1.022947931
}