{
    "id": 36,
    "name": "Ryerson Tull Inc",
    "record": [
        [
            0.6450124783163455,
            0.648627692951155,
            0.6503951725675584,
            0.657362893692208,
            0.6559036270986641,
            0.6514623256255,
            0.6479064961875161,
            0.6517372281603451,
            0.6529082796262573,
            0.6479547845947329,
            0.6535529621424668,
            0.6592528711615951,
            0.6636010126625046,
            0.6589829351917271,
            0.6560296753572343,
            0.6551763669502537,
            0.6520506710373976,
            0.6472187805096529,
            0.647858380363434,
            0.6502225926386637,
            0.655308988351331,
            0.6599531509141517,
            0.6605539732373577,
            0.6545862900957049,
            0.6571662270458932,
            0.663658327944458,
            0.6609781109799924,
            0.6578414973325724,
            0.6576084247400813,
            0.657063397078897,
            0.6586659537218919,
            0.6541449160212208,
            0.6592987034604536,
            0.6629359406148787,
            0.6638456503928796,
            0.6703443796394322,
            0.6638560375361018,
            0.6620221221780253,
            0.6627937060723624,
            0.6643068954592753,
            0.6620695391150212,
            0.6676827634269776,
            0.6631972011412091,
            0.6642045988780597,
            0.6637757500947554,
            0.667790185794194,
            0.6736645932715081,
            0.6662874031585433,
            0.665119007310373,
            0.6693965370749123,
            0.6630671163777498,
            0.6621968699818738,
            0.659947290107027,
            0.6571842163076402,
            0.6583782400410146,
            0.6551350949034934,
            0.6512743560885065,
            0.6593292545856453,
            0.6552068952093271,
            0.6506198588966021,
            0.6546694354395093,
            0.6588515047131159,
            0.6651379795094147,
            0.6637096124553095,
            0.6684887288452515,
            0.6682982004710091,
            0.6617043601132895,
            0.6589937082452866,
            0.6658356435520613,
            0.6639129618578937,
            0.6635936280031737,
            0.6658384673785556,
            0.6652135035218611,
            0.6630187525751752,
            0.6675528773053647,
            0.6761851368374832,
            0.6718670456517984,
            0.669633344655695,
            0.674964323680446,
            0.6706733957908616,
            0.6721974070925486,
            0.6729988519818861,
            0.6722221168680064,
            0.6684387010447832,
            0.6756260474508188,
            0.673405413374348,
            0.6768825023549799,
            0.6781177648375771,
            0.6829349265354605,
            0.6844579267004585,
            0.6877990505367624,
            0.6901233922422101,
            0.6835522036036744,
            0.6907066930355957,
            0.6898127468851094,
            0.6864737597114912,
            0.6892164327721724,
            0.6906223192755852,
            0.6924089775292089,
            0.6921761170076434
        ],
        [
            0.6377110875826436,
            0.6389735148580816,
            0.6424517388654374,
            0.6452525350657208,
            0.645494754248505,
            0.6413164059889673,
            0.6384548573751673,
            0.6391565310074426,
            0.6416482744385403,
            0.6401054300084119,
            0.6444062550358283,
            0.6489206835016199,
            0.6520914574343785,
            0.6483954642284714,
            0.6452960250588892,
            0.6422091707375718,
            0.6409975632622278,
            0.6381607225370732,
            0.6349094947292973,
            0.6378619001830255,
            0.6422751701795397,
            0.6468269623163782,
            0.6490972661331446,
            0.6467865040343331,
            0.649466166786439,
            0.6518873102261222,
            0.6500335029943464,
            0.6468195009214533,
            0.6441438101942704,
            0.6483874659376406,
            0.6478243939098437,
            0.6431848550552088,
            0.6460567965056382,
            0.6505930787791738,
            0.6513558918646226,
            0.6562269444778216,
            0.652472410229633,
            0.6505399513674686,
            0.6544359939877148,
            0.6562594506366258,
            0.6522806120193946,
            0.6551208124919268,
            0.6502656371681386,
            0.6543185740328485,
            0.6537651718918948,
            0.6565358804153888,
            0.6596085129355923,
            0.6566333994331459,
            0.6548914676045825,
            0.6566058718355999,
            0.6525445624226405,
            0.652014264002566,
            0.6506458775156483,
            0.6488972389025254,
            0.6484490631193638,
            0.6451902321750815,
            0.6410672122752692,
            0.645636544175917,
            0.6425592219370952,
            0.6425446430616002,
            0.6460899243115048,
            0.6469073681334894,
            0.6518437227881284,
            0.6527197757209909,
            0.654996996485893,
            0.6566415847907672,
            0.652247445958936,
            0.6503575270718372,
            0.6538954245282743,
            0.6525935591035512,
            0.6533895440658386,
            0.6540287814798826,
            0.651268933805217,
            0.6551842966787882,
            0.6590028628626033,
            0.6626040686217648,
            0.6639947349259172,
            0.6611893859312274,
            0.6623975115937598,
            0.662948273525232,
            0.6621924172466058,
            0.6611942062509496,
            0.6618191110675479,
            0.6592819032302811,
            0.6640405911352174,
            0.6614615158615964,
            0.6650761572457585,
            0.6697012567372876,
            0.6724334313130376,
            0.6742704512143023,
            0.6739175888060726,
            0.677679975751199,
            0.6756787373518155,
            0.6794736141822527,
            0.6801585711416468,
            0.6782940154310048,
            0.6812092738587036,
            0.679051087063328,
            0.6799922273509966,
            0.6818737639351745
        ]
    ],
    "angle": 90113.20000000001,
    "fluctuation": 434.24978899999996,
    "buy_difference": 1.016532031
}