{
    "id": 37,
    "name": "Molex Incorporated",
    "record": [
        [
            1.1003322883126576,
            1.0977222912862323,
            1.0966002274190467,
            1.0902179237254983,
            1.0980861839960172,
            1.0993576746114877,
            1.0907512035944793,
            1.0913339687679011,
            1.0998723352441513,
            1.0917613762720266,
            1.0937507590636804,
            1.095245405870964,
            1.0990811497248445,
            1.09901173670619,
            1.09603866545162,
            1.0941690268488635,
            1.1004548503330465,
            1.1003893070396968,
            1.0949230974149935,
            1.10056591673434,
            1.0930200201315028,
            1.095025112822695,
            1.0940684550968576,
            1.0943620444773456,
            1.0935798772685392,
            1.0951672154386003,
            1.096748876540619,
            1.094092149235198,
            1.0975188278511108,
            1.0924916351509284,
            1.0990530391236641,
            1.0957168462749485,
            1.0950988965722712,
            1.0925308034971095,
            1.0985032251604336,
            1.09981563888972,
            1.101785521574239,
            1.0933456252965357,
            1.0977392070581469,
            1.0908768513232012,
            1.0908099294579188,
            1.0946209347997176,
            1.0978373105239714,
            1.0957165220550247,
            1.0973992617922328,
            1.0946039825180973,
            1.0927319969089013,
            1.0932630539533963,
            1.0913076761210017,
            1.0966674661200166,
            1.0991745879793737,
            1.0912418910459087,
            1.0964269161248215,
            1.0944699374044187,
            1.0977615443542401,
            1.0948334477207244,
            1.1008596794994527,
            1.094649348454614,
            1.0953088761591874,
            1.0939116453748172,
            1.0950046854686308,
            1.100501322039538,
            1.0968038934046282,
            1.1020446674098254,
            1.09720855662009,
            1.100332312466399,
            1.0966869308007232,
            1.1003959898741251,
            1.0990067824571161,
            1.093507568856958,
            1.0925702003222264,
            1.0988389754775374,
            1.0976256327746392,
            1.0968221527988302,
            1.098742882395115,
            1.0930850977516975,
            1.0963521292831453,
            1.1014881222143367,
            1.097431938837436,
            1.096844541097909,
            1.0969973628178944,
            1.0976953744646207,
            1.0997954856150942,
            1.1035611132583023,
            1.094877167479987,
            1.1001746229972922,
            1.0929373553557444,
            1.098632485295964,
            1.0943245630891334,
            1.0955063260038989,
            1.0948251464059005,
            1.1024922608948702,
            1.1005724102679626,
            1.1032030266439767,
            1.0955670690698263,
            1.0978595136851954,
            1.098251225145862,
            1.0983489911575144,
            1.1030034848165429,
            1.0955714318730845
        ],
        [
            1.0849327767879335,
            1.0845201366491757,
            1.0843857613260517,
            1.0844671496722589,
            1.0843384577937587,
            1.0837558724873253,
            1.0835818814298503,
            1.083943222445562,
            1.0840472835142978,
            1.0833892604580397,
            1.0834081694977395,
            1.0836956631670274,
            1.0839151106604488,
            1.0840626902732906,
            1.0841554084724354,
            1.0838224821112394,
            1.084297488583343,
            1.0845568170780184,
            1.084677976770685,
            1.084838915863047,
            1.0846382524719853,
            1.0843449089477932,
            1.0842654281407806,
            1.0843392367712954,
            1.0837812280473278,
            1.084051787947873,
            1.083991246455701,
            1.0845060935332131,
            1.0842108939586454,
            1.08465766194602,
            1.0848602598478472,
            1.0844873807080475,
            1.0843094878645114,
            1.0845877533831119,
            1.0848585146281804,
            1.0853965169047846,
            1.0858248144229992,
            1.0851789623071093,
            1.0846451186039665,
            1.0849045302403728,
            1.0850560326425862,
            1.084921590920329,
            1.0851753853560586,
            1.085355344086164,
            1.085067486485809,
            1.0854482738674038,
            1.0852228793919005,
            1.0852058330185381,
            1.0851149266431286,
            1.0848858152080803,
            1.0850884557255398,
            1.0851585322058754,
            1.0852987032699595,
            1.0856416624535254,
            1.085425697979694,
            1.0856758197306404,
            1.0851284807812223,
            1.085058410766447,
            1.085712159918165,
            1.0859585560965241,
            1.0857368448098648,
            1.0856402100295912,
            1.0857804433125042,
            1.0856478064116615,
            1.0860724104851531,
            1.085581683857585,
            1.0860991828221003,
            1.0864025636459609,
            1.086114428302366,
            1.0859931217066003,
            1.0865886085101537,
            1.0871426556745576,
            1.0870288222826883,
            1.0873210732035767,
            1.087482404465366,
            1.0873191996855087,
            1.0872907344806473,
            1.086613684506696,
            1.087272168294753,
            1.087779076491796,
            1.0871680923839002,
            1.0870978906652597,
            1.0876540967927943,
            1.0872499060711964,
            1.087244213273808,
            1.0868344863349606,
            1.0871722366136878,
            1.0878082620768716,
            1.0872408817014998,
            1.0874325724162062,
            1.0877382246882554,
            1.0881465470884772,
            1.0883137000725953,
            1.0876549844398975,
            1.0878201630178368,
            1.088458468365136,
            1.0878660788336445,
            1.0879629203625263,
            1.0884340399384707,
            1.0882611968960287
        ]
    ],
    "angle": 89978.2,
    "fluctuation": 35.76065799999992,
    "buy_difference": 1.01035463
}