{
    "id": 38,
    "name": "Mercury General Corporation",
    "record": [
        [
            12.6550313836001,
            12.65729374383549,
            12.693426857556585,
            12.89025441601061,
            12.65849693297528,
            12.487831310407405,
            12.318605294173883,
            12.63703257786305,
            12.828276968436194,
            12.69101987379072,
            12.646802312440347,
            12.804029477646539,
            12.941987805941489,
            12.735439840447329,
            12.83113726944344,
            12.758476080563325,
            12.864552472326096,
            13.095025749776658,
            13.269480509664398,
            13.300932258276038,
            13.264163383677404,
            13.503374216820854,
            13.78832126057973,
            14.112961352671578,
            14.132621925618926,
            14.214499870619086,
            14.336713715329779,
            14.480083170864482,
            14.33314427852306,
            14.183159937978406,
            14.273604342769028,
            14.032865285600213,
            14.069839954758706,
            13.738831679444635,
            13.652722995814658,
            13.926685594558647,
            13.864970868041615,
            13.906465955307299,
            13.757713498325804,
            13.590892500903509,
            13.808265463452479,
            13.959170819558844,
            13.755256144365475,
            14.050142373046294,
            14.106049722804375,
            13.828080081430992,
            13.737633248504457,
            14.043268599413642,
            14.120268598426858,
            14.33498667076325,
            14.08915617461495,
            14.233587974984388,
            14.043751669577164,
            13.951882227002804,
            13.712344255277308,
            13.570751759491607,
            13.512557218128238,
            13.26594912348446,
            13.124130786284525,
            13.303853577192568,
            13.676022318583412,
            13.56588482171474,
            13.357685949627422,
            13.092914686196922,
            13.078126483873888,
            13.318549447237249,
            13.202295584268256,
            13.060234540241867,
            13.310907059555602,
            13.046511638580816,
            12.744637472694572,
            12.912662482305757,
            13.087839434904494,
            13.150814682735934,
            13.32879884872766,
            13.31256399595348,
            13.429988125601945,
            13.162437671167918,
            13.184761201169001,
            12.984007516383134,
            13.272209056696626,
            13.337828685509937,
            13.03898706548635,
            13.179369156636803,
            13.156696277634287,
            13.3565709900494,
            13.337563001717578,
            13.17205937532471,
            13.05820725395689,
            12.947392558550158,
            12.986509464064623,
            12.899258071717917,
            12.959790431276152,
            13.068417807042263,
            12.763608266786372,
            12.955940740392391,
            12.679330350085143,
            12.700924147982256,
            12.83340226257391,
            12.659928014192381
        ],
        [
            12.43044154316898,
            12.325037708688791,
            12.425751159211972,
            12.62095301717378,
            12.34463414099258,
            12.233056867237744,
            12.10241550624361,
            12.328616233328576,
            12.565299027724791,
            12.479569850096901,
            12.423605488338305,
            12.47785422571834,
            12.643775379386812,
            12.478111853969459,
            12.598364003536734,
            12.499431186762923,
            12.619777607154541,
            12.876844426872909,
            13.026141281916857,
            13.011334975683962,
            13.027455645957144,
            13.247772403758733,
            13.473297499347096,
            13.774016428890478,
            13.83598086767934,
            13.96643951208337,
            13.999375866941781,
            14.13232124025,
            13.979152258970467,
            13.82322867591976,
            13.941924831774541,
            13.792128927793067,
            13.70323136129292,
            13.424938613798242,
            13.40101149805769,
            13.575967082746882,
            13.595709595204152,
            13.621385286368035,
            13.421946087728234,
            13.244672368159321,
            13.464552823033326,
            13.645693736192404,
            13.432940134062438,
            13.745606770246953,
            13.804442423805769,
            13.571774312115638,
            13.45466694848648,
            13.718310690407282,
            13.75234601886137,
            13.97398583119695,
            13.857196063895529,
            13.880671377902278,
            13.725633068101507,
            13.605950420693818,
            13.444699865897455,
            13.337943043324616,
            13.168332631445445,
            13.01875688306797,
            12.839666403355144,
            13.083507553672513,
            13.351565855795853,
            13.27317237800081,
            13.018703044332925,
            12.872181683313293,
            12.861519081432675,
            13.027266385019786,
            12.88907804000271,
            12.836183839879826,
            12.9912247288232,
            12.795709323269879,
            12.520970880034673,
            12.634044681865731,
            12.827243777997245,
            12.916129727289782,
            13.076501526815981,
            13.02401533974271,
            13.131018063723145,
            12.897773237977095,
            12.9144753819599,
            12.724204954054276,
            12.983237155917134,
            13.025293921860337,
            12.820451196304676,
            12.874401676107203,
            12.840717560935706,
            13.069681638485939,
            13.081165600319933,
            12.844183052289512,
            12.805896692386165,
            12.726555834555569,
            12.660728750367738,
            12.683064086683355,
            12.7246832322176,
            12.740582333480395,
            12.520754075058683,
            12.635962127272075,
            12.36125555854247,
            12.463010550099382,
            12.527686749823545,
            12.394198522571202
        ]
    ],
    "angle": 89510.0,
    "fluctuation": 1330.949591,
    "buy_difference": 1.021848568
}