{
    "id": 39,
    "name": "The Men's Wearhouse Inc.",
    "record": [
        [
            4.678563136106171,
            4.808359523351593,
            4.902931646327195,
            4.785415080029857,
            4.903844509430244,
            5.008074768983726,
            4.927612830587907,
            4.903709088988749,
            4.971965381922925,
            5.0086690004924685,
            4.946872189159491,
            4.9194206683186765,
            5.019559563714517,
            4.902135952365514,
            4.928033686294948,
            4.859166470813803,
            4.869366593086596,
            4.8047389478125755,
            4.830950259186855,
            4.907727828711061,
            4.9621416887716165,
            5.042718258378888,
            5.133214230824405,
            5.254301985250383,
            5.373230387608102,
            5.411671610583774,
            5.322134110641106,
            5.379364350605147,
            5.301491837001783,
            5.410865361637883,
            5.4126950915305105,
            5.4131239802549524,
            5.43292944607527,
            5.449466346249519,
            5.589301316781103,
            5.602702308814282,
            5.561385025345106,
            5.576824491642499,
            5.645298922555231,
            5.506553912971691,
            5.616539247059103,
            5.755687882282915,
            5.681342616829306,
            5.519005293917535,
            5.675352537398643,
            5.630496844552663,
            5.627505664278436,
            5.7515564204868,
            5.85358064928464,
            5.874737834332065,
            5.9188634477136475,
            5.820808527125338,
            5.824285588175269,
            5.736193122602841,
            5.647388726060223,
            5.791445278940067,
            5.766696451415488,
            5.791895627007424,
            5.751115535323082,
            5.72354099129791,
            5.639693336746494,
            5.745752520411472,
            5.821053008084617,
            5.870058586447061,
            5.8036623467764805,
            5.791161219022673,
            5.789593985041952,
            5.78117874351117,
            5.8376754049114785,
            5.722013117770528,
            5.868201751508665,
            5.751077903580895,
            5.658351900195836,
            5.693307764814566,
            5.773894408289131,
            5.768130667349673,
            5.810285265965066,
            5.813662276448989,
            5.801776147648894,
            5.781817815460734,
            5.8046838384867065,
            5.726633699271569,
            5.722889462663035,
            5.797380773282286,
            5.6380792139539855,
            5.67351925936075,
            5.527309095005032,
            5.4550403631294735,
            5.392470445301966,
            5.442261180270056,
            5.502013380476694,
            5.561301070766232,
            5.584114262384085,
            5.655170481154174,
            5.841013789572541,
            5.749078474835993,
            5.777885229062406,
            5.6835261408903195,
            5.665554543719246,
            5.633811857369413
        ],
        [
            4.520554997522754,
            4.638064911419613,
            4.726450061067536,
            4.610397278644901,
            4.708965101662322,
            4.811449616305493,
            4.772674413019684,
            4.718234873332256,
            4.773427865209134,
            4.824521769662837,
            4.770717245934358,
            4.757092545718643,
            4.83791236075995,
            4.726628333867767,
            4.750648550236233,
            4.703544751532579,
            4.687998787332963,
            4.628089348485495,
            4.658923221476973,
            4.722101611256664,
            4.788796507421668,
            4.882198491547487,
            4.9563737956760425,
            5.071766080366472,
            5.1746456996777095,
            5.227332537210719,
            5.112668943440634,
            5.1836600516542735,
            5.110153016801765,
            5.228649402780079,
            5.191904987830171,
            5.237657295588762,
            5.2520763431693185,
            5.264894950861823,
            5.366112714617171,
            5.396715026518429,
            5.378952879917296,
            5.360540488938167,
            5.453548193504423,
            5.328593530616315,
            5.406801752157067,
            5.537436366065245,
            5.450136371455019,
            5.326740155451397,
            5.458512993952468,
            5.44033924705404,
            5.450013014253167,
            5.56065438716382,
            5.622078653439113,
            5.663275974209157,
            5.721260684940646,
            5.604562383721684,
            5.596172393523361,
            5.540244660075354,
            5.4305339881166335,
            5.565172990304022,
            5.55523488880303,
            5.593483952725077,
            5.517069831813325,
            5.498825472223811,
            5.457430164817819,
            5.541149961397163,
            5.617703012735354,
            5.6334147898325995,
            5.611593637869224,
            5.56545479884838,
            5.605862683317033,
            5.5580777436529765,
            5.608478783310398,
            5.539870042466928,
            5.663204683586332,
            5.571366894589374,
            5.459592509774685,
            5.476875063157834,
            5.588977225442395,
            5.555506188822883,
            5.5860610186602955,
            5.6263415701396156,
            5.591822187343846,
            5.594399901678714,
            5.620473664076863,
            5.538780841201834,
            5.531829341263624,
            5.563113069298868,
            5.441121141188802,
            5.453485177837546,
            5.342778473962367,
            5.250809347453718,
            5.202009261477495,
            5.224944095970327,
            5.3231310514766585,
            5.371865133055474,
            5.3702248912272985,
            5.478456409422598,
            5.61672402024648,
            5.533838979258403,
            5.543853478193763,
            5.459293510898664,
            5.473115803248873,
            5.427223099167739
        ]
    ],
    "angle": 91451.8,
    "fluctuation": 1470.57007,
    "buy_difference": 1.037339141
}