{
    "id": 4,
    "name": "United Auto Group Inc",
    "record": [
        [
            38.90908086922791,
            38.61267046643005,
            38.60770872905019,
            38.74369087670449,
            38.32968197864254,
            38.2295220393726,
            38.41772451381075,
            38.26913160484707,
            38.34532154140466,
            38.68229609882444,
            38.575054682216745,
            38.52089101263224,
            38.45830297553738,
            38.62470366487297,
            38.521700047165986,
            38.4462158756197,
            38.53981381024581,
            38.625270743530734,
            38.46368418625445,
            38.53850676994994,
            38.33991686197947,
            38.617610360479354,
            38.41684960452342,
            38.58746936386232,
            38.421027924469826,
            38.65835890010677,
            38.68033928076627,
            38.823090285041935,
            38.64394731612609,
            38.78666538761455,
            38.671524070970726,
            38.69469541115723,
            38.88428886227477,
            38.961828274908655,
            38.883209523157944,
            38.98465678619883,
            38.826879610126255,
            38.73004836583106,
            38.69225770663042,
            38.830675537599525,
            38.60976620084359,
            38.60409977778922,
            38.75554062467192,
            38.82996761961313,
            38.72990289738337,
            38.691094923525824,
            38.72329096036318,
            38.655066634084996,
            38.739906542940524,
            38.503233569058246,
            38.506175435151434,
            38.74751981027171,
            38.46099836273887,
            38.47849077409088,
            38.46384441283875,
            38.46601250164388,
            38.4630963597901,
            38.390936574317195,
            38.2955148034567,
            38.43080538005398,
            38.216988760930185,
            38.428883234361656,
            38.52604208432456,
            38.41673158085045,
            38.22881921468048,
            38.24005080505209,
            38.24906749184653,
            38.18573078102436,
            38.07346287928136,
            38.141038344562595,
            38.238482173066004,
            38.39892119961497,
            38.300132695551596,
            38.178723012845126,
            38.27774587963087,
            38.08986676490179,
            38.25148823910281,
            38.35874946795614,
            38.373583545514904,
            38.282603099191356,
            38.219181529289706,
            38.369780888054656,
            38.229332539890734,
            38.583963349057505,
            38.32430475739267,
            38.3623609459773,
            38.317086267881784,
            38.500501046039055,
            38.73708458815391,
            38.54895142788524,
            38.443096807637,
            38.71026227438199,
            38.565553443168405,
            38.3823361320181,
            38.35473399869952,
            38.2352284092359,
            38.25202576274261,
            38.26258357838549,
            37.91843785278491,
            37.95336410989905
        ],
        [
            37.5911443546173,
            37.5218580936742,
            37.44565422131906,
            37.36426852303476,
            37.280527627777225,
            37.20552672086311,
            37.28752620765319,
            37.22911185652567,
            37.29948478709103,
            37.33852041911652,
            37.27586895471976,
            37.30914360429495,
            37.3007454357711,
            37.33502059223092,
            37.38095099601127,
            37.292756649783335,
            37.252965219118536,
            37.224119277156746,
            37.15712779446209,
            37.18860737738661,
            37.268027235532216,
            37.242676951422474,
            37.33906173131407,
            37.32883300808396,
            37.38063475464835,
            37.36009497070103,
            37.39253031828785,
            37.489368522048274,
            37.567328053055604,
            37.62676036073414,
            37.5752791083233,
            37.63932977511054,
            37.55595341840002,
            37.58586688434037,
            37.58114429847913,
            37.68295483953392,
            37.71487990404035,
            37.67371850734771,
            37.58411356448948,
            37.52288064623486,
            37.42516318608883,
            37.44215389598331,
            37.5176530429185,
            37.608497622632605,
            37.55664860362764,
            37.534047906237376,
            37.538961744825045,
            37.491586699442145,
            37.4127725469025,
            37.408006428900215,
            37.4446696115537,
            37.34936640616169,
            37.25858670820705,
            37.18997819116665,
            37.21667483824382,
            37.22993044924296,
            37.204800750479805,
            37.19071527142786,
            37.236077732763576,
            37.214448895718476,
            37.152264550952914,
            37.11980662663784,
            37.13218493312244,
            37.115472024178686,
            37.08188230003951,
            37.05937338009298,
            37.00886194399608,
            37.006730509331064,
            36.93858576405012,
            37.015270460515715,
            37.02451111502723,
            37.090865246032145,
            37.14733592747825,
            37.062984008654716,
            37.03661045040119,
            37.05471880138199,
            36.970577191914614,
            37.0409795894891,
            37.07378550810888,
            37.096899937362224,
            37.068821312639834,
            37.09601410879824,
            37.15307711638104,
            37.21022790123352,
            37.25659072683413,
            37.207691168049294,
            37.19730372141944,
            37.28939504262585,
            37.33187701733486,
            37.269236700108515,
            37.312152082375526,
            37.317167149604366,
            37.222123660880136,
            37.18610306015475,
            37.099983394760066,
            37.010260901279814,
            36.98586005673929,
            36.973921698532976,
            36.89536040472994,
            36.80363369300658
        ]
    ],
    "angle": 89894.2,
    "fluctuation": 158.37226299999998,
    "buy_difference": 1.032478564
}