{
    "id": 40,
    "name": "Earthlink, Inc.",
    "record": [
        [
            17.399565644430844,
            17.387485046611292,
            17.41903970221761,
            17.29381961445283,
            17.267793338316817,
            17.402023301568033,
            17.348057645483287,
            17.400808663026158,
            17.368470261576228,
            17.34014211194104,
            17.332383298780535,
            17.532597060806143,
            17.419687171090818,
            17.43727620340756,
            17.586714397136724,
            17.639963976554093,
            17.454277950303588,
            17.592060946447027,
            17.517630219600957,
            17.58500595561799,
            17.604720303133348,
            17.809860473399677,
            17.856041279252576,
            17.841091426026814,
            17.865954731861326,
            17.82064798085035,
            17.650873732319578,
            17.662462807633563,
            17.550773472825302,
            17.533432610747912,
            17.601479456576794,
            17.770059031786417,
            17.762111295209603,
            17.584570720191877,
            17.46020809399871,
            17.357006643764574,
            17.366099511790388,
            17.476152186919503,
            17.45263650790143,
            17.49697503936388,
            17.589559005963746,
            17.687569717497368,
            17.54933075639916,
            17.547891820482103,
            17.3821383235866,
            17.47432477246987,
            17.375246526616614,
            17.415725687686457,
            17.43641258097769,
            17.381796263195596,
            17.518913671145864,
            17.616649213435785,
            17.428843604890762,
            17.536763202240184,
            17.520449762395057,
            17.40806732999074,
            17.481232877985168,
            17.532435749692727,
            17.630924279594396,
            17.49107877962368,
            17.62889413183969,
            17.481236000306307,
            17.661934289363128,
            17.482150387581097,
            17.456737182547975,
            17.480259800829494,
            17.390157017472422,
            17.319239129309604,
            17.480840140950047,
            17.444505905763723,
            17.566782838796424,
            17.675793387651577,
            17.70151651862538,
            17.7508643000386,
            17.596604552212856,
            17.65069091102104,
            17.703276434190112,
            17.776421383271565,
            17.527697662216546,
            17.60596213167827,
            17.67700623447917,
            17.774350979648005,
            17.665683769338756,
            17.747291999592328,
            17.744923345841947,
            17.855615803167378,
            17.999024997421383,
            17.86138477565682,
            17.998524405879348,
            17.742126493171497,
            17.743316434277634,
            17.928850724876504,
            17.76617653651776,
            17.77771145814386,
            17.79015164424618,
            17.75735654619472,
            17.70421355919891,
            17.88607065274456,
            17.73333433019294,
            17.673984861716765
        ],
        [
            17.193076189134537,
            17.26563918963711,
            17.178004307599174,
            17.12793212829801,
            17.131310803175396,
            17.2006586928026,
            17.173053909389818,
            17.21493762154625,
            17.17779131333567,
            17.209991066644484,
            17.197114792651167,
            17.305515603073026,
            17.306300938097802,
            17.276931021407652,
            17.31918928685826,
            17.366442768874915,
            17.28685129983688,
            17.35555145233276,
            17.375688108854014,
            17.425047441105477,
            17.495400430975515,
            17.577434201752187,
            17.649423077220167,
            17.701852768346892,
            17.6415960850409,
            17.568801516550224,
            17.455349419185694,
            17.430221289469383,
            17.391126347294367,
            17.4315595555909,
            17.469366874381645,
            17.569701930007817,
            17.497143194566334,
            17.40195736605826,
            17.310053675524195,
            17.252691132710716,
            17.261729352651493,
            17.327597058483057,
            17.290418440294307,
            17.372618198464743,
            17.370405051918635,
            17.437603953053763,
            17.387955172203192,
            17.31024994902555,
            17.281144321128686,
            17.235960568777855,
            17.218920698606688,
            17.22108476393624,
            17.166047594230534,
            17.220236638660943,
            17.295460594562208,
            17.376343586971874,
            17.28415507342165,
            17.306174492492765,
            17.369777277203507,
            17.299968612018443,
            17.317014884711963,
            17.416566624090002,
            17.37656425706472,
            17.30943632646475,
            17.409250088852286,
            17.3726829275049,
            17.393264951145973,
            17.35615702393586,
            17.247846526269832,
            17.259022038293885,
            17.19752074588062,
            17.15482518319854,
            17.249266131502587,
            17.280632924179297,
            17.35310923924872,
            17.443376587355164,
            17.50368155103623,
            17.522704103664548,
            17.429557537561436,
            17.532279809744722,
            17.565113337080632,
            17.532188357711075,
            17.422356299114142,
            17.50015039956024,
            17.50919595547435,
            17.538888742793535,
            17.506744865169942,
            17.5244235059957,
            17.56240151887513,
            17.670187683037412,
            17.739354413437592,
            17.67236121263672,
            17.724734935157265,
            17.619563923781048,
            17.55027675597539,
            17.64909380249969,
            17.581677230899906,
            17.524725424709494,
            17.514301661275837,
            17.599355790739015,
            17.55547922549798,
            17.64033113877133,
            17.535143761674707,
            17.5413280709328
        ]
    ],
    "angle": 90240.79999999999,
    "fluctuation": 374.05022899999994,
    "buy_difference": 1.010797079
}