{
    "id": 41,
    "name": "Precision Castparts Corp",
    "record": [
        [
            17.83870717823079,
            17.787699996863566,
            17.693224624583028,
            17.79999372104453,
            17.632723011773557,
            17.49454480575926,
            17.466889101812775,
            17.38101350380277,
            17.50054958478669,
            17.364433797022173,
            17.498108404924675,
            17.550511924025855,
            17.571436974187467,
            17.82238396089008,
            17.594561805277053,
            17.71406807771312,
            17.871974221960798,
            17.583921850370114,
            17.83618109153983,
            17.941632970646694,
            17.774116692345505,
            17.74146456584096,
            17.631204818916117,
            17.653550308999343,
            17.77914714621216,
            17.9911967858765,
            17.826222395225503,
            17.7926084723562,
            17.881259458471394,
            17.926124167841834,
            18.045680797940058,
            18.140186056903797,
            18.24558467673988,
            18.20059239294013,
            18.322865932249922,
            18.2962849657234,
            18.23695369039558,
            18.190641799851303,
            18.267322216858428,
            18.245423128002766,
            18.23324198376501,
            18.31416154474387,
            18.23065057189141,
            18.291562977575442,
            18.335653213550334,
            18.256985574805704,
            18.35406447043023,
            18.36450004563958,
            18.34483246201094,
            18.11379180605576,
            18.271934076299782,
            18.338248282187422,
            18.381048718147877,
            18.310573102705266,
            18.47023063773394,
            18.475158640158014,
            18.54115555453082,
            18.61805930842658,
            18.59064541001853,
            18.63752032724003,
            18.609917689504464,
            18.659416197897674,
            18.90429621910556,
            18.672370386931355,
            18.737117683463143,
            18.703107445151396,
            18.557089989806123,
            18.523217968360537,
            18.469326260659894,
            18.23350686335915,
            18.356465986476433,
            18.11144443155552,
            17.942404250147543,
            17.900775205561587,
            17.97320181994651,
            17.998895216652695,
            18.05974892115195,
            18.068357491345363,
            17.986231005037126,
            17.86743292105594,
            17.98248893850216,
            17.902635294231438,
            17.834263414470062,
            17.8303572578208,
            17.93203281446595,
            18.034582636396284,
            18.025204806627514,
            18.11053253596566,
            18.10154311145465,
            18.222412576909502,
            18.226417619917164,
            18.427417190031676,
            18.534088033132374,
            18.471973740560333,
            18.44134156641283,
            18.47006233540336,
            18.568208229731468,
            18.384797908459404,
            18.43499835954583,
            18.337901938291193
        ],
        [
            17.253979380634426,
            17.23049246665311,
            17.10300271310518,
            17.201052400858117,
            17.111219758674935,
            16.961810584594566,
            16.86230739098232,
            16.89237979498169,
            16.84771394398992,
            16.8644029828892,
            16.95846527992569,
            16.93458369700963,
            17.072302965609385,
            17.154127583935892,
            17.08447285828298,
            17.095811228832964,
            17.234447464093563,
            17.08614970748367,
            17.187934378150764,
            17.2654687132495,
            17.123007201576314,
            17.115419702987218,
            17.026034278295604,
            17.13143107031249,
            17.261973703194162,
            17.32523194841277,
            17.286854147116784,
            17.16647125548652,
            17.288220876871303,
            17.39594331813772,
            17.51196395600808,
            17.594846702388264,
            17.605263148258736,
            17.64458911928512,
            17.77916711453194,
            17.77656093459016,
            17.676295864489806,
            17.636710417278863,
            17.60340590379103,
            17.734270367566776,
            17.704636878010266,
            17.6555797797718,
            17.671957614631225,
            17.731003310625923,
            17.818391035367608,
            17.693938614491028,
            17.71700642711639,
            17.789224000069613,
            17.672816252748063,
            17.56396141520886,
            17.64653326156784,
            17.726509258695366,
            17.858916888973308,
            17.697988371183797,
            17.804261842701248,
            17.79305108499573,
            17.947762130205625,
            18.043876804002952,
            17.902491292414307,
            17.987033124757357,
            17.972948574110884,
            18.05139735044149,
            18.199095603763734,
            18.118300639278065,
            18.124753906430048,
            18.043128992302425,
            17.90047848585196,
            17.844667060456352,
            17.821152610389355,
            17.71734602842471,
            17.680501249643594,
            17.524787305368122,
            17.37339004831466,
            17.387045800749554,
            17.313074771028745,
            17.45605273585717,
            17.530893212612764,
            17.3943405021154,
            17.32217478249608,
            17.300796313127904,
            17.351400650184594,
            17.227940737778226,
            17.32418271302576,
            17.278736040667855,
            17.261383008694526,
            17.38952140839381,
            17.43785179753808,
            17.580189696862714,
            17.573227364660724,
            17.697675179605966,
            17.70867823969393,
            17.814484171177735,
            17.937330100983772,
            17.886165102669654,
            17.91389772288758,
            17.80587433955786,
            17.886227543976297,
            17.728977770233033,
            17.7933551906102,
            17.7866187499696
        ]
    ],
    "angle": 89921.9,
    "fluctuation": 521.48739,
    "buy_difference": 1.033992845
}