{
    "id": 42,
    "name": "Thomas & Betts Corporation",
    "record": [
        [
            17.215946482761122,
            16.96995479547789,
            17.45270602319772,
            17.128940040397385,
            16.890944236387707,
            17.33771682178538,
            16.755860214978675,
            16.583316336410125,
            16.50837772193648,
            16.393540625729415,
            16.805404423093005,
            16.62256227335032,
            16.66465530396885,
            16.913117978922205,
            16.665802607884746,
            17.11700549622866,
            17.161013088865342,
            16.974928003225795,
            17.134068353306837,
            17.480088480499344,
            17.3734211272014,
            17.339973057329935,
            16.97405458381783,
            17.06138236742852,
            17.556488333527774,
            17.510747925409103,
            17.698065680178,
            17.984589935575272,
            18.118216371202443,
            17.705737198553937,
            17.310749788138985,
            16.944057440662274,
            16.495499055774065,
            16.45535849302826,
            16.741800718051767,
            16.701475506797173,
            16.283660199995886,
            16.71272470896873,
            16.409290891585805,
            16.63861360174896,
            17.079388182176665,
            16.97229570827581,
            17.200924607886506,
            17.531318566192326,
            17.962574898678927,
            17.904398809298634,
            18.2512703572591,
            18.18684152561521,
            17.884825343958095,
            17.830304445093756,
            17.514182920179607,
            17.427864652705058,
            17.541173183015676,
            17.51645611389753,
            18.01181843231607,
            18.05563104238711,
            17.947516933898502,
            18.317677339742648,
            18.297161100714828,
            18.478830364707825,
            18.91255270677403,
            18.762932179058364,
            18.878235603911747,
            19.36876719582399,
            19.520152564396913,
            19.739013705516097,
            19.890661282025057,
            20.492470941460013,
            20.928984926022594,
            20.55647535506321,
            20.399644130460665,
            20.711205085535386,
            20.282955265487345,
            20.33963393994287,
            20.82670431941259,
            20.447121508764493,
            20.160982759750993,
            20.009650590861177,
            20.639806212520934,
            20.23052236944478,
            20.60689209550252,
            20.724172802110242,
            21.182247903462518,
            20.80153796930664,
            21.500600365012463,
            21.242496132292764,
            21.943177723000147,
            21.73440115093283,
            22.254274922654712,
            22.21888130890263,
            21.640695241206945,
            22.304913520689155,
            22.141691140024253,
            22.391996390691247,
            22.196191813515,
            22.831483902608905,
            22.86497833530896,
            22.427084869919586,
            22.99615413314664,
            22.89340145309336
        ],
        [
            16.91422050156965,
            16.63424682303908,
            17.169170631730395,
            16.852353478556083,
            16.59989868702693,
            16.954100645081166,
            16.50018229251068,
            16.205091483853714,
            16.212561695748207,
            16.054806436209066,
            16.43847912226658,
            16.26287033535953,
            16.405431649338166,
            16.62501935550681,
            16.373718425975685,
            16.838923871082926,
            16.929724264553162,
            16.68577650576687,
            16.816945270742444,
            17.14113566184397,
            16.99578753242886,
            16.96475722651314,
            16.656562110431597,
            16.82974489189261,
            17.316388781167106,
            17.111370628499017,
            17.438507324192,
            17.642904544150056,
            17.861460916890746,
            17.400652063130345,
            16.981866542070406,
            16.70226369642387,
            16.22426237212369,
            16.1896484713504,
            16.35344914937154,
            16.34985362879719,
            16.03036303717957,
            16.390289075692262,
            16.152419566327993,
            16.32413156213988,
            16.75825016620255,
            16.725060319996857,
            16.89946189946603,
            17.25169296018473,
            17.623069016399548,
            17.615290662687098,
            17.920637263531397,
            17.832402744474066,
            17.611920525645132,
            17.50729741021942,
            17.20723005925792,
            17.030377720361503,
            17.278712412721905,
            17.1665084824311,
            17.634368144747185,
            17.80512709833943,
            17.531196941050947,
            18.059909089921796,
            17.967493956260597,
            18.093398162295955,
            18.568082707250795,
            18.508193251695374,
            18.502929378032132,
            18.968556905205713,
            19.21073082198065,
            19.467110206582753,
            19.504965539467285,
            20.127277102841216,
            20.611697017583516,
            20.133732605281686,
            20.078294279004478,
            20.331941138457076,
            19.818377745574985,
            19.96318117459475,
            20.496571902770793,
            20.08474551724417,
            19.86929248394087,
            19.704323032219428,
            20.339146208084014,
            19.933823214755108,
            20.183112528313334,
            20.30405921034224,
            20.840211262206758,
            20.381890380223613,
            21.024875781801626,
            20.949882270697728,
            21.601845086962243,
            21.26409526532446,
            21.9411104645496,
            21.84696741237253,
            21.284855724665686,
            21.97558557715889,
            21.723196885828866,
            22.02159660222176,
            21.868469125983935,
            22.424606797765104,
            22.34570870932419,
            21.915577961643866,
            22.50976331733667,
            22.521476919763476
        ]
    ],
    "angle": 89035.6,
    "fluctuation": 1805.78642,
    "buy_difference": 1.018755478
}