{
    "id": 43,
    "name": "Levi Strauss & Co.",
    "record": [
        [
            54.98427946145372,
            54.31929046970908,
            54.572940663305566,
            54.702919397540605,
            55.336694155412424,
            56.57494268594774,
            57.20848460417658,
            58.303409239332154,
            58.540621391187486,
            58.73282751315738,
            58.27975409442034,
            56.63682571044974,
            56.95840851123828,
            56.50349778369286,
            56.624481451672665,
            55.684886938132784,
            54.828285181665755,
            54.61445217839615,
            53.568939871732994,
            53.010135233727816,
            52.97311405177237,
            53.65673796032305,
            53.23378930767762,
            53.11109876898088,
            53.445765732328084,
            52.42695063987912,
            51.70749052137821,
            50.70209023282616,
            50.182638086057686,
            50.42083049799518,
            51.45263893862259,
            50.23360398935872,
            49.77783936760138,
            50.08127863946618,
            51.15217307391047,
            51.9945044688243,
            50.88205182430575,
            49.926596363327604,
            50.99219807540176,
            50.2104429979356,
            49.72990822600228,
            49.26361762538222,
            49.11428260327974,
            48.08783785689844,
            46.91243742200168,
            46.513780371780506,
            46.412823746863225,
            46.92835506660111,
            46.33081142137896,
            46.87674880585217,
            45.81608626872787,
            46.05449326670731,
            47.16869309058331,
            47.05466154575131,
            46.74375294168052,
            46.70924654435256,
            47.96944210311574,
            48.434472742107445,
            47.84330566133133,
            47.148974226403965,
            46.701492914258004,
            46.625279076435255,
            47.32930292085619,
            47.00390067209964,
            47.27055569374023,
            46.9954724585831,
            46.83498993233193,
            48.39575996617453,
            47.05911817664397,
            46.00828105286936,
            46.46480588309888,
            47.65947678624941,
            47.296725090291346,
            47.65069171395712,
            48.54307483606942,
            48.792819190815834,
            48.302743516001975,
            47.738874762172806,
            47.29295062367528,
            48.39827335901148,
            49.268623013689165,
            49.345721732403675,
            49.17804006938885,
            48.7347247415855,
            49.92473936633766,
            49.08341902430524,
            47.64158289500448,
            47.368032157248486,
            46.652294790179525,
            46.531025070564134,
            46.781469548183935,
            47.57598132952676,
            47.8360318794717,
            47.61624910699342,
            47.14334915906408,
            46.73108262916254,
            45.416429849150056,
            44.34715075371176,
            45.15217790491903,
            46.1743850005224
        ],
        [
            53.30524319035601,
            52.59241548087971,
            53.022731636118166,
            53.34618216404717,
            53.68970680729963,
            54.97335571486259,
            55.57785815028912,
            56.61895346256898,
            57.22065236562432,
            57.09867353255987,
            56.692204534552324,
            55.193387808978564,
            55.24111269834471,
            55.190637967902965,
            54.868015116250334,
            54.20596993667146,
            53.06938073044158,
            52.9572658137891,
            52.27177232355891,
            51.32998934552818,
            51.38622237922625,
            52.3837203317159,
            51.76298534802162,
            51.726422097843134,
            52.14634946063441,
            51.203667509358176,
            50.29897044275707,
            49.247079407421225,
            48.89879148392884,
            49.1801589475239,
            50.00105500112025,
            49.10094089606361,
            48.26260077552165,
            48.54712489494269,
            49.52598452207609,
            50.61359914837472,
            49.5207796902213,
            48.43096784637646,
            49.36618130578128,
            48.970037557669976,
            48.27387252564893,
            48.00809223263514,
            47.690550335644346,
            46.56370322318272,
            45.67107584982691,
            45.31925582601283,
            45.29348486104213,
            45.52254351116385,
            44.98776683821441,
            45.58614167217433,
            44.430301248998425,
            45.00701468478773,
            46.04498412121603,
            45.70888641074944,
            45.361567197098786,
            45.37788226188016,
            46.49071419858805,
            46.97417356216603,
            46.521436143401495,
            45.84170569501935,
            45.198800054557985,
            45.19248999259813,
            46.19713130801124,
            45.81055587307982,
            45.854492988540166,
            45.82530020403615,
            45.72840956367122,
            47.030416822280216,
            45.80929019328935,
            44.64338869229599,
            45.3533140382863,
            46.47277103601691,
            46.17923520585928,
            46.25091727117637,
            47.1359008257595,
            47.463695212262266,
            46.851087532982234,
            46.53619617922343,
            46.17091521598231,
            46.967164402427336,
            47.692819875836534,
            47.781718714803546,
            47.733398634834074,
            47.506957853810405,
            48.63774562109333,
            47.62254805308112,
            46.33455093511306,
            46.25350047884946,
            45.57290436988544,
            45.065205978414824,
            45.42082684469166,
            46.19684157235268,
            46.48183580309449,
            46.44924597621873,
            46.043348814991525,
            45.4036308689777,
            44.201382142412015,
            43.04442027903517,
            44.06324203701886,
            44.755451836107774
        ]
    ],
    "angle": 89223.4,
    "fluctuation": 1594.3120589999999,
    "buy_difference": 1.028105771
}