{
    "id": 44,
    "name": "Crompton Corp.",
    "record": [
        [
            11.080315570446336,
            11.3374000703286,
            11.516643650050074,
            11.395856842827527,
            11.28964426157057,
            11.403295824358915,
            11.42985890178798,
            11.38191519881383,
            11.422979616851167,
            11.312066262194342,
            11.14147145295094,
            11.34878646572428,
            11.085169350571327,
            10.897430716477714,
            10.874432212151218,
            10.902391403646401,
            10.643172945895696,
            10.790886687844905,
            10.84591531703834,
            10.730978090565946,
            10.928570297703477,
            10.743342161889771,
            10.622352729713459,
            10.57354166988874,
            10.729500928965036,
            10.497227858651694,
            10.705679671989367,
            10.690381863181889,
            10.941683396288598,
            10.699598142451814,
            10.655064228029618,
            10.611729390671002,
            10.61569761088282,
            10.634687290999807,
            10.794830797017152,
            10.567930007466963,
            10.773994972221265,
            10.74945634502927,
            10.82148632306532,
            10.963393864323422,
            11.279667666772614,
            11.138527222510161,
            11.043117186214031,
            10.984475768743858,
            11.24100691416283,
            11.416800322845194,
            11.59250434757838,
            11.540379351073698,
            11.360683218559863,
            11.256251629064005,
            11.236286255668414,
            11.521663483670132,
            11.32778806532498,
            11.519259960991906,
            11.572553018070556,
            11.841755147373652,
            11.775711854624877,
            11.972437139541185,
            12.026412806645371,
            12.111378410195298,
            12.116479770299268,
            12.174310243266879,
            11.940512428379424,
            11.98050372101523,
            11.943797456147408,
            12.057389837324926,
            11.726730470928784,
            11.690526584226426,
            11.768487484233926,
            11.599868520268387,
            11.772419145944575,
            11.613038340992501,
            11.850621033372903,
            11.857354345175379,
            11.753050016838232,
            11.565226891229873,
            11.576163113255609,
            11.397299282898409,
            11.524858170668214,
            11.573846033490662,
            11.471426367974198,
            11.514141759370625,
            11.549292711966485,
            11.62750322909252,
            11.484185859233829,
            11.593499369228027,
            11.561369858163612,
            11.312133221917154,
            11.067069321078673,
            11.390559547335826,
            11.343632071753932,
            11.309132059997914,
            11.183134742224707,
            11.097362531828505,
            10.955107475252705,
            10.826016829646358,
            10.907321585214659,
            10.905139550769922,
            11.076874440505783,
            11.018907233517755
        ],
        [
            10.821900657386415,
            11.059732341353639,
            11.29884162113988,
            11.180339126298446,
            11.090602201153697,
            11.114034544508186,
            11.172219900844306,
            11.09651460551401,
            11.208073587257108,
            11.062612057345849,
            10.841560566112504,
            11.059805442798464,
            10.838550543103382,
            10.601978755935766,
            10.601756713262413,
            10.652382305710043,
            10.424108497789517,
            10.5751377907179,
            10.605679914098241,
            10.544964021263814,
            10.688642041500078,
            10.477087772919285,
            10.347743845513854,
            10.344512075831709,
            10.450039747892713,
            10.297671675737183,
            10.513764174946584,
            10.481895451107153,
            10.659881239572336,
            10.481472179833549,
            10.450410515163336,
            10.394353338884889,
            10.37848559101065,
            10.440898327346838,
            10.582185016912126,
            10.377441551054225,
            10.539568843329898,
            10.552516423845722,
            10.558560861678494,
            10.751739491965555,
            10.986971240939614,
            10.9366552807339,
            10.794195681267453,
            10.765935400345159,
            10.938416689270172,
            11.177334044634621,
            11.35276295673765,
            11.266733097779605,
            11.110156910356313,
            11.051136304266498,
            10.995101535602364,
            11.237240612288556,
            11.061391755836548,
            11.292343757607359,
            11.366239152592884,
            11.584096142924913,
            11.514881597370499,
            11.672229256844433,
            11.720176973810824,
            11.862094438139046,
            11.83744678706824,
            11.876145491549995,
            11.657378192576891,
            11.662650180006713,
            11.652440833699126,
            11.75974206764657,
            11.501493074016203,
            11.375835996875415,
            11.485991678957058,
            11.320290321655762,
            11.474938346638496,
            11.395700217402243,
            11.559230582454475,
            11.580817348304834,
            11.457200841207946,
            11.321513755071397,
            11.28026794449808,
            11.134828459691194,
            11.229155283094572,
            11.27014771964,
            11.171528142592908,
            11.21759598455612,
            11.249599777958355,
            11.41218507845937,
            11.198454051971533,
            11.39024459483271,
            11.28948039085681,
            11.081519892757925,
            10.875229343185842,
            11.129355980890088,
            11.117946150629278,
            11.047587782794466,
            10.888604298375808,
            10.825573635546279,
            10.71995820354566,
            10.565089882233641,
            10.648686440349158,
            10.678543796366528,
            10.81745922410478,
            10.730839244501269
        ]
    ],
    "angle": 91232.20000000001,
    "fluctuation": 1325.307746,
    "buy_difference": 1.022753855
}