{
    "id": 45,
    "name": "Comdisco Inc.",
    "record": [
        [
            1.8399562635654703,
            1.8325598577856024,
            1.8352109494075561,
            1.8245515319043704,
            1.8183879834810208,
            1.8266371174548186,
            1.8349509407372009,
            1.8135653096512132,
            1.8230327337523935,
            1.8241284546426972,
            1.820826853205736,
            1.8162470783461886,
            1.8230284255289402,
            1.8184367031634927,
            1.814938926192356,
            1.8235177264126246,
            1.835512944367868,
            1.827286124595635,
            1.8242423964404377,
            1.8410339235843542,
            1.8453192446842142,
            1.8255398411265462,
            1.8314678567984601,
            1.8245688537498248,
            1.81556431487714,
            1.8150407449839179,
            1.8002325578092184,
            1.808864006378188,
            1.801437022913708,
            1.8186755524295566,
            1.8091858671786663,
            1.803540186465979,
            1.8114768663594316,
            1.8065090057203215,
            1.8195379014140454,
            1.811808425905637,
            1.8163157918264377,
            1.818603064319514,
            1.8176230381264753,
            1.8032349842331092,
            1.8102970285039248,
            1.8095518636178716,
            1.79166627959896,
            1.7924519102363587,
            1.7843069855750047,
            1.7772060520445525,
            1.7837199777459363,
            1.7841694655877902,
            1.7997090882474909,
            1.7947215673110872,
            1.8020639798894342,
            1.7955119869353293,
            1.8107037645190487,
            1.8117039864190638,
            1.8031160156774513,
            1.8052393335032615,
            1.8086189900458705,
            1.8076800556673265,
            1.810822067484404,
            1.7929567335238312,
            1.7894841374547164,
            1.7875689653565066,
            1.7884013318103886,
            1.797861882552404,
            1.7899640531178875,
            1.789904553923615,
            1.789107420398099,
            1.7889111295466897,
            1.7730669326657416,
            1.7940461848325342,
            1.7877928692900376,
            1.7811396408207083,
            1.7741380840356076,
            1.7664215937969667,
            1.7722548649812047,
            1.7621045904371777,
            1.7659939984739692,
            1.7586324701976952,
            1.7633225220630875,
            1.7556236543761472,
            1.7431573629084411,
            1.7386338268570285,
            1.7405697082063385,
            1.7469761726032875,
            1.756117383307109,
            1.7465377824650736,
            1.7639240671064096,
            1.7529894365258998,
            1.739870792537432,
            1.7561958013463916,
            1.7605897998792746,
            1.7520059356196414,
            1.7459113297746385,
            1.7480530974233672,
            1.7594459637867919,
            1.7531278355777176,
            1.7573286011667775,
            1.7593551277337818,
            1.7521539467219471,
            1.7555193000812797
        ],
        [
            1.7602884058059538,
            1.7611183132284793,
            1.7538239705942409,
            1.7539494805868678,
            1.7522399271569093,
            1.7559543632273216,
            1.7518297728991414,
            1.7468905627773517,
            1.752138182500456,
            1.7441019659817854,
            1.7416397815675992,
            1.7382994543434178,
            1.746532814110164,
            1.7507036417535835,
            1.7462842769761395,
            1.7533071838309962,
            1.7539377907974962,
            1.7574591002452218,
            1.7529494406379602,
            1.7593887105467332,
            1.7613777071954275,
            1.7543719688485626,
            1.749026826097421,
            1.7420914112271675,
            1.7439115433948023,
            1.738359315698411,
            1.730918559471756,
            1.732097560791374,
            1.7355568113383946,
            1.7421885459526403,
            1.737436782267963,
            1.7306285553179197,
            1.7309699410250874,
            1.734345047400659,
            1.74249245426926,
            1.7401295919118864,
            1.7336935894241834,
            1.7382990505840892,
            1.734768705188212,
            1.7273973529776672,
            1.7317406199392242,
            1.729992383981264,
            1.7230276108103335,
            1.7165533764370018,
            1.7168110668854997,
            1.711008748365089,
            1.7126378168189007,
            1.716334345538833,
            1.717500413293075,
            1.7247551319589463,
            1.7228337155381088,
            1.7227525327376265,
            1.729714145065645,
            1.7375929996378285,
            1.7326486969355643,
            1.736254794518295,
            1.7342873083993606,
            1.729927453938384,
            1.7348386438125316,
            1.726692785033314,
            1.7214469506116192,
            1.7189148903880775,
            1.712161383018899,
            1.71950204451475,
            1.7158843491526452,
            1.7196089394163014,
            1.712495453061882,
            1.7157325252777398,
            1.7078810866988057,
            1.7156815478710528,
            1.7158612324388043,
            1.7086207014920163,
            1.70258545100993,
            1.696028782390584,
            1.6950111092015814,
            1.6973217690480413,
            1.6898657803725332,
            1.685849459528303,
            1.6834460392345323,
            1.6827969545708819,
            1.6799147956265215,
            1.6720268293680465,
            1.675064384588561,
            1.681736038278875,
            1.6854602059270758,
            1.6823272663442674,
            1.6843556969893834,
            1.6829634049746083,
            1.6759053846922805,
            1.6793170210895059,
            1.683015224483295,
            1.6847177083230935,
            1.681723844847879,
            1.6799060119586156,
            1.6830961969792015,
            1.6873192187342803,
            1.6845995526044182,
            1.6825058096745322,
            1.6882456673955941,
            1.6909785833272695
        ]
    ],
    "angle": 90027.0,
    "fluctuation": 274.51899000000003,
    "buy_difference": 1.042755798
}