{
    "id": 46,
    "name": "Protective Life Corp",
    "record": [
        [
            21.837856353800024,
            21.634861802660843,
            21.399651904441257,
            21.617394130736912,
            21.302038154395806,
            21.129239339160737,
            21.12493387725402,
            20.82365957689159,
            21.29563790471149,
            20.875095400589643,
            21.152218804978403,
            21.059222382707738,
            20.927796499342822,
            20.94828710979442,
            21.372092406712206,
            21.204082315861093,
            21.190417997670696,
            21.26530585898385,
            21.510533995861916,
            21.824381678353596,
            21.650301537081848,
            22.038969819172642,
            21.795410225128077,
            21.469331063743514,
            21.697819554242415,
            21.704951962533276,
            21.84975485283694,
            21.888990084954788,
            21.47372699037501,
            21.18712358965618,
            21.61522720450048,
            21.912636973581606,
            22.141398664100656,
            21.98301640659718,
            21.68014060016007,
            21.791325976554372,
            21.60853080932585,
            22.17704043471407,
            22.45852157342168,
            22.19943739453983,
            22.234375555114042,
            22.33259210017862,
            22.04863188519022,
            22.179516376362653,
            22.10308600726813,
            22.156635657122134,
            21.781736698949686,
            21.76530961452136,
            21.92310624272005,
            21.609521661493655,
            21.293884846397052,
            21.391023387808293,
            21.307880817503317,
            21.39966110302722,
            21.424049769243794,
            21.628322571320258,
            21.45426249865149,
            21.65366556046362,
            21.952893384720838,
            21.625073738323856,
            21.308888842477387,
            20.877816069893136,
            21.223095768503956,
            21.083741036851485,
            21.1101220725919,
            21.15733648016098,
            21.229289504068372,
            20.91136110955144,
            20.67013164329028,
            20.945941283060282,
            21.404059508215408,
            21.340085847796743,
            21.63573612005209,
            21.858018905294532,
            21.633631569094636,
            21.702345056576345,
            21.58765223834002,
            21.171038716619307,
            21.32185054766409,
            21.224319855513045,
            21.52879710193028,
            21.85805541580028,
            22.114960970088543,
            22.24146916994537,
            22.145444940685692,
            22.291773018638494,
            21.802246380843705,
            21.86217735924004,
            21.759195476247132,
            21.992921218065394,
            22.05836639277064,
            22.1275461959584,
            21.71355635730351,
            21.987907142535086,
            21.9240990817779,
            21.493698903505667,
            21.163382355531848,
            21.11371829254102,
            21.14745335004149,
            20.83406282537473
        ],
        [
            21.267903350837123,
            21.070206817604667,
            20.872363089166495,
            21.16720151121655,
            20.814579624013227,
            20.647801222924777,
            20.68914642686929,
            20.385908231019783,
            20.727432221250915,
            20.350567588418986,
            20.608382445426592,
            20.660018212547506,
            20.377530494221865,
            20.538804382342683,
            20.941708670526644,
            20.689879206112003,
            20.686882456172565,
            20.866388100776984,
            21.109137289429757,
            21.22937117359849,
            21.110510504213032,
            21.500223488728164,
            21.32226641215401,
            21.051777171454432,
            21.10625958451094,
            21.138467672601646,
            21.39257794509872,
            21.332596619835712,
            20.973944217684696,
            20.667135928591573,
            21.01963697745825,
            21.347119776330857,
            21.671600417886165,
            21.50149147634022,
            21.264893078604455,
            21.3460735469243,
            21.17126119703881,
            21.559528446694852,
            21.889836091997903,
            21.74802799111642,
            21.654073674227416,
            21.704266074366004,
            21.608961204799318,
            21.64598497008825,
            21.618931023654536,
            21.66479719318352,
            21.281171529014063,
            21.165583987197945,
            21.43645172232961,
            21.146769302020502,
            20.8170286951004,
            20.834810495403982,
            20.834883222866285,
            20.935108376280844,
            20.877390783194375,
            21.156686270447675,
            20.915181974505252,
            21.21122588462348,
            21.446248957784427,
            21.052275142533592,
            20.748602567843324,
            20.428685286491945,
            20.745747803528737,
            20.648803355890767,
            20.685013803544646,
            20.598980908238605,
            20.699995254339566,
            20.398141384041285,
            20.25591645403056,
            20.532381028146116,
            20.86832393169755,
            20.733492970399755,
            21.09420176488851,
            21.35570069720085,
            21.168241421872693,
            21.144364617827865,
            20.984462306417907,
            20.659701445539355,
            20.90506565872233,
            20.749021545543012,
            21.010918839921356,
            21.357873438245786,
            21.576512734290034,
            21.728164786584507,
            21.601937556627,
            21.729478919411015,
            21.35891356762171,
            21.413329047788707,
            21.34029011269793,
            21.57385003408833,
            21.577352375411117,
            21.524270344890056,
            21.15317699500527,
            21.50412100958263,
            21.30938695059745,
            21.003956431240326,
            20.66462134407593,
            20.624377473446945,
            20.657330672421093,
            20.42681287577639
        ]
    ],
    "angle": 89462.40000000001,
    "fluctuation": 1106.319838,
    "buy_difference": 1.024135986
}