{
    "id": 47,
    "name": "Motorola Inc.",
    "record": [
        [
            21.50657989937655,
            21.538497010246733,
            21.392260392381978,
            21.533680697187588,
            21.427406793321737,
            21.496191333184793,
            21.536621471238732,
            21.39141491847117,
            21.50896815024893,
            21.422652879610585,
            21.514103540976617,
            21.551217888028216,
            21.36888886350583,
            21.363714783708016,
            21.416992429367813,
            21.45988646587766,
            21.35675133216492,
            21.487188893611947,
            21.360734567424235,
            21.35830301674973,
            21.269812277567414,
            21.256056179655904,
            21.241447188403868,
            21.35994433048311,
            21.350413078457258,
            21.212175060907576,
            21.242841299087754,
            21.33592670844021,
            21.364896442100704,
            21.206109180867944,
            21.23609734911301,
            21.233930923694867,
            21.30322481927907,
            21.111402707952404,
            21.241634123804776,
            21.18603332685822,
            21.172926995222902,
            21.102433098195124,
            21.148480405424262,
            21.29574584295896,
            21.121662871311845,
            21.203709561185768,
            21.23404682329665,
            21.139023527380484,
            21.251663980437037,
            21.24273938757565,
            21.212752527953914,
            21.119357166582713,
            21.20571809236429,
            21.110448227376388,
            21.162454022744146,
            21.169173668688536,
            21.132421054494323,
            21.051792481588205,
            21.134545450719646,
            21.138309470666623,
            21.15213953955627,
            21.009453657281323,
            21.07055817138348,
            21.065006741660007,
            21.11208507623302,
            21.128924029370413,
            21.229490621981366,
            21.19531255179405,
            21.26464063989229,
            21.1830144701199,
            21.024114308884073,
            21.10849051894135,
            21.070873709313844,
            21.00437882627493,
            21.072513633138392,
            20.982287934819805,
            20.944284406455072,
            21.092387791086168,
            21.06428898677226,
            20.94330827936211,
            21.052884757718186,
            21.025220154242295,
            20.945742683517274,
            21.06040649865741,
            21.006958285333866,
            20.984046485324036,
            20.985268171902177,
            20.8839622060448,
            21.028823728946232,
            21.033574527268268,
            20.99613051289239,
            21.028969450252198,
            20.941436184188582,
            20.963722785318875,
            20.981653167296074,
            21.09294208279182,
            21.056100060832783,
            21.062955253330642,
            20.98414852732783,
            20.925586718956854,
            20.885839604453082,
            20.909063154928205,
            20.977697748140912,
            21.02959654344615
        ],
        [
            20.478904948925084,
            20.50520937288709,
            20.48233039499689,
            20.53336291245972,
            20.487236456157472,
            20.483303944131,
            20.49117198915133,
            20.522656695900665,
            20.475056765718495,
            20.51759897445248,
            20.55778466414226,
            20.51731997940676,
            20.472263426272985,
            20.4488508061602,
            20.48958263571066,
            20.48958263571066,
            20.466792456399556,
            20.44210314758968,
            20.429623401600317,
            20.378335977452583,
            20.332486961844335,
            20.307145470087022,
            20.354251406163005,
            20.337249209283446,
            20.356576943870113,
            20.334360112183976,
            20.333153518565563,
            20.29415613979049,
            20.315643372695096,
            20.312240024228984,
            20.33484778955403,
            20.288036731237387,
            20.289311546278554,
            20.245883963092965,
            20.210504175076355,
            20.240248570399956,
            20.225704759819596,
            20.21293404319961,
            20.23472416893896,
            20.25997143144411,
            20.26793062898548,
            20.259161620224923,
            20.227459022023883,
            20.270337626854044,
            20.240204712372982,
            20.2417944991937,
            20.195092153087618,
            20.208883173603834,
            20.16829723304704,
            20.184185081347582,
            20.183410094034844,
            20.13554516067767,
            20.162817988290378,
            20.20697326571264,
            20.170888322496612,
            20.13023843477712,
            20.15345354155961,
            20.170386647139328,
            20.196577149727794,
            20.17910843454759,
            20.157507005894537,
            20.195786633709897,
            20.20901340110666,
            20.186535293704463,
            20.222324013257015,
            20.190925352847195,
            20.141955399965315,
            20.158104178997768,
            20.116148592836705,
            20.153362932263065,
            20.113694286504916,
            20.075712328032736,
            20.09166761807865,
            20.05851438300024,
            20.073754741972724,
            20.0484561422029,
            20.060885703384486,
            20.0245383343306,
            20.002683884096008,
            20.03408340371846,
            20.08322603698881,
            20.069355095616395,
            20.068514467648377,
            20.045878105096328,
            20.008024208199974,
            20.036490000117222,
            20.050803057420396,
            20.07413701387266,
            20.101045623056677,
            20.078057537409126,
            20.061041162174273,
            20.065033452388175,
            20.089998773685725,
            20.042494955955583,
            20.015351728899958,
            19.989429850634956,
            20.00346472759984,
            20.0076551210588,
            20.037206046301883,
            20.086778066433503
        ]
    ],
    "angle": 90073.5,
    "fluctuation": 145.391707,
    "buy_difference": 1.046727922
}