{
    "id": 48,
    "name": "Jefferson-Pilot Co.",
    "record": [
        [
            1.528350523107515,
            1.507593643217478,
            1.5342534756039574,
            1.5248690919473662,
            1.5112648442872005,
            1.534042138471317,
            1.5087452639525736,
            1.4955165111481021,
            1.529588783178006,
            1.5170676383894066,
            1.5588489659009936,
            1.5327236965008453,
            1.550016753800819,
            1.5901553264088149,
            1.5815133768912666,
            1.55495734845098,
            1.5794141362242062,
            1.584732202076977,
            1.5949340908691818,
            1.582369007156398,
            1.5743415017233915,
            1.587341552052,
            1.5901074126268084,
            1.5674989040954688,
            1.561332912277271,
            1.5733125523970533,
            1.5674867965508035,
            1.5848867075534387,
            1.5773482146396736,
            1.578115090764304,
            1.5907449114225711,
            1.6111569113102508,
            1.6065960341488186,
            1.5634201746284315,
            1.5612572018232467,
            1.5190314305224248,
            1.514128920291661,
            1.5539920681355959,
            1.53018707330121,
            1.525717447729572,
            1.5105945960949263,
            1.530980825786701,
            1.5327950975998632,
            1.5091193101591829,
            1.5447773883432638,
            1.5316546239773998,
            1.5454040388963155,
            1.50474832710511,
            1.508568976643324,
            1.5213124587650244,
            1.4967941088917005,
            1.4884259902129717,
            1.5174908899255757,
            1.4959111535103011,
            1.4974676937307232,
            1.4779611171374218,
            1.5035593733013763,
            1.4732880311118208,
            1.4675391963489544,
            1.4895017403653397,
            1.4623843090035067,
            1.4548967944328346,
            1.4613133750943919,
            1.490913643080961,
            1.5074135997201505,
            1.4817551088206904,
            1.4917397521609956,
            1.5007628571620695,
            1.49618500531616,
            1.5300598605312277,
            1.4872052412873302,
            1.473408710943168,
            1.4679216651181048,
            1.4645504024279212,
            1.4694678631910998,
            1.454600685445559,
            1.437615565224885,
            1.438241438951392,
            1.4359187667735798,
            1.404053948536583,
            1.387764565452581,
            1.382099901817488,
            1.3781673295794206,
            1.3889920096408968,
            1.3745333390399521,
            1.348399420890685,
            1.3766754992308436,
            1.3705513927641366,
            1.374610404067913,
            1.3701477237675617,
            1.3719401460756195,
            1.3400482542376797,
            1.3623087703792796,
            1.3838268101124573,
            1.3849418291717261,
            1.3986229000181813,
            1.4252005798535756,
            1.4031704590565999,
            1.3985924000540215,
            1.395086032828286
        ],
        [
            1.4890948012763168,
            1.4765268000921923,
            1.4932083566572365,
            1.4865921668729527,
            1.4780483111373368,
            1.4965801557656897,
            1.4798796262790859,
            1.4682304166847842,
            1.4961192494992421,
            1.4890891137307134,
            1.5212368315977047,
            1.5020423036649306,
            1.521124964784424,
            1.5483858015618497,
            1.548612840061377,
            1.5232198320842272,
            1.535937002435421,
            1.5481963582388063,
            1.5658340963577118,
            1.546042219850202,
            1.5372767297839747,
            1.5540083148169312,
            1.5472598420344332,
            1.5379723308650686,
            1.531461156447916,
            1.5338196103440216,
            1.526312719019848,
            1.5519159946559218,
            1.5363744063213112,
            1.5471457310447523,
            1.5486512496318208,
            1.5757448211286582,
            1.5647065015984938,
            1.534432656293798,
            1.5179777356252848,
            1.4902681862674605,
            1.4848621761164045,
            1.5122682681261324,
            1.4994060807789618,
            1.493229458773941,
            1.4737052126712646,
            1.5013883495021245,
            1.5024136321487118,
            1.4808411120628024,
            1.509162698775351,
            1.4976901300279042,
            1.503012697265262,
            1.4715277370666788,
            1.4797067117364104,
            1.4854961512669411,
            1.4614089990099854,
            1.4507743627318084,
            1.4754246656035666,
            1.4601092345987474,
            1.4603156818638727,
            1.4501211441442512,
            1.4659636200128396,
            1.4455360838368094,
            1.434852878413697,
            1.4496538422984464,
            1.4331109392734984,
            1.4212122002469811,
            1.423070026576526,
            1.4527643448109198,
            1.4672326533131939,
            1.4464364738647877,
            1.4561831264796337,
            1.4704263018463963,
            1.456883852958706,
            1.4889786266354172,
            1.4591911391078807,
            1.4457996656380698,
            1.4382489646108845,
            1.4287854384342022,
            1.42958636513963,
            1.425769108061677,
            1.4025083617842655,
            1.4013001712252013,
            1.4039367267321745,
            1.3788522217582992,
            1.3559053543758508,
            1.3443218920184534,
            1.3431708529477189,
            1.3565620492999755,
            1.3392284154708811,
            1.322070708748075,
            1.3502011134501164,
            1.33255846462492,
            1.3449358979020596,
            1.3329617837790562,
            1.3372351760964936,
            1.3091535745635534,
            1.330634802966156,
            1.3458676268896783,
            1.3491005233814377,
            1.3663777876915806,
            1.3915079839100064,
            1.3726045322932925,
            1.3637573700222048,
            1.3663376236510913
        ]
    ],
    "angle": 89512.3,
    "fluctuation": 1247.06309,
    "buy_difference": 1.023394294
}