{
    "id": 49,
    "name": "Alberto-Culver Company",
    "record": [
        [
            29.954975605557454,
            29.280071233142902,
            30.133032477542827,
            29.280378248198918,
            29.89520273537476,
            29.56296311462466,
            29.874056459619503,
            29.781753960343046,
            30.375525216841208,
            29.746822541841876,
            29.133266910851578,
            29.339125210587614,
            29.553053940460785,
            30.317597009431,
            30.397628501545054,
            30.166234127455077,
            31.10676734225453,
            30.236595933036764,
            29.906430434211675,
            29.964030624772516,
            29.884278327694894,
            30.210138460592532,
            30.77576947454413,
            31.34655222783462,
            31.191739348679832,
            30.646133617567013,
            30.471158975322346,
            30.139238411411718,
            30.434153421440012,
            30.808646268664095,
            31.130151720402512,
            30.303883839292766,
            30.4957803291491,
            30.026708887915664,
            30.388269057073064,
            29.77037233932427,
            29.476270058364147,
            29.444077258912323,
            29.368567250811395,
            29.57686928872829,
            30.097419093716532,
            29.43279197208694,
            30.251713109302628,
            30.517295191595764,
            30.39399500824016,
            30.140014664054714,
            29.786833334641038,
            29.898043356297116,
            30.029153602394164,
            30.277098655327382,
            30.007611659537034,
            30.51640272699858,
            30.49042236825115,
            30.70025389787067,
            30.525507603870437,
            31.253581218819747,
            30.963330479792123,
            31.962275303765693,
            31.66844918473458,
            31.200237757175117,
            30.79342282717521,
            30.499349562446586,
            30.769110839254157,
            30.501219512089044,
            30.837478412195356,
            29.94590358208651,
            29.140837305425787,
            28.81580535171773,
            29.072184277823407,
            29.725459214135597,
            29.885725569397795,
            29.508554466218825,
            29.745092092004437,
            30.59410336684114,
            29.788421388142886,
            29.938471975623983,
            30.146557193983504,
            29.72492006755187,
            30.18289680336133,
            30.21559644506109,
            30.564168116771164,
            30.409689576769672,
            29.823463217747328,
            29.792011066900795,
            30.480698834912314,
            30.313258259305236,
            30.716142144348385,
            30.450280611970232,
            31.533339084176838,
            31.070330458319283,
            31.530529029732598,
            30.792775611007563,
            30.091821681040273,
            30.779033777191596,
            31.249863945938866,
            30.576726359817336,
            30.626712309914495,
            30.588503103306415,
            31.380142845156808,
            31.14721074416489
        ],
        [
            28.592306392343048,
            27.936945770006222,
            28.699219636331087,
            27.970739937349297,
            28.580913594987834,
            28.192791268099395,
            28.652393807306343,
            28.421288956057452,
            29.02850699324321,
            28.373790426777358,
            27.835771783386225,
            28.057701176567857,
            28.370135950450436,
            29.12454988056785,
            29.101997982468554,
            28.929720679693794,
            29.600079642263786,
            28.863997724452094,
            28.614541610799638,
            28.592384625396907,
            28.60766314081171,
            28.74401864609142,
            29.29386190879608,
            29.911619341269585,
            29.92519896533627,
            29.413555482304513,
            29.140291910433714,
            28.88065282353345,
            29.192515212392813,
            29.30473014577752,
            29.66958534272771,
            28.95714774295532,
            29.120140205576227,
            28.67222819979315,
            29.005889073453016,
            28.373604174484925,
            28.270874389768736,
            28.149621043557374,
            28.097100635401233,
            28.214497007965893,
            28.898515918720943,
            28.172642446181587,
            28.956501905123776,
            29.149419767073066,
            28.973745093340977,
            28.76031274568549,
            28.542963843588588,
            28.620840146361516,
            28.801148443931417,
            29.018573833541836,
            28.631112709554284,
            29.198164507279422,
            29.167467691701074,
            29.37407373157439,
            29.1078203351635,
            29.813976089844754,
            29.57841791192501,
            30.40204507702042,
            30.352090248888196,
            29.757150780945363,
            29.383810223420333,
            29.08577846858272,
            29.555325815212928,
            29.13115386030858,
            29.34967705091161,
            28.609356916921854,
            27.882020339537345,
            27.6651753444948,
            27.92533989623112,
            28.464179786568245,
            28.531904414622804,
            28.262140566433306,
            28.448782948923995,
            29.132546469652493,
            28.570260676340972,
            28.545200830231384,
            28.835636964614043,
            28.537988639657925,
            28.844420785420283,
            28.96834123544686,
            29.217547062484048,
            29.072781942221567,
            28.435544328941084,
            28.36312153955945,
            29.027451024449803,
            29.050317790696795,
            29.307141725090467,
            29.225579624782476,
            30.029903870015556,
            29.701408490641956,
            30.168482892551932,
            29.433139067326053,
            28.806340528115946,
            29.44650319890131,
            29.873031945393823,
            29.314564240510087,
            29.186856377768876,
            29.237886089720163,
            30.033611244076486,
            29.768947732585435
        ]
    ],
    "angle": 88655.8,
    "fluctuation": 1556.2116449999999,
    "buy_difference": 1.046089463
}