{
    "id": 5,
    "name": "Paychex Inc",
    "record": [
        [
            36.39469330169048,
            36.452551902291844,
            36.04874246794843,
            36.521088445514344,
            36.735897715992756,
            36.55345682479136,
            37.08630426958781,
            37.08392138784244,
            36.94819230049088,
            36.54539918728946,
            36.81597485803857,
            36.803751472614124,
            36.30184938178356,
            36.78710165401078,
            36.85724251425202,
            36.61911661215872,
            36.16268296274454,
            35.892352176269455,
            36.48225270736781,
            36.45719476486047,
            36.39155667240046,
            35.8276068005367,
            35.627270451618465,
            35.36595204786813,
            35.28738789826159,
            35.51832740959046,
            34.7915211441367,
            35.14359825229468,
            35.39065154070724,
            35.81036467730892,
            36.02565957028812,
            36.09474619703576,
            36.108719880543575,
            36.20243095210798,
            35.69269383239772,
            35.637358907881186,
            35.881850561197645,
            36.23407858514249,
            36.845977077823065,
            37.10110150302724,
            37.53596605015602,
            37.78644445377612,
            37.94983841210024,
            37.60284215906017,
            37.41735187221457,
            37.04131469552992,
            37.24598504601099,
            37.67412024637303,
            37.949065152114166,
            37.55670529868434,
            37.79145792336772,
            37.358427471815084,
            37.73163651842811,
            38.22711022293059,
            37.58916712307937,
            37.86749128389697,
            37.73668126504485,
            37.45708512160545,
            38.038164448313694,
            38.020845629273694,
            38.295598900832154,
            38.98141009500324,
            38.955700526655725,
            38.735134676210365,
            38.688254513827495,
            38.213398487851116,
            37.82262940033212,
            37.77674257342124,
            37.90637869766342,
            37.95023880465748,
            38.27491610362426,
            38.19143296962341,
            38.084995378844425,
            37.39299727733541,
            37.327991723198984,
            37.91448244827523,
            38.011895007105466,
            37.96904804640931,
            38.0920730389333,
            38.439816954928915,
            38.787483309482425,
            38.628591167789715,
            39.00843976803293,
            39.05845572509066,
            39.136329626047086,
            39.00450318246284,
            39.325329075301525,
            39.14699057280157,
            39.4690148870213,
            39.47042148864014,
            39.29222811428602,
            39.58520627373867,
            39.49074761624998,
            38.81462834171819,
            38.867393821984805,
            38.74825628976742,
            38.02447286491285,
            38.67390680649506,
            39.035713204852954,
            39.1987524879881
        ],
        [
            35.768863601366704,
            35.93336592666774,
            35.44655834442437,
            35.785888431004885,
            36.172826222290375,
            36.050886203613686,
            36.58007290850122,
            36.47173195038197,
            36.36004209470382,
            36.00325640200201,
            36.317072867452474,
            36.0700429062478,
            35.85303292744628,
            36.263150757134895,
            36.27416676036048,
            36.20270385015724,
            35.73710250073784,
            35.24348891577767,
            35.765637195123325,
            35.90198674130597,
            35.86605545184515,
            35.41308074206369,
            34.91006373988424,
            34.778648137065645,
            34.8196690837995,
            34.869268626014176,
            34.392436364825365,
            34.535833509499646,
            34.82729464309987,
            35.08947212588278,
            35.325049712223404,
            35.470532535668255,
            35.4700991866565,
            35.65466998709646,
            35.14912842299541,
            35.21089026107005,
            35.30714463105769,
            35.58613776918882,
            36.14741936540442,
            36.47405049465821,
            36.927383520690164,
            37.379284159681646,
            37.21922370616652,
            36.93411030205645,
            36.810692472057426,
            36.54668452436351,
            36.73389290844187,
            37.13009855609366,
            37.41605910875563,
            37.1296307859172,
            37.320479973506224,
            36.8558682904449,
            37.09763406485432,
            37.58102838057972,
            37.10581876316209,
            37.3580839906019,
            37.188032537386704,
            37.00512536828623,
            37.27242442673588,
            37.483076716860566,
            37.88295231456598,
            38.34939212253216,
            38.350931627596395,
            38.26391328791786,
            37.920752898435296,
            37.66536095289201,
            37.321307074237424,
            37.261086667905666,
            37.22853367159219,
            37.19367421022085,
            37.57548366129042,
            37.609814165638625,
            37.437576169251486,
            36.9863592727634,
            36.85539426027653,
            37.25507915921144,
            37.328438479967645,
            37.23064409544913,
            37.40344314391976,
            37.85441550166314,
            38.33486177155706,
            38.082226269362536,
            38.23839413073668,
            38.54075306432332,
            38.49795202278943,
            38.499094313912444,
            38.60285120452691,
            38.40098080077074,
            38.82133083734324,
            38.90825263572135,
            38.82591942175154,
            39.13113433924922,
            38.897124816078325,
            38.365542390006055,
            38.26016906065262,
            38.02879501763691,
            37.512953798179105,
            38.073512622191195,
            38.58019500575199,
            38.43643383110574
        ]
    ],
    "angle": 90262.3,
    "fluctuation": 890.868079,
    "buy_difference": 1.015972535
}