{
    "id": 50,
    "name": "Gannett Co., Inc.",
    "record": [
        [
            32.2712932730274,
            32.68601283872911,
            32.707854928479236,
            33.288435908936385,
            33.32438255428514,
            33.840368028986575,
            33.455684069630344,
            33.484524305267705,
            32.73422638596559,
            32.987184055926754,
            33.52407020519212,
            33.663577796868836,
            34.027768330562125,
            33.73210378050469,
            33.94011017667688,
            33.52348499437615,
            33.153482526945034,
            32.98886305833824,
            32.88301292362315,
            33.17415339866804,
            32.9036231529829,
            32.1582181107593,
            32.766741120934455,
            32.557765078113036,
            32.6725872692889,
            32.34052535308244,
            31.988675570740174,
            31.998923303821783,
            32.32390395707607,
            31.569676982732346,
            31.501147798155852,
            31.10255801757553,
            30.94284994753656,
            30.94253373794968,
            30.849044570227093,
            30.965852928199045,
            30.503479580316696,
            30.178905742267084,
            29.50423827628717,
            29.83061416188115,
            30.384638399322004,
            30.83638232942876,
            31.348334175910814,
            31.69405504624326,
            31.33726811711382,
            30.962130697163893,
            31.04262912141054,
            31.257377691716453,
            30.6456642220835,
            30.315169298366442,
            29.842950610132853,
            29.888699842885185,
            30.54731031309477,
            30.743515258621013,
            30.596896958394954,
            30.247891268484167,
            30.107678188321106,
            30.43411506933986,
            30.295457240774045,
            30.412134717298414,
            30.525383145136377,
            30.11836320479515,
            30.837099056199055,
            30.432751898204337,
            30.156859782151624,
            29.98111847478113,
            29.762382880181878,
            29.767959095365555,
            29.962391709979585,
            29.442431721535133,
            29.13681597887597,
            28.98954532381422,
            29.167911770936268,
            28.854548245411205,
            28.904129716072433,
            28.61598478253562,
            28.943550393672304,
            28.57574502151663,
            28.4147316425846,
            28.490626121822608,
            28.672727088283047,
            29.06567641735991,
            29.04235413752625,
            29.26085959428732,
            29.654062976199704,
            30.105415902259114,
            30.151425863745374,
            29.89469716809338,
            29.758596394480897,
            29.2593755787122,
            29.126952905409773,
            28.78689181818521,
            28.575261946351503,
            28.27983417833577,
            27.787607194926863,
            27.7865418476389,
            27.14232868040043,
            27.058408641283336,
            27.04116925803706,
            26.924046587111402
        ],
        [
            31.971757538109063,
            32.23091488988096,
            32.39777782547899,
            32.91682333985814,
            32.998548193619925,
            33.422503046254874,
            33.06237494703505,
            32.99528539641461,
            32.48570245499304,
            32.51492831765011,
            33.021096369542825,
            33.4012963638763,
            33.6075893061003,
            33.26907335886483,
            33.510976332440656,
            33.13931065713497,
            32.757181231371554,
            32.63364298271085,
            32.38320819253957,
            32.79398235148699,
            32.43256370099259,
            31.891671497909044,
            32.36536478021373,
            32.18465775281448,
            32.3822991814362,
            31.893416906806145,
            31.707640673997343,
            31.673366799463942,
            31.819926440826737,
            31.38036427914959,
            31.255714403189184,
            30.712367184872026,
            30.744938823714616,
            30.704532338459092,
            30.660972370646455,
            30.52861907539108,
            30.042833345764507,
            29.755748974535283,
            29.2890518992504,
            29.586326175308457,
            30.07851525959356,
            30.56853382621402,
            31.060475877685825,
            31.4565840335313,
            30.900949178093366,
            30.57675374837228,
            30.85027713152894,
            30.886826531290875,
            30.34905939261001,
            30.136407630196235,
            29.610436648070294,
            29.65582943700085,
            30.194225201089495,
            30.273216022022943,
            30.252307130004176,
            29.94913987047389,
            29.831212301548227,
            30.163715269160225,
            30.068465367975136,
            30.147971279558853,
            30.205751247750953,
            29.940762057460123,
            30.389568553817842,
            30.144243233678502,
            29.84705790321158,
            29.73857959286932,
            29.35677051721785,
            29.403316348370232,
            29.559948449884036,
            29.17791944333298,
            28.797156837765407,
            28.628720591400988,
            28.81925213270368,
            28.46130817645577,
            28.52443490978374,
            28.25698874997075,
            28.69214325492805,
            28.18630458227838,
            28.16791788672935,
            28.186661181977534,
            28.50365052879417,
            28.853688649846465,
            28.640842977986672,
            28.966058448641427,
            29.428924180699944,
            29.63602789911996,
            29.952559718445425,
            29.652857410435892,
            29.50306618404039,
            29.080994847635836,
            28.73000040864675,
            28.51969760555098,
            28.24497101528441,
            28.017346374010412,
            27.54900141459931,
            27.366925264565502,
            26.9497775546806,
            26.780437198011303,
            26.662008599375618,
            26.67681462293731
        ]
    ],
    "angle": 90460.7,
    "fluctuation": 1052.680206,
    "buy_difference": 1.010885088
}