{
    "id": 51,
    "name": "Brightpoint, Inc.",
    "record": [
        [
            7.6442961598841395,
            7.619837803093934,
            7.58145603701526,
            7.532803418670854,
            7.519939955155983,
            7.408958003064004,
            7.401035264695038,
            7.46220905631123,
            7.449527622660822,
            7.464146611801034,
            7.48535941658173,
            7.40559395804882,
            7.414956123586402,
            7.4564886666366474,
            7.552391591031554,
            7.52369903286313,
            7.550919189150644,
            7.564515674469438,
            7.505455871555259,
            7.466239110697543,
            7.423967513585633,
            7.396354697658564,
            7.447475216635151,
            7.456228321864255,
            7.484640957150189,
            7.391237438880629,
            7.336603199079749,
            7.3234032368689075,
            7.27128413256398,
            7.332751085220278,
            7.300064955625575,
            7.369446422672628,
            7.379667469687327,
            7.49311113120071,
            7.452465799094553,
            7.477716831760719,
            7.51026972055183,
            7.458255872106859,
            7.498299316612013,
            7.441020209610142,
            7.413173848809719,
            7.348527312302283,
            7.3620792540639055,
            7.428275441490594,
            7.425629420568195,
            7.430268570993014,
            7.47967528633415,
            7.470237919993535,
            7.509572552155991,
            7.487223548022918,
            7.44815647147583,
            7.439584532038032,
            7.466189403747089,
            7.527808146714922,
            7.500820263074933,
            7.5936709503526805,
            7.625388151156109,
            7.665844927474605,
            7.6257756835552195,
            7.617003162906267,
            7.653939740075014,
            7.632097110722467,
            7.565710790714519,
            7.586642374213705,
            7.545883889664532,
            7.507173752299534,
            7.572634908199191,
            7.623912080115658,
            7.585590774057369,
            7.624233186727851,
            7.6062478767022945,
            7.567502581426896,
            7.599252249935985,
            7.553461915258817,
            7.5302670680522725,
            7.6041849628929565,
            7.5670565031296295,
            7.505755891728072,
            7.538796303331477,
            7.513149796985583,
            7.437620532207915,
            7.530185028563185,
            7.492951523247449,
            7.469811030337189,
            7.436601400153459,
            7.403608802350714,
            7.432330465319696,
            7.431736935315698,
            7.393805209860826,
            7.384605685551214,
            7.303245726786951,
            7.345630350275718,
            7.435787251184324,
            7.407478952860748,
            7.427027879570945,
            7.510251002201633,
            7.466700025408829,
            7.480037029390027,
            7.525339167444334,
            7.587518234617817
        ],
        [
            7.31736420596032,
            7.260543364366739,
            7.223252162181638,
            7.188349226677305,
            7.161077700040645,
            7.1177225033098015,
            7.1044054195435695,
            7.154515279851624,
            7.108881401675272,
            7.147064072796869,
            7.138803384787944,
            7.114490694073359,
            7.061103846578918,
            7.127607236053775,
            7.195560934893711,
            7.171079890844356,
            7.194158100132425,
            7.230147304108371,
            7.170117313730603,
            7.129094232852153,
            7.106458595260274,
            7.10704158925592,
            7.161915616973733,
            7.162415647915137,
            7.13882965246958,
            7.1014114305946014,
            7.036908726574189,
            7.029179741328971,
            6.9798546488289555,
            7.026171599488973,
            7.010998350704827,
            7.045811755965196,
            7.095994738462167,
            7.139081321009826,
            7.128033925119122,
            7.18305740308799,
            7.180450695012022,
            7.157178822695158,
            7.144024378294209,
            7.1342001256739,
            7.088327055311174,
            7.062503318191734,
            7.07766025045318,
            7.113428506582717,
            7.08536943945164,
            7.106803019910459,
            7.145488587159504,
            7.165084574204803,
            7.202090548214722,
            7.148417826072472,
            7.145337497430122,
            7.097977349287139,
            7.16622936144401,
            7.213073400712773,
            7.196581604185614,
            7.2399357066412655,
            7.3095012293033275,
            7.333589899515158,
            7.264754528924035,
            7.297077892499555,
            7.341282319365816,
            7.302764904287028,
            7.269043314334353,
            7.29354782981123,
            7.23836597074821,
            7.194742543920996,
            7.2379076496993955,
            7.276017312053812,
            7.223595568271998,
            7.276323765911723,
            7.253372089949235,
            7.258376050689937,
            7.277886773449917,
            7.2565461742254636,
            7.222661578761398,
            7.268789129703679,
            7.222476474659302,
            7.21723635037182,
            7.219264949426478,
            7.179617709836141,
            7.148128795851526,
            7.171547521768256,
            7.15031964781714,
            7.153203612401866,
            7.114993590253039,
            7.07070308988449,
            7.100967991563052,
            7.143909156137161,
            7.110303486889493,
            7.053258372502815,
            6.991599218559861,
            7.032878760732282,
            7.080940883070932,
            7.082881710866871,
            7.1293562632280185,
            7.156836475015715,
            7.1352299880893835,
            7.137995697917846,
            7.202774283423826,
            7.255031634492678
        ]
    ],
    "angle": 89551.59999999999,
    "fluctuation": 550.483914,
    "buy_difference": 1.044992421
}