{
    "id": 52,
    "name": "NorthWestern Corporation",
    "record": [
        [
            14.937871780701265,
            14.813589561147522,
            14.759951532863697,
            15.038257467308396,
            14.961865087492638,
            14.876788338710947,
            14.70945803690873,
            14.723417675324223,
            14.726431339356294,
            14.618311195796359,
            14.602867243708943,
            14.713156371681029,
            15.052385215804712,
            15.054570407096517,
            14.840229285891015,
            14.856951192698498,
            14.961761731602344,
            15.185221434769948,
            15.210165837289635,
            15.445261151714812,
            15.451538656075462,
            15.464993446047151,
            15.37754720022273,
            15.412228753607032,
            15.410933518259741,
            15.262251851109484,
            15.317708497026779,
            15.430575636858261,
            15.540500985291542,
            15.389117949791993,
            15.115490209311032,
            15.292380130975102,
            15.401790791564734,
            15.399958756338368,
            15.333270474703657,
            15.597948003702449,
            15.575004378744394,
            15.567686326745106,
            15.366570729399776,
            15.404810398822928,
            15.208292011863193,
            15.206088013708758,
            14.915976506066698,
            15.217389539422172,
            14.930858878805214,
            14.818863988278748,
            14.633018178726589,
            14.808194340951745,
            14.809365716227408,
            14.599537374841205,
            14.434081613470674,
            14.6561974385574,
            14.965761038883596,
            14.965902396738704,
            15.195709488900448,
            15.194687580208546,
            15.04692821890279,
            14.943601114215483,
            14.904389752535938,
            14.79371654365093,
            14.856586841818565,
            14.680756831042146,
            14.59688214815469,
            14.367074910085899,
            14.638336106089598,
            14.396607607114554,
            14.606002857757675,
            14.707340573089382,
            14.715316008288857,
            14.89045295725046,
            14.715783269462525,
            15.014805700787742,
            14.800429133231956,
            15.070057813866814,
            14.983166324701784,
            14.821820689602365,
            14.870587719768173,
            15.047773170987915,
            14.884455666933508,
            14.915528920898819,
            15.110088527173437,
            15.325104714602055,
            15.498252554860445,
            15.356615004612769,
            15.305383001732439,
            15.211293109906041,
            15.119547615461663,
            15.210055153755983,
            15.169587363098577,
            15.391782592621906,
            15.262781625451696,
            15.12322861127371,
            15.200429532712578,
            15.113439538712218,
            15.253348793989773,
            15.3829497626668,
            15.456166399108916,
            15.179325385093135,
            15.15459957532818,
            15.069383965122716
        ],
        [
            14.652667746615693,
            14.667951185199598,
            14.522941606787095,
            14.77465864585201,
            14.693747730242151,
            14.6160198366644,
            14.528361996736324,
            14.57866581556829,
            14.494299712169207,
            14.447022027524637,
            14.345470494673334,
            14.572896585153917,
            14.788538755427291,
            14.851369933629526,
            14.636992452669036,
            14.671099479521834,
            14.724450516277496,
            14.974263585660408,
            15.042497787216025,
            15.163949349906213,
            15.256720733631276,
            15.21818114585147,
            15.232484250534169,
            15.128505240064854,
            15.267089693736459,
            15.106133337534553,
            15.130639902957295,
            15.231445266449306,
            15.378448202389153,
            15.161677901483815,
            14.918932156472577,
            15.02582439912045,
            15.232010379090053,
            15.211885675182957,
            15.159682885595995,
            15.3781798689734,
            15.308099654549498,
            15.284144737674497,
            15.110770664410584,
            15.112194955228002,
            14.938735108587004,
            14.997840747843465,
            14.75303146789624,
            15.002983303824365,
            14.785552670541257,
            14.633488723607549,
            14.461556682280966,
            14.65377788391591,
            14.539635776904763,
            14.434256360646165,
            14.269242645621159,
            14.4801094204245,
            14.699038205323898,
            14.709435691857347,
            14.91151757383959,
            14.971617336308206,
            14.75964200493412,
            14.747801712129936,
            14.765273947406406,
            14.579447309555128,
            14.615107702814033,
            14.41624078090962,
            14.402741930993713,
            14.23440478761064,
            14.373152655788978,
            14.216514521190613,
            14.444994750106023,
            14.495771533700779,
            14.489145991383864,
            14.708602251558332,
            14.565254616644342,
            14.818073336468391,
            14.638746357111147,
            14.832509628463107,
            14.757301412506294,
            14.585273052498536,
            14.639106910773734,
            14.871451808261607,
            14.686490688784616,
            14.777794200289145,
            14.928547199437029,
            15.17748633927768,
            15.240260444547419,
            15.198005340381972,
            15.121495293420743,
            14.980492580425237,
            14.919949226193612,
            14.959845037570927,
            14.997852826591014,
            15.190110866668299,
            14.977335319541393,
            14.955018603948263,
            15.047965083173265,
            14.882636961840394,
            14.981500513034536,
            15.190518117033662,
            15.211013341719411,
            15.01199730228474,
            14.893414330110826,
            14.78313996993576
        ]
    ],
    "angle": 90059.70000000001,
    "fluctuation": 987.564362,
    "buy_difference": 1.014392346
}