{
    "id": 53,
    "name": "Veritas Software Corporation",
    "record": [
        [
            27.523776766516104,
            27.447900148363566,
            27.61822687160865,
            27.537749185492736,
            27.597950148819375,
            27.607098772758942,
            27.6842387522651,
            27.749696951588042,
            27.66978081867649,
            27.762893865368177,
            27.815389571694464,
            27.952609004985106,
            27.61822211434128,
            27.650372548259696,
            27.47353842096904,
            27.70786842220123,
            27.76556508803529,
            27.684294147593064,
            27.819507267970877,
            27.509086431860382,
            27.7691593598218,
            27.583857410936645,
            27.714138950104854,
            27.782592002441728,
            27.798899081883782,
            27.787311376953465,
            27.45363334874752,
            27.463606804694404,
            27.55287239881605,
            27.593503601063475,
            27.53451910983014,
            27.579627253183798,
            27.64631982577871,
            27.852109693454405,
            27.52937266269113,
            27.57447153823565,
            27.74003286976891,
            27.76809984578799,
            27.64564677864449,
            27.606549809276377,
            27.65497739738729,
            27.559027178342497,
            27.726143457785277,
            27.817111599628543,
            27.816307195604875,
            27.792262487698004,
            27.854426620075355,
            27.77943853317709,
            27.710089467726473,
            27.832588258330915,
            27.90907856014608,
            28.063241206529096,
            28.014532531907285,
            27.786002674749305,
            27.771216258887616,
            27.79627211663903,
            27.615898880332143,
            27.839522920238338,
            27.88829450006963,
            27.91673967468282,
            27.678593390076294,
            27.651222369737184,
            27.852513959482252,
            27.816507685081508,
            27.904747542406902,
            27.774672491439752,
            27.928865457192234,
            28.009713484108012,
            27.960571390152,
            28.16891999694517,
            28.343631122272928,
            28.289558726799942,
            28.30561119846072,
            28.334229914777453,
            28.430822000769886,
            28.68496396211802,
            28.423274287217808,
            28.450430229776106,
            28.559049926319158,
            28.517576408817156,
            28.222305792909598,
            28.536113057445696,
            28.577272196393324,
            28.215868779881607,
            28.219308259974415,
            28.52805417736389,
            28.447448864821837,
            28.193887208709274,
            28.26570052705095,
            28.303062995384447,
            28.1860572179352,
            28.15637536751507,
            27.9507935224016,
            28.118161905010847,
            27.965588087297615,
            27.875436431967778,
            27.83148971866648,
            27.72282877628052,
            27.709296203793905,
            27.983233699858914
        ],
        [
            26.316534499089624,
            26.301890658377705,
            26.354096737932935,
            26.314094546293468,
            26.28487169608805,
            26.325074362513686,
            26.456720707344697,
            26.418864724407356,
            26.506532241015282,
            26.463070508989155,
            26.547537602034932,
            26.604092833398603,
            26.486352020747958,
            26.390042211818706,
            26.347597859873527,
            26.38167092987362,
            26.507927806169963,
            26.576391330972307,
            26.485327046792488,
            26.413502931295262,
            26.453208737141576,
            26.437474282920213,
            26.543702959678658,
            26.43964425869083,
            26.44726052286079,
            26.504853799875914,
            26.362907608218418,
            26.30638836815803,
            26.378670237429766,
            26.298987279189856,
            26.361099098169802,
            26.262184899776095,
            26.412557752154072,
            26.537519772665043,
            26.419706337632217,
            26.468304403360484,
            26.533926226564077,
            26.48917335327111,
            26.47544946609108,
            26.419471147535674,
            26.38916513374425,
            26.40308191860688,
            26.42540449517927,
            26.56775813429279,
            26.60155805676369,
            26.4831382105426,
            26.598079731537492,
            26.60091179985128,
            26.57178735253945,
            26.67051720362337,
            26.741131978403097,
            26.76537674607987,
            26.684293490262935,
            26.65795926003624,
            26.62505886660327,
            26.603700049580212,
            26.50806986177414,
            26.49646235438922,
            26.54288104958979,
            26.604405311791666,
            26.56291220887776,
            26.515338454687484,
            26.561743778469484,
            26.50359814117856,
            26.63548317290186,
            26.628372455547282,
            26.741319344395734,
            26.629264029597486,
            26.774360199346113,
            26.79395442775174,
            26.949406180485266,
            27.029793778126297,
            27.159200055926,
            27.148491485471496,
            27.276600506290844,
            27.361077354940694,
            27.25841095914007,
            27.21888604923102,
            27.194821845909747,
            27.144508451600544,
            27.092872190131057,
            27.137821016358657,
            27.187787566136397,
            27.081250954324712,
            27.065520619672597,
            27.181560396675202,
            27.14536392275091,
            27.068310507667857,
            26.961164031217585,
            26.96718855891607,
            26.9093738054539,
            26.88103639018446,
            26.797224722343675,
            26.94957312068954,
            26.816790350311035,
            26.7303420327156,
            26.723066107164644,
            26.581335605920966,
            26.496568233633983,
            26.635893344501767
        ]
    ],
    "angle": 89968.1,
    "fluctuation": 333.48772400000007,
    "buy_difference": 1.046606532
}