{
    "id": 54,
    "name": "Sysco Corp",
    "record": [
        [
            1.4354648271901977,
            1.4243011342451641,
            1.436232647752164,
            1.4296058087174122,
            1.4329235641575455,
            1.4360062699129756,
            1.439069151283256,
            1.4400177008247859,
            1.437695531249822,
            1.4346088408284716,
            1.4256775577679517,
            1.421931173585483,
            1.415864791326937,
            1.426017109225551,
            1.4273236958900737,
            1.444709558510497,
            1.4487637991177595,
            1.4481477733569001,
            1.43924170095304,
            1.444251834292766,
            1.4270324199337145,
            1.4206470400466829,
            1.4122648148206065,
            1.3927141682312627,
            1.3945821229466293,
            1.3950858827751298,
            1.397934530748719,
            1.39827764998189,
            1.402747800902054,
            1.4205418045545861,
            1.4143313214862703,
            1.4207311425261722,
            1.4205703507937195,
            1.4030605535531557,
            1.4047373321459071,
            1.4129785215906265,
            1.4036070281760307,
            1.4047247221429504,
            1.4175453994909577,
            1.410667693170367,
            1.4111972211849746,
            1.4066594573680258,
            1.4021873528176774,
            1.4001475419143996,
            1.4123425094671824,
            1.4234498825794606,
            1.4125085711533554,
            1.4090199297086403,
            1.4201368329800237,
            1.404696662485402,
            1.4124763593965113,
            1.4196411361053305,
            1.4167618485698068,
            1.4058404654189278,
            1.4138502814725487,
            1.4114333065501057,
            1.4133567008383272,
            1.4009418634672592,
            1.4083651634377046,
            1.4240662732428737,
            1.4358224238082409,
            1.4201563851785546,
            1.4091565724056083,
            1.4062652214232763,
            1.4154676467940719,
            1.394698435505581,
            1.410815744820336,
            1.4140463497939582,
            1.4369916592857719,
            1.4290605181381835,
            1.436721124096027,
            1.4429790419428288,
            1.4401865994410425,
            1.4302475750330466,
            1.4274094300805957,
            1.4325096847632137,
            1.4165735423315031,
            1.4276070396052332,
            1.4161045797525549,
            1.4179022214184056,
            1.4112330162552509,
            1.4050506737362773,
            1.3951333799055003,
            1.4026052964668014,
            1.3952169703995014,
            1.39919287058792,
            1.3999089588305191,
            1.397865123243458,
            1.3786263398546126,
            1.3774949561442262,
            1.3721922195098843,
            1.3729770477123215,
            1.3934207872664688,
            1.3838417956567737,
            1.3966578553430835,
            1.3877574412266407,
            1.3950115252747721,
            1.4020549438724104,
            1.3856225859562947,
            1.3784777536372983
        ],
        [
            1.4015765742871158,
            1.3917920972518005,
            1.40274793596485,
            1.3958558747031031,
            1.3897652179025493,
            1.3956722763179719,
            1.4067873358597676,
            1.3990128817437517,
            1.4054445294591196,
            1.3947314320461455,
            1.3943955842919005,
            1.392548438634743,
            1.3825777881781358,
            1.3905405713334766,
            1.3960056031324968,
            1.4069376885555007,
            1.413145608381648,
            1.4053701653499104,
            1.4049827244781037,
            1.401728911032752,
            1.3897227180148923,
            1.3785444992865623,
            1.3734195768823314,
            1.3618820838662955,
            1.359343508214288,
            1.3561717763013423,
            1.3571808540999017,
            1.3621281337044122,
            1.3737614704788252,
            1.3831253403062203,
            1.3729628426575504,
            1.3806884800533368,
            1.3803945524105803,
            1.373929677035696,
            1.3693790923064837,
            1.375486393607527,
            1.3708829588028124,
            1.3741783485457348,
            1.3764942955249242,
            1.3791613503004747,
            1.3719705784513512,
            1.3645637980411258,
            1.3678511767506911,
            1.3701133444810285,
            1.3777576581814357,
            1.3884540402952417,
            1.3797152584201022,
            1.377412191290851,
            1.3783239246397685,
            1.372359846151782,
            1.3791308150263661,
            1.383077578279542,
            1.3845637375434816,
            1.376790228286655,
            1.3718125631172746,
            1.3696038255853864,
            1.3761294891522289,
            1.3677315766118479,
            1.3789855730060554,
            1.3836536260602026,
            1.3927153865783182,
            1.3855188954445974,
            1.378098777900739,
            1.374167846081398,
            1.376534312934423,
            1.3657411764614735,
            1.375579733038692,
            1.383575071621086,
            1.3950993587942646,
            1.393229425065612,
            1.393171068052395,
            1.4039895833446296,
            1.3982011575647735,
            1.3916021221255364,
            1.3855203956273214,
            1.3925516900003976,
            1.3835471681819231,
            1.3873705830937557,
            1.3755064135784407,
            1.375881026576672,
            1.3688642155156296,
            1.371056151659275,
            1.36589256670107,
            1.3662073182690715,
            1.3654256558247266,
            1.3700046213043209,
            1.3656285751203359,
            1.3558976606165378,
            1.3485121081792397,
            1.3410783268603426,
            1.341141526665833,
            1.3429862171990015,
            1.3536078695743765,
            1.34483884268373,
            1.3554012354352583,
            1.3529619476785242,
            1.3579961355541816,
            1.3602324929997698,
            1.3520981170747364,
            1.3406956521711881
        ]
    ],
    "angle": 89597.2,
    "fluctuation": 498.12579700000003,
    "buy_difference": 1.026231129
}