{
    "id": 55,
    "name": "Trigon Healthcare Inc.",
    "record": [
        [
            1.5882723505085636,
            1.5726577228320553,
            1.5707768801046915,
            1.5571160603980834,
            1.5299565721375223,
            1.52368750125519,
            1.5412125010042954,
            1.502503921963211,
            1.4947457307326004,
            1.4997964658258185,
            1.4857165140910373,
            1.4707971055542102,
            1.4982362024096134,
            1.4952669989109655,
            1.489619689833468,
            1.5159842705397693,
            1.4930546581749753,
            1.485854991761701,
            1.5113457422186074,
            1.5541772343661653,
            1.533584019302621,
            1.5166939820425993,
            1.5613314474928586,
            1.58695218817137,
            1.6364972701631184,
            1.6542922440643626,
            1.661262667162929,
            1.6685695499219024,
            1.7011863718879379,
            1.6845481896984738,
            1.7100117675302304,
            1.6956604930027057,
            1.7357416148103912,
            1.6932240593757868,
            1.6920058384177077,
            1.71004977456178,
            1.662489542292891,
            1.6701594526859647,
            1.7082400681694003,
            1.7156936629628023,
            1.7483416528056748,
            1.7038497129878794,
            1.665112252737026,
            1.7059752936268535,
            1.6727508356888003,
            1.6827659469859872,
            1.731151207038705,
            1.6725434952689928,
            1.7056590349840912,
            1.7153875650626977,
            1.6737986560507765,
            1.709092434926112,
            1.7150992346143341,
            1.7348936603063707,
            1.7184298269168519,
            1.6922833610350705,
            1.6791225084297885,
            1.644727443316146,
            1.623278880227769,
            1.6541870847374616,
            1.6543210162587931,
            1.6948855378497756,
            1.6875174337594214,
            1.6806504614104922,
            1.7031317984113479,
            1.7002471231596492,
            1.7410267771801526,
            1.6905735557317336,
            1.6529400325099908,
            1.6368188742828558,
            1.6552513340193626,
            1.69312722500499,
            1.7427509289138514,
            1.7647983753303556,
            1.8079928931815947,
            1.8563532913039296,
            1.8355015264697667,
            1.839907400725356,
            1.8110717045721485,
            1.8664956450020629,
            1.8568397060668358,
            1.859399382519626,
            1.820349050650776,
            1.844777436803664,
            1.8546343658426976,
            1.8976622147251425,
            1.9464306888553249,
            1.9773063272930576,
            1.960093423135098,
            1.9787279544417262,
            2.036615434034786,
            2.0867215222465862,
            2.04843345818792,
            2.004879431768141,
            1.9597034356986887,
            2.023111288141016,
            2.0603717077553867,
            2.0926294815153863,
            2.1311496053193375,
            2.144421281400984
        ],
        [
            1.5479119815398714,
            1.5316219022823896,
            1.5270431075615645,
            1.5121033029213795,
            1.483954400569702,
            1.4854139983858405,
            1.5067192899188708,
            1.4638838475925209,
            1.450813084108123,
            1.4657890207483795,
            1.4510096669071249,
            1.4373030641308613,
            1.4581222109793894,
            1.4616554394813515,
            1.4461257775124872,
            1.470402212998061,
            1.450471938363526,
            1.441035420870421,
            1.4757443878412495,
            1.5127165449623923,
            1.4955107585796847,
            1.4814119584110015,
            1.5224169716602365,
            1.547553991753962,
            1.5887148265852167,
            1.6051906658626336,
            1.6258768711954095,
            1.6229225396750253,
            1.6563002233807809,
            1.6451965663980015,
            1.663895319667382,
            1.6497663479087923,
            1.6916338319193591,
            1.6558270861037516,
            1.6462106089077122,
            1.6640984623117243,
            1.6238159561819556,
            1.6231728717604124,
            1.6653307897925942,
            1.6651012039560564,
            1.700172929638472,
            1.6531126002055883,
            1.62719312809564,
            1.6594706078608206,
            1.6256913514084361,
            1.6337953117265065,
            1.6787654067542657,
            1.6337997861606433,
            1.6698306848886393,
            1.6654675991115246,
            1.6319177685061188,
            1.6588598418847686,
            1.67705082659733,
            1.6957255210243674,
            1.6754322022776391,
            1.6445103601802196,
            1.6333498264285213,
            1.5970228905966768,
            1.5888617318606113,
            1.616678877648146,
            1.6202221346450256,
            1.6567868263665946,
            1.6395519797749027,
            1.6443562576510296,
            1.6578630449676202,
            1.6501101524773385,
            1.6893508035075773,
            1.6471193753485158,
            1.6112586452621425,
            1.5979416382113094,
            1.6135116638021603,
            1.6562310048933209,
            1.6947362362995544,
            1.7117350667874645,
            1.759585431590192,
            1.8102668545882972,
            1.7881433665750286,
            1.7949477371248046,
            1.7712496655917516,
            1.813623791697706,
            1.814190570105341,
            1.8034916456821921,
            1.770373111293292,
            1.7898437885154015,
            1.802997396560959,
            1.8485154377691089,
            1.8975383008206888,
            1.9307287763699874,
            1.9055202491748622,
            1.9369690424408745,
            1.9922340017199471,
            2.036954269278058,
            1.9995793561834128,
            1.9582410166839828,
            1.917190501462238,
            1.9718982228482347,
            2.013855354696715,
            2.0466165199225044,
            2.078240985027504,
            2.080150652893142
        ]
    ],
    "angle": 89390.6,
    "fluctuation": 1734.3743180000001,
    "buy_difference": 1.02617669
}