{
    "id": 56,
    "name": "Payless Shoesource Inc",
    "record": [
        [
            8.005515562456022,
            8.024772799119306,
            8.023052074194343,
            8.005589975629713,
            8.052631390171491,
            8.015391154559113,
            8.03302715522121,
            8.00849108872829,
            8.021932119735412,
            8.006428827420828,
            8.017929385799219,
            8.068202556169108,
            8.029539871741138,
            7.981787126744616,
            7.95627682168343,
            7.98568758732711,
            8.008872130949007,
            7.975618352913084,
            8.015716311209573,
            8.107569657579946,
            8.078144402456607,
            8.004062309820744,
            8.059939487090322,
            8.084806201452652,
            8.113731759381547,
            8.095851224142098,
            8.063323476401758,
            8.140692611238814,
            8.089842297128476,
            8.101393448907606,
            8.06206533198897,
            7.990840551197772,
            8.012914926357707,
            7.999362273222172,
            7.955820571936219,
            7.967998924694573,
            7.982204817227778,
            7.99923467989375,
            7.975552720789659,
            7.992122797422333,
            8.000234216378681,
            7.9746686540574485,
            8.069945974069917,
            8.00983463091393,
            8.046801096227624,
            8.115015881831882,
            8.129473924461402,
            8.0944457668187,
            8.172506582175489,
            8.160598993354604,
            8.22819457230056,
            8.17428361312433,
            8.23066757833128,
            8.28884927799011,
            8.277111641184868,
            8.302440778244199,
            8.281700202946148,
            8.28246497455712,
            8.354152603776638,
            8.307493218582955,
            8.25029949922817,
            8.214987395815927,
            8.276950224160379,
            8.299278582200593,
            8.305343873734166,
            8.28942087622537,
            8.3333692715506,
            8.310633693582854,
            8.320282912912914,
            8.298756220599364,
            8.310871030837696,
            8.281551100118097,
            8.282005690607726,
            8.253365720924581,
            8.265072763797267,
            8.258131943613886,
            8.233413701147029,
            8.206096669062825,
            8.22675921398431,
            8.258604642842522,
            8.217579736933033,
            8.222497571406864,
            8.282214460775448,
            8.252483010995991,
            8.30843519682612,
            8.28899912991608,
            8.289838302757124,
            8.304431955592907,
            8.297001720915242,
            8.311337800996027,
            8.354749480106914,
            8.3860451787511,
            8.371511734944082,
            8.337224632781684,
            8.300136749104604,
            8.275567867566322,
            8.222238586368043,
            8.233521881904833,
            8.317877451014509,
            8.305616373913995
        ],
        [
            7.820864906540291,
            7.830294749570899,
            7.8231537195301195,
            7.849155057112487,
            7.858261984069041,
            7.865070643598815,
            7.861873520712269,
            7.851212628061051,
            7.82518144661012,
            7.857064466451631,
            7.870719033789119,
            7.871886851708042,
            7.835727834342885,
            7.812506788075577,
            7.795336750233635,
            7.8233690808708305,
            7.858673877647897,
            7.837048623126746,
            7.863812207340671,
            7.8937638049622825,
            7.892606688390898,
            7.861050493971226,
            7.8953210843079145,
            7.902272285167637,
            7.918677443595937,
            7.8886351604485485,
            7.916073990319112,
            7.93390927701721,
            7.9103559761119495,
            7.896395010668371,
            7.875323899957019,
            7.83940786246957,
            7.817944481874788,
            7.807057402763462,
            7.770764172265281,
            7.791215897247338,
            7.820740272641996,
            7.813948592796949,
            7.8181376764820465,
            7.845386258135736,
            7.817266644533618,
            7.837689890124959,
            7.868879234439196,
            7.873042772956843,
            7.895891523749329,
            7.924674115971189,
            7.956265371579456,
            7.945033349039992,
            7.980019774961241,
            7.989124978740763,
            8.01918858355515,
            8.006528119703994,
            8.034405156264123,
            8.069459784024621,
            8.087004074835214,
            8.094774499338946,
            8.127200502116358,
            8.112489345584244,
            8.135463397764276,
            8.131305199132976,
            8.098822798071234,
            8.073880740729095,
            8.107899534884961,
            8.135474097235821,
            8.131642151291029,
            8.131514421761185,
            8.137905917465567,
            8.105185804388599,
            8.138124108819305,
            8.10815152451466,
            8.13054406795945,
            8.102670579981343,
            8.12913117270518,
            8.110785024842368,
            8.093833352302784,
            8.066043628942301,
            8.044309783098281,
            8.065142727626421,
            8.052283427574821,
            8.07295337877813,
            8.075617260214898,
            8.073151456459508,
            8.075054096238858,
            8.101779162163526,
            8.137926597912736,
            8.144166654059449,
            8.14499116415553,
            8.115317856332393,
            8.128355388000669,
            8.156285194371556,
            8.156342136381635,
            8.169774057127137,
            8.153991444616107,
            8.13598589206466,
            8.09817761611559,
            8.09762642816922,
            8.080195625879064,
            8.080731560291118,
            8.097719638555466,
            8.116475302284373
        ]
    ],
    "angle": 90069.0,
    "fluctuation": 268.57075199999997,
    "buy_difference": 1.022178954
}