{
    "id": 57,
    "name": "Teradyne Inc",
    "record": [
        [
            19.971167243621466,
            20.284364773702922,
            20.20188975321582,
            20.050220670787667,
            20.01110101267105,
            19.94319572473316,
            19.933932217262075,
            19.812702400625096,
            19.42714159030488,
            19.39917867615479,
            19.259944966127815,
            19.332567902587137,
            19.417133210389842,
            19.149983715742486,
            19.009202854638723,
            18.87198812357062,
            19.094035751742066,
            18.898475483600993,
            18.781942442954737,
            18.940516021530883,
            18.771923836434755,
            18.586366691312342,
            18.392964199215566,
            18.55117874806758,
            18.73831112453443,
            18.8132300089373,
            18.80296332757437,
            18.841567492132725,
            18.746640587324478,
            18.90614480035204,
            18.80610443589284,
            18.64629387011644,
            18.50250784520382,
            18.7347716200908,
            18.47219522853037,
            18.717826918570164,
            18.547752411640964,
            18.61979680421132,
            18.70225041575874,
            18.906670205283326,
            18.93968102612382,
            18.893859521252235,
            19.051904433157613,
            19.13927868263047,
            19.197971731314464,
            19.07371704920732,
            19.238262138682984,
            19.08207859832047,
            19.08668347523728,
            19.321396286313256,
            19.172447541012744,
            19.262403928421044,
            19.45557700589479,
            19.5604935693359,
            19.530861844364978,
            19.308829983852405,
            19.166450479957795,
            19.145481969494476,
            19.071669141678765,
            18.92996110875841,
            18.86816962926553,
            18.909929398116898,
            18.905957649652745,
            18.835059598655562,
            18.96627872472307,
            18.779307170820605,
            18.988381254606782,
            19.093900670418822,
            19.153611313572945,
            19.200904546267694,
            19.409662577264793,
            19.125579463344543,
            19.204012929960207,
            19.142058330524684,
            19.086850845662536,
            19.241786708342175,
            19.118116931313875,
            19.024694911758203,
            19.31876837569176,
            19.289021221753647,
            19.27452301340465,
            19.063754542501744,
            19.119937935014626,
            18.95935686947277,
            18.968211547914525,
            19.161785748374218,
            19.362586624723917,
            19.7840100867272,
            19.966760681207212,
            19.967883672052356,
            20.01050949820374,
            19.84226628844984,
            20.149151756944622,
            20.445812487112523,
            20.677483138454633,
            20.315533604093012,
            20.451624305126572,
            20.318274780148464,
            20.515240926190188,
            20.285693736824598
        ],
        [
            19.076759261271878,
            19.30066518390487,
            19.312597404924425,
            19.115955599671175,
            19.027387367790748,
            18.987388329540966,
            19.05643542816349,
            18.868790548801115,
            18.629746523174436,
            18.53409362860991,
            18.439796337876004,
            18.417038536034454,
            18.51976075816509,
            18.33084332905091,
            18.192438588778696,
            18.03221596111393,
            18.178925614556494,
            18.01607940587821,
            17.989360265154318,
            18.086840206325455,
            18.012271040451,
            17.809179887559857,
            17.572750180138158,
            17.72922862562712,
            17.929593819399464,
            17.959905336867966,
            17.930394691051166,
            17.969001065695384,
            17.91244618227643,
            18.126495134384548,
            18.050507520785377,
            17.83083224680805,
            17.679176942158566,
            17.876073854695257,
            17.65197873762175,
            17.829631758943446,
            17.745481941723483,
            17.837633862542894,
            17.898674908276057,
            18.052715319119653,
            18.14226136817323,
            18.109264066479646,
            18.257082423664084,
            18.3610715115784,
            18.373096674373176,
            18.201301858531277,
            18.391388924179303,
            18.19837393104768,
            18.279408776211085,
            18.384396295768205,
            18.368911414965453,
            18.438454768111047,
            18.528679233516254,
            18.63045467594909,
            18.64871418314844,
            18.447773936920427,
            18.370535282547557,
            18.332044779662763,
            18.159440748420625,
            18.1602648350978,
            18.03217453980968,
            18.14469186230005,
            18.151820065187596,
            17.986136853412134,
            18.142271277448568,
            17.94365915700156,
            18.176153411783126,
            18.269836655680702,
            18.290330992505922,
            18.429445242088626,
            18.57383111356676,
            18.35899115996796,
            18.389932158392867,
            18.314081560553383,
            18.30893678582691,
            18.41687407127807,
            18.25461166092619,
            18.22369590400177,
            18.425941903142242,
            18.44545109103024,
            18.3343177819589,
            18.141055884778172,
            18.34435933596404,
            18.182987454453915,
            18.182352770610834,
            18.371593987133586,
            18.564114257477925,
            18.80584450654974,
            19.0287882098924,
            19.03935533147801,
            19.152641026353198,
            19.024012940282326,
            19.202611155286252,
            19.45815954367111,
            19.680599750226953,
            19.491457022611392,
            19.614147817539468,
            19.361857787374728,
            19.5398068503104,
            19.410193727106105
        ]
    ],
    "angle": 90664.7,
    "fluctuation": 781.348382,
    "buy_difference": 1.046780014
}