{
    "id": 58,
    "name": "Rock-Tenn Co",
    "record": [
        [
            20.541443362164753,
            20.142372219613794,
            20.146462549564557,
            20.12106833658262,
            19.777909577095603,
            20.278875864511335,
            20.632610888806635,
            20.95462594779188,
            20.735107464100142,
            20.60406057893669,
            20.93415532815038,
            20.75556451974231,
            20.648706613784956,
            20.407918270925364,
            20.73837086697499,
            20.789250516727293,
            20.61237375672501,
            20.304954193415465,
            20.68460827899742,
            20.59952999790156,
            20.70773023457363,
            20.578461372207194,
            20.56714623198367,
            20.22426201229663,
            19.88256342359495,
            19.777512935899452,
            19.54186026695783,
            19.86128197078294,
            20.25659164304796,
            20.586413482193155,
            20.842358346848837,
            20.333149445813685,
            20.376433665146692,
            20.439265754132766,
            20.96359358695836,
            21.356357487876085,
            21.513741523628667,
            22.065714324028647,
            21.749998025433037,
            22.061809128185903,
            22.099999496873867,
            21.90700919107091,
            21.681889734652426,
            21.468222434645803,
            22.090513686931615,
            21.88158811931882,
            21.553413161522883,
            21.735265199439,
            21.83930911883088,
            22.439734268092188,
            22.263519029990704,
            22.27462586427016,
            22.15387327662196,
            22.283073668045343,
            21.7104577174508,
            21.91981062134621,
            22.270642430826708,
            21.84578585110866,
            22.200648607194776,
            22.44991322833474,
            22.2583593470456,
            22.279331990560276,
            22.726338281855128,
            22.649154219733475,
            22.815571231233946,
            22.983545634293822,
            23.495162062347916,
            23.42074045378236,
            23.107179994454743,
            22.772929156331497,
            23.0784625074626,
            22.90569640142277,
            22.43785098359056,
            22.412785719926863,
            22.352048570599173,
            22.423761688218374,
            22.726397159511244,
            23.19989209026965,
            23.1561731454475,
            23.706817115753676,
            23.869594715524816,
            24.159039542332685,
            24.77391339265541,
            24.619486802776528,
            25.11251969354621,
            25.077326952523386,
            24.80731823200594,
            24.838239279951,
            25.42766850689063,
            25.548570979007426,
            25.085162350536784,
            25.000260081746443,
            25.04507438915801,
            25.20476924350962,
            24.974104103122908,
            25.37032541003956,
            24.91573459952469,
            25.384812807835637,
            25.31871934947809,
            25.07752388221131
        ],
        [
            19.870027585383315,
            19.54458259425986,
            19.495754602313728,
            19.56315501457564,
            19.14102015030376,
            19.571033469334658,
            19.874749616590456,
            20.32661374966296,
            20.04733893263971,
            20.010632628480913,
            20.151172530929838,
            20.0230930524471,
            19.97578221845815,
            19.713271063402694,
            20.064530840337838,
            20.02364188669297,
            20.00464829391995,
            19.73400884793782,
            19.914922251072554,
            19.866621700838294,
            20.081076892447385,
            19.953719767094245,
            19.956750072754478,
            19.626010550757748,
            19.205798308347042,
            19.15021522095728,
            18.895559305666758,
            19.25831321847447,
            19.647529529455735,
            20.001525729517294,
            20.07679279153186,
            19.763396764301245,
            19.70253115609359,
            19.842616020536582,
            20.241947583299353,
            20.637669894681398,
            20.8983094194297,
            21.272158256932183,
            21.0517093018453,
            21.43500339672083,
            21.476422559560838,
            21.27391863868205,
            20.91255707845597,
            20.824817699352824,
            21.26428057995865,
            21.08834940023899,
            20.805233608657858,
            21.02062456453403,
            21.231618897985644,
            21.710612813281042,
            21.469267567613517,
            21.563808761632362,
            21.36140410200431,
            21.477420137775507,
            21.066130115732687,
            21.305598302047677,
            21.544860478881173,
            21.13173645263069,
            21.543933891558176,
            21.80989052850492,
            21.556690049770452,
            21.553266852997417,
            21.933066217343114,
            21.880404313318515,
            22.02138132005015,
            22.161398138405772,
            22.66148955232202,
            22.564961409754183,
            22.385475636023795,
            22.110375443992822,
            22.315196764082327,
            22.099549777574694,
            21.66978121412974,
            21.734534317254926,
            21.69738476760523,
            21.630261945747346,
            21.93968918785189,
            22.336610922437416,
            22.462180361536284,
            22.826944769552593,
            23.100944599249146,
            23.48916208940167,
            23.973744018531065,
            23.920014001427987,
            24.40148985021731,
            24.34040077895972,
            23.881847047853515,
            24.149529100268992,
            24.545002661285814,
            24.597894135107246,
            24.24099241355947,
            24.26559860705988,
            24.199836174174507,
            24.2862216212611,
            24.177142554689816,
            24.63467563458348,
            24.202983497843604,
            24.616622494117898,
            24.413040041181702,
            24.330827367666462
        ]
    ],
    "angle": 89045.90000000001,
    "fluctuation": 1275.267568,
    "buy_difference": 1.033687011
}