{
    "id": 59,
    "name": "Pathmark Stores Inc.",
    "record": [
        [
            21.595234826471085,
            21.66014685758689,
            21.49336847559672,
            21.522826897688763,
            21.550337514801885,
            21.616023344746207,
            21.692916325210657,
            21.604692794144352,
            21.593484825952036,
            21.542322860705838,
            21.607420676025452,
            21.561562060482103,
            21.532921782493357,
            21.569544079003897,
            21.69768396417967,
            21.505831888854413,
            21.57332501248662,
            21.59849438276495,
            21.694810681669107,
            21.62206419762918,
            21.64385412533297,
            21.608579244293367,
            21.591357645282926,
            21.4813980904695,
            21.47931376826665,
            21.673215852937552,
            21.549264065388297,
            21.507517945269935,
            21.591312594796978,
            21.678009578216557,
            21.613069073853165,
            21.680927895278057,
            21.722976798972365,
            21.63391769652007,
            21.764519388398146,
            21.531199573770976,
            21.732917192536593,
            21.70643112502341,
            21.549367163838244,
            21.587277733496396,
            21.544628192605128,
            21.523063611480083,
            21.492096715943227,
            21.675228977850626,
            21.575406491376313,
            21.627835275811336,
            21.540230811419026,
            21.51971275962631,
            21.592715449699888,
            21.619732665786827,
            21.62858136870824,
            21.64756008386301,
            21.661143736953136,
            21.719050448068263,
            21.800769589451075,
            21.69148064755889,
            21.674947207859475,
            21.7591090471296,
            21.80237780348045,
            21.764084662436893,
            21.66331685789105,
            21.683160985564278,
            21.628893892992057,
            21.70956242351041,
            21.617519091929342,
            21.589258826281085,
            21.650059786621284,
            21.59039549122425,
            21.64502088761522,
            21.80394918507319,
            21.751919365275466,
            21.63453824738159,
            21.68676441393492,
            21.804705261380043,
            21.658768766194346,
            21.72520310590586,
            21.794978401423634,
            21.77867998132813,
            21.786974783335786,
            21.738260686442604,
            21.59148498314273,
            21.599651390387383,
            21.714474048059365,
            21.583678215942502,
            21.680683635780987,
            21.662720189631308,
            21.59402410479702,
            21.515926268143225,
            21.687628147306068,
            21.626049558879984,
            21.590784833794924,
            21.728615664430425,
            21.669122511202307,
            21.68920890148488,
            21.613563639923168,
            21.62445840102123,
            21.629402189727703,
            21.723789114991686,
            21.60192363841946,
            21.76196554274104
        ],
        [
            20.724805053791997,
            20.7084322617348,
            20.720257781841898,
            20.734081520032003,
            20.75850081660575,
            20.74890419454694,
            20.777007793567225,
            20.789997962912473,
            20.78546327831396,
            20.77788405047702,
            20.77596222306563,
            20.754735052890144,
            20.770903472434988,
            20.749934720006518,
            20.746386211100535,
            20.746856942352505,
            20.741101134392363,
            20.767379415596253,
            20.73950752673411,
            20.73397082311441,
            20.7569391758688,
            20.73761160394741,
            20.72108414846596,
            20.69832515586405,
            20.710868262719234,
            20.71267578466364,
            20.715893673564363,
            20.740146585669844,
            20.76671398265161,
            20.785542062043536,
            20.814750240802372,
            20.794571128429563,
            20.818261361101694,
            20.822295296555755,
            20.799932818452305,
            20.77132936139877,
            20.773867368080076,
            20.750616278773794,
            20.74507660951629,
            20.76283321763462,
            20.74675601469425,
            20.730148967126315,
            20.716951334089902,
            20.716662074919327,
            20.714059069494226,
            20.727082278520648,
            20.711357839702796,
            20.73524311982091,
            20.745200100696533,
            20.77115688946601,
            20.790061633777977,
            20.806221231563164,
            20.804696167682916,
            20.81657665915342,
            20.834576438791483,
            20.80469246451649,
            20.832543946851136,
            20.823784956103324,
            20.831965649673666,
            20.861822453643473,
            20.884093166451045,
            20.88434831689922,
            20.857191934842042,
            20.84285914118045,
            20.82530353673213,
            20.798078922859887,
            20.7940504593218,
            20.81588512982492,
            20.837160233719825,
            20.864617608887844,
            20.8439176772181,
            20.837516851643546,
            20.816807510703065,
            20.836263392776726,
            20.858761930160917,
            20.83287345772832,
            20.84564371855684,
            20.859150375267347,
            20.835912807618985,
            20.83914984243076,
            20.825301633356737,
            20.803915234534585,
            20.79143219947039,
            20.79687680902493,
            20.769435942406467,
            20.762587045482853,
            20.738155487286384,
            20.756595074972026,
            20.749171177371267,
            20.756452772904538,
            20.776614460074086,
            20.7759617639857,
            20.79363583966919,
            20.769312572460084,
            20.79853429654277,
            20.779856438041627,
            20.797097883130345,
            20.821118424158733,
            20.804016482719017,
            20.824442655458384
        ]
    ],
    "angle": 89954.7,
    "fluctuation": 82.75340900000003,
    "buy_difference": 1.041686913
}