{
    "id": 6,
    "name": "Yum Brands Inc.",
    "record": [
        [
            41.408749981302215,
            41.38988062208021,
            40.9657761036685,
            40.61469447483772,
            39.95285233297308,
            39.99043961955041,
            40.22249866456229,
            40.14838979475003,
            39.92040176814874,
            39.97662653801488,
            40.43356595688431,
            40.835354349760415,
            40.50191032833194,
            40.361763606722334,
            40.574846854998285,
            40.309401175982885,
            40.085370233577464,
            39.82452896139178,
            40.154291988226625,
            39.95925125908389,
            40.54486742303967,
            40.488420181983116,
            40.32546831833419,
            39.68130581960771,
            39.614008774767974,
            39.74450408026335,
            39.60740874586854,
            39.94394455004596,
            39.97103100194544,
            39.752921789386775,
            39.60796230471407,
            39.39317221824307,
            39.008497019548386,
            38.82959821188184,
            38.78365128711174,
            38.72924795828708,
            38.85464736421565,
            39.27611867791565,
            38.73907646668839,
            38.68043883731053,
            38.95311834526527,
            38.9789240596149,
            38.586439292303844,
            38.74551056762823,
            38.535533582188506,
            38.928579602620985,
            38.9710851094808,
            38.54123450881051,
            38.470362972939064,
            39.08292733985339,
            38.37572655879003,
            38.33114592911529,
            37.951775205467385,
            38.122630492482266,
            38.18743288297298,
            38.101416130212144,
            38.238598198784906,
            37.54415251449379,
            37.663643531892156,
            37.437624812926664,
            37.08031660288629,
            37.07845455009435,
            37.245966465968394,
            37.253894641506726,
            37.56838869366369,
            37.15146547827419,
            37.234696695638476,
            37.05940035767697,
            36.91668152441762,
            36.7447927605797,
            36.45470316025141,
            36.959034366043234,
            36.83362446359811,
            36.49987723392504,
            36.26777987722466,
            35.915699851594944,
            36.10467377890185,
            36.26228361449393,
            36.818696822615046,
            36.659392461962,
            36.0034482664662,
            36.135626856474985,
            36.226731904243714,
            36.16910049794845,
            36.31921785253162,
            36.34178999229549,
            36.42081579069152,
            36.40404719964073,
            36.477723634816506,
            36.03770693506827,
            35.66118310661492,
            35.74964886081121,
            35.879752448819886,
            36.23102594286576,
            36.29303795084809,
            36.234534246014896,
            36.125925178695475,
            36.03130408567868,
            35.774845176461355,
            35.46430652659646
        ],
        [
            39.7591437311607,
            39.74499263941183,
            39.30635713582827,
            38.99282962664464,
            38.561363737812506,
            38.31321397151137,
            38.55857869175284,
            38.4798671823345,
            38.27279245752829,
            38.59979941462275,
            38.776369485280576,
            39.15778702667209,
            38.96620683810969,
            38.85857503651187,
            39.06763194945873,
            38.7693662100467,
            38.61952795671305,
            38.38744576291591,
            38.79081140548112,
            38.54820382338014,
            38.945222780104146,
            39.039114246502976,
            38.78869720793582,
            38.33388597221294,
            37.9866158522556,
            38.21840981863889,
            38.006804216787756,
            38.287732734574575,
            38.540245305244966,
            38.29156744087091,
            38.09853477045384,
            37.79745541754281,
            37.387347088350616,
            37.409677020659856,
            37.27954711675785,
            37.44423493252812,
            37.25844995620392,
            37.69642189187799,
            37.32994193110309,
            37.26224065970942,
            37.50614503204381,
            37.31810862756449,
            37.26497125609044,
            37.213141823230835,
            37.19340774243241,
            37.535109044266235,
            37.58739412304461,
            37.18771798544947,
            37.17526043634053,
            37.50351801996372,
            37.06147479200362,
            36.94425056467775,
            36.65940232933619,
            36.85404111587303,
            36.813113235147405,
            36.55073460696182,
            36.609326598281314,
            36.24746390737924,
            36.05528167378697,
            35.96057235764604,
            35.821216038869004,
            35.744045694820834,
            36.00293178014412,
            35.687887648253486,
            36.11141473086423,
            35.83956702062133,
            35.94508884633543,
            35.63640768148506,
            35.484982012026556,
            35.2528392567482,
            35.220382486844706,
            35.440711105901464,
            35.30637709906168,
            34.941212036840284,
            34.994104034842834,
            34.626606735280475,
            34.721810774462625,
            34.97126430552815,
            35.253432585554144,
            35.11138378842875,
            34.73905539613672,
            34.80027921340537,
            34.9229755196476,
            34.783769853812146,
            34.81329953590976,
            34.914944098543565,
            35.173513764308005,
            35.150262577818026,
            35.07356035564843,
            34.657408860904525,
            34.477966617223466,
            34.23323976834109,
            34.38862967665442,
            34.77033495357317,
            35.01847507875812,
            34.74943786923894,
            34.749195274090965,
            34.544207026131375,
            34.247141240629524,
            33.9769099122505
        ]
    ],
    "angle": 89979.6,
    "fluctuation": 692.4856110000001,
    "buy_difference": 1.039411162
}