{
    "id": 60,
    "name": "Georgia Gulf Corporation",
    "record": [
        [
            27.059076692387947,
            27.155390305561326,
            26.97811390139721,
            26.858518965364,
            26.805502413356365,
            26.921605405714175,
            26.830798305765075,
            26.665003420157564,
            26.768095037334007,
            26.83585480888079,
            26.94820397357239,
            26.71299988682746,
            26.64763083292922,
            26.523253619320613,
            26.750643051905758,
            26.581011575171768,
            26.48846832627612,
            26.404234537243553,
            26.507609219525445,
            26.53299357892387,
            26.76909781347702,
            26.461331945454514,
            26.71645512370879,
            26.362576802580076,
            26.444450448216358,
            26.435523901858275,
            26.193054541213872,
            26.138112117612685,
            26.13339503371717,
            25.99568574907214,
            26.088233451166822,
            26.069164174424706,
            26.200398508401985,
            26.3516701644116,
            26.197718306811865,
            26.27595220562286,
            26.00635960051572,
            26.0984715066737,
            25.907444148881403,
            26.039310503150734,
            26.246689831734425,
            26.20350805058801,
            26.28066722286606,
            25.8788647863603,
            25.975913322416055,
            25.89120997513473,
            26.048939674178996,
            25.76175883155589,
            25.70780591144865,
            25.62468524939355,
            25.31159473441184,
            25.52425722789471,
            25.3354290340781,
            25.588065817089273,
            25.375794001417756,
            25.41880905846643,
            25.482372721534226,
            25.645956551782472,
            25.737803789064678,
            25.676460766469358,
            25.80088502947408,
            25.448553775607593,
            25.811697941841086,
            25.711487960099692,
            25.738810052721792,
            25.65732961406448,
            25.562889233200828,
            25.503319561496514,
            25.541312118591602,
            25.799660206555078,
            25.775746090487868,
            25.59916531806883,
            25.906860911412526,
            25.971309150998344,
            26.021226997067693,
            26.19648827204267,
            26.201742393713573,
            26.10843373924294,
            26.404163471689586,
            26.38946085937229,
            26.573241248746545,
            26.432798330056315,
            26.69619151599179,
            26.81776109878842,
            26.793320331891078,
            26.596175031030175,
            26.756649062285,
            26.86820403810407,
            26.83845012245586,
            26.729143620294167,
            27.024145580597793,
            27.054891665161932,
            26.796714754473065,
            26.934543752060748,
            26.977741717791965,
            27.05755248962806,
            27.149195091534292,
            26.941354156868506,
            26.955600591529393,
            27.12751380583239
        ],
        [
            25.877412025822913,
            25.778206107616366,
            25.789639005726073,
            25.698499236922007,
            25.652920557986032,
            25.653323519449565,
            25.482760074783894,
            25.538967726688302,
            25.47649464506318,
            25.617692239654232,
            25.58152721960944,
            25.469816645879,
            25.351721559808727,
            25.296489075046754,
            25.419291006375683,
            25.293389153591253,
            25.23050646617615,
            25.155298549317973,
            25.319555196710763,
            25.267869152386716,
            25.398861879536348,
            25.32354871725934,
            25.366582089304586,
            25.234104899006326,
            25.110821026488146,
            25.084858697886357,
            25.10207657222748,
            25.029298519587904,
            24.840188853883,
            24.865446713399887,
            24.97651940009193,
            24.980835778629398,
            25.00357193702478,
            25.132841769370696,
            25.0210470301778,
            24.958276545348742,
            24.90563618819824,
            24.802048923956608,
            24.64261391280616,
            24.77792886041176,
            24.957828567255337,
            25.016554069564087,
            24.947844560274138,
            24.79848095780724,
            24.86648900311649,
            24.71345369394412,
            24.722946623737197,
            24.639218874104124,
            24.572828830935332,
            24.39312545303202,
            24.218386680456575,
            24.270871499769164,
            24.221748070081315,
            24.30246519554953,
            24.28224968951687,
            24.216484281410363,
            24.391578681634787,
            24.437770722580357,
            24.589178161486537,
            24.57982598584434,
            24.555953958416353,
            24.388585322212133,
            24.507538581531424,
            24.448908141602896,
            24.43590029128619,
            24.429078405752314,
            24.26888466017619,
            24.379814220615454,
            24.462728754082015,
            24.564595439511898,
            24.603242105946357,
            24.491079624116328,
            24.585653162334054,
            24.725558463337762,
            24.743437235930344,
            24.90264225587475,
            24.910120189929803,
            24.985824413144428,
            25.147693320982455,
            25.26237403523638,
            25.40514921088854,
            25.28862799025257,
            25.41567081733895,
            25.546712684575525,
            25.424374302846626,
            25.462815750794167,
            25.554873394578006,
            25.594764841984023,
            25.687029566585664,
            25.551636686651086,
            25.676622888146298,
            25.79321822598647,
            25.636791925137725,
            25.68875604571571,
            25.82034528755502,
            25.728873271827176,
            25.772325083544438,
            25.806240484741995,
            25.78621306952954,
            25.839203084852695
        ]
    ],
    "angle": 89779.5,
    "fluctuation": 436.6168,
    "buy_difference": 1.048705188
}