{
    "id": 61,
    "name": "Ross Stores Inc",
    "record": [
        [
            13.099537222893838,
            13.098563340984786,
            13.222947117076753,
            13.210848505998328,
            13.03930582756126,
            13.052010741132154,
            13.112981049140222,
            12.958267488704784,
            13.058961587021138,
            13.050064394856548,
            13.13158127129662,
            13.252884551326028,
            13.346096226446177,
            13.246694769730905,
            13.101117795845441,
            13.107468755026284,
            13.118817775619123,
            12.972787053690096,
            13.114982151505334,
            12.967551261636812,
            13.11207298085496,
            13.14232335277133,
            13.149040735464647,
            13.108350623575774,
            13.186966481017558,
            13.070956202697868,
            13.115117940114228,
            13.269973646618046,
            13.302429485702428,
            13.355942416108379,
            13.308054803165772,
            13.24567513561681,
            13.288631884312991,
            13.179140412852904,
            13.183982855320446,
            13.23896363323644,
            13.129136789587276,
            13.218675067853004,
            13.242905581171721,
            13.176843296814233,
            13.262169007800862,
            13.335039899674797,
            13.363123163511933,
            13.233507022467636,
            13.351678125943367,
            13.196991061094472,
            13.130671670449251,
            13.215569475285301,
            13.255270363066591,
            13.147183816482388,
            13.267890438302118,
            13.434191632056333,
            13.387253248247651,
            13.277510710317594,
            13.189706222104702,
            13.285922417596538,
            13.228000116341676,
            13.18647285012475,
            13.345391358682775,
            13.425050017641913,
            13.34445956122112,
            13.340436509757682,
            13.244706024952773,
            13.37719338757942,
            13.294269076233745,
            13.313552136187875,
            13.349530943950707,
            13.328525967723367,
            13.328153067409783,
            13.159429296077228,
            13.215768984064617,
            13.283960645085854,
            13.319847157372807,
            13.271835283792717,
            13.265819983787786,
            13.218002591533065,
            13.191830923455555,
            13.168052056979196,
            13.109241701191845,
            13.230252065791353,
            13.08439079565974,
            13.056431349393659,
            13.028930312340163,
            13.11526323167981,
            12.986234711443924,
            12.852890252217149,
            12.835442899724987,
            12.963116006549113,
            13.019314610148488,
            12.970414531209443,
            13.019216673201655,
            13.024108506098752,
            12.807332435653768,
            12.878508193682224,
            12.978126786289598,
            13.052585718178412,
            12.946338354822858,
            12.983730829048193,
            12.98733687469517,
            12.854272101514875
        ],
        [
            12.878591316685977,
            12.895651737625906,
            12.964984107836313,
            12.9647352027888,
            12.888836622128288,
            12.845968810592527,
            12.908556017575725,
            12.824174949534218,
            12.814401292783923,
            12.881375588818468,
            12.943681286427719,
            13.038460887626735,
            13.090942614715747,
            12.997324039428644,
            12.890436996660004,
            12.938037924068983,
            12.918174493741274,
            12.842414794498369,
            12.902789665304642,
            12.816624044847487,
            12.899927563277462,
            12.918077327388605,
            12.918235153404481,
            12.949288584587524,
            12.983983032478626,
            12.908464509858568,
            12.96637601080883,
            13.020164688468698,
            13.050709670732891,
            13.116272699802419,
            13.10844823337976,
            13.043091657794811,
            13.068409273407752,
            13.040142193253116,
            13.024003064180151,
            13.015666064213452,
            12.99588727871034,
            13.055655844480944,
            13.07827629830782,
            13.010426660898505,
            13.065863587230233,
            13.138969879174907,
            13.116786465084612,
            13.075548737626987,
            13.129100014732874,
            13.044702221080334,
            12.944079886171606,
            13.017350086370332,
            13.099680125303875,
            13.007216167747075,
            13.087206548116681,
            13.179978502377942,
            13.178552445769608,
            13.105881869178384,
            13.011389887607269,
            13.119443138204062,
            13.075353442255235,
            13.044776811020386,
            13.085039616828555,
            13.178884916591208,
            13.082823835338237,
            13.104964383203914,
            13.070881811218673,
            13.16733360117154,
            13.102730129580436,
            13.138824382493615,
            13.1034448054,
            13.125987417402602,
            13.083764693262445,
            12.984122751324144,
            13.052785599951772,
            13.057297878081808,
            13.118751970880025,
            13.033674853160008,
            13.08909612955746,
            12.997652907916724,
            12.95381477686799,
            12.982228215560331,
            12.929423685150228,
            12.97214654622125,
            12.87397898556531,
            12.817025333158226,
            12.88116585911206,
            12.867085134776266,
            12.76847414301861,
            12.670245846395684,
            12.655579316231703,
            12.711487176602697,
            12.767865841627499,
            12.831040159798466,
            12.772856050463606,
            12.771295742344337,
            12.679897174621429,
            12.72351107958261,
            12.76432421156016,
            12.8004943675099,
            12.721628289372761,
            12.768561116518253,
            12.778485801474611,
            12.70976406047743
        ]
    ],
    "angle": 90075.8,
    "fluctuation": 476.8151029999999,
    "buy_difference": 1.01512581
}