{
    "id": 62,
    "name": "Cinergy Corp.",
    "record": [
        [
            4.601722238725104,
            4.612369070857124,
            4.659199970842206,
            4.620551488117227,
            4.656809308187178,
            4.639856100421357,
            4.642755421372171,
            4.6271569661402685,
            4.613756973008582,
            4.592190583079465,
            4.6334156015051455,
            4.631521574391912,
            4.639219361296394,
            4.622478433877993,
            4.629206965260765,
            4.5977447861444025,
            4.59412768691358,
            4.606578949939093,
            4.63072782448541,
            4.630232949950081,
            4.623909405911521,
            4.595043473759602,
            4.5955723266794095,
            4.593236714811907,
            4.611894637602144,
            4.596594897272752,
            4.604061791185177,
            4.609091671993036,
            4.5902911534607584,
            4.585358090884879,
            4.568806882691079,
            4.6015949721482405,
            4.577216141537649,
            4.592668233577992,
            4.5881023410239035,
            4.583646521908228,
            4.584052334477609,
            4.579149697683454,
            4.612202184955216,
            4.6045627334382,
            4.5810296548350875,
            4.589959844473248,
            4.585479261826724,
            4.592792396541269,
            4.602360585911911,
            4.6150709590522005,
            4.628232499039218,
            4.600628473354862,
            4.63492971418108,
            4.621537168728255,
            4.609361512523601,
            4.6018099173969365,
            4.597031335627905,
            4.61408176664664,
            4.59692326263254,
            4.614744794743691,
            4.621222062094675,
            4.590772404514551,
            4.590789992657479,
            4.58903879294018,
            4.630590156204139,
            4.6025233737750835,
            4.621886238797948,
            4.614644825206446,
            4.6436996466544365,
            4.62468510940453,
            4.628681581139665,
            4.643256555168456,
            4.610827255924688,
            4.622080684854995,
            4.60734606679301,
            4.647577994628807,
            4.635738209421955,
            4.627553449063475,
            4.604458983705637,
            4.621358326979368,
            4.6051481843642765,
            4.612447567620864,
            4.638074217029418,
            4.634688787115942,
            4.651705946888494,
            4.645713139715008,
            4.605153166590908,
            4.6272829657576535,
            4.635393669489014,
            4.628859654196825,
            4.641259151830233,
            4.652119900500882,
            4.629070690115957,
            4.646877010759731,
            4.6684152123199745,
            4.6565453000343515,
            4.629136609784612,
            4.648032996132327,
            4.6365760242227125,
            4.654503581955977,
            4.6635521779562685,
            4.663238395818839,
            4.641948917695408,
            4.644984504382903
        ],
        [
            4.492791416920365,
            4.503638665010023,
            4.510842370150927,
            4.5012264838284,
            4.504489137455731,
            4.49659401621902,
            4.491341974162081,
            4.4950449711444715,
            4.485165927919372,
            4.479435269945742,
            4.489904639966042,
            4.488964473452115,
            4.489708895374168,
            4.483777041344414,
            4.491200214049904,
            4.481704253023815,
            4.481774652575431,
            4.488064670411238,
            4.479706631387586,
            4.4819047255370865,
            4.474446768386409,
            4.471894556944025,
            4.477341216514294,
            4.477309958994128,
            4.470833407907391,
            4.460005626550708,
            4.462349895654339,
            4.460108000943948,
            4.453889200479203,
            4.446439123706014,
            4.457073088691936,
            4.465302939607131,
            4.461246255156065,
            4.45352779678809,
            4.445551599185285,
            4.44611031388378,
            4.454506856521033,
            4.460446770261155,
            4.465341081258192,
            4.4748850746587445,
            4.473487494845089,
            4.473667079351438,
            4.465717054013086,
            4.472391006132328,
            4.4799128063966815,
            4.486443291566196,
            4.495191117278315,
            4.484515160074257,
            4.494508914741093,
            4.484654479573151,
            4.485828866810838,
            4.490170467662795,
            4.485958211221757,
            4.48952345280444,
            4.484952066263523,
            4.4771691923631804,
            4.471846289916512,
            4.481200402618902,
            4.479417885198683,
            4.479058283352677,
            4.481357788033582,
            4.472903149197708,
            4.472934376170544,
            4.481546143580596,
            4.49180828151728,
            4.500291125417116,
            4.493381946471379,
            4.494958828248055,
            4.485009678982268,
            4.485181897603887,
            4.486113637294902,
            4.495112363695353,
            4.489916842790079,
            4.480649901327892,
            4.483302521606498,
            4.480901582598905,
            4.485771311628697,
            4.4852389927504435,
            4.485027640802208,
            4.494723772561377,
            4.498209552593404,
            4.498233105286866,
            4.496592865995005,
            4.505525939525742,
            4.500797006047314,
            4.506609621942454,
            4.513707612260528,
            4.520650830767766,
            4.518584589360083,
            4.52143338094019,
            4.52246738942718,
            4.511868059295887,
            4.504171886613046,
            4.507664993913436,
            4.5118622004554005,
            4.520707021804117,
            4.530401047250036,
            4.531002062121703,
            4.5225246686888765,
            4.515974842836805
        ]
    ],
    "angle": 90138.0,
    "fluctuation": 139.867846,
    "buy_difference": 1.028978992
}