{
    "id": 63,
    "name": "Dollar General Corporation",
    "record": [
        [
            26.821565642384492,
            26.693172061115067,
            26.884757520309165,
            26.91176438826884,
            27.166925085266215,
            27.014357155331997,
            27.12761283547226,
            27.03809266523651,
            26.987919220373293,
            26.90074646799291,
            27.041390299816943,
            26.91466200293923,
            27.094976124238634,
            27.14836684347611,
            27.547178223936633,
            27.794961124112866,
            27.65901043627249,
            27.621661946731756,
            27.451524968709172,
            27.55282002342171,
            27.38749194750817,
            27.62980165886432,
            27.281848579263013,
            27.306428649469215,
            27.367881081785068,
            27.446429526604295,
            27.24348059198288,
            27.07087989639349,
            27.02618832541417,
            27.20617113588688,
            27.14329852673213,
            27.055542895094135,
            27.393479199649953,
            27.314281746606188,
            27.33763077585135,
            27.36330884299043,
            27.562096891711732,
            27.607829092502946,
            27.54531681152917,
            27.55015892148407,
            27.648302455472045,
            27.676914504434894,
            27.81152397106178,
            27.79282869460624,
            27.968804951727613,
            28.10066959592238,
            28.059499588382966,
            28.272567790957012,
            28.271680140686527,
            28.155971537434127,
            27.929504480957345,
            27.89446804420697,
            27.991385523300526,
            28.014253531373335,
            28.072730292064026,
            27.933925399747398,
            27.86509682146154,
            27.964377870731877,
            28.184742225061793,
            27.943390257050183,
            28.035421492557262,
            27.92349097405435,
            28.081652200743715,
            27.914144767233086,
            27.89637154574418,
            27.63563358473368,
            27.742012423163928,
            27.868672747224277,
            28.173429437757175,
            28.306612110846363,
            28.035417663015373,
            27.784051267455165,
            28.0611763868233,
            27.69604844879856,
            27.863052346732168,
            27.725433370082946,
            27.892482416218968,
            27.832264567856207,
            27.93023927864089,
            28.000026796586955,
            27.809243895244965,
            27.776823564267758,
            27.94554041789872,
            27.820968164239684,
            27.790618324266696,
            27.838491314340143,
            27.620154669088297,
            27.684848161998705,
            28.056165197217904,
            27.862944628705673,
            27.883176859988236,
            27.8509524214659,
            27.981493984351264,
            27.91252988007694,
            27.858403267584467,
            27.958984093541368,
            28.231894481987474,
            28.407857947410875,
            28.13281199535002,
            28.521662157189752
        ],
        [
            25.83324996870191,
            25.830725313958457,
            26.01351284520878,
            26.081475265539257,
            26.223448620156315,
            26.194052437182904,
            26.078579464361912,
            26.00287974873813,
            25.957213457276332,
            25.84247022697404,
            25.977581125879563,
            25.96955852486976,
            26.143540948480876,
            26.32928251284444,
            26.516250497635596,
            26.717460346937354,
            26.77072536407855,
            26.66239298669414,
            26.6045830047778,
            26.47943236282673,
            26.433712074478706,
            26.577229711873944,
            26.368660209954264,
            26.469278353038227,
            26.486289997057394,
            26.49854589875292,
            26.389709424023646,
            26.21988658604385,
            26.084990989094035,
            26.27184043617014,
            26.14834589338968,
            26.17351634294918,
            26.355162730348336,
            26.426468629793153,
            26.293569047342253,
            26.4130121929328,
            26.591600758030665,
            26.587888388494473,
            26.48540614738632,
            26.62798956677143,
            26.597676201725463,
            26.667724781191332,
            26.738706492502963,
            26.857158181743564,
            27.038037164991707,
            27.17367786421,
            27.188340718867494,
            27.228069051117064,
            27.407689853118686,
            27.238070366729563,
            27.09501959719123,
            26.976981102219955,
            26.890203506371957,
            26.99006917987568,
            27.184787560693287,
            27.06123232085999,
            26.878558653543102,
            26.966240535210115,
            27.162458193124,
            26.994543672997576,
            27.015856177739664,
            27.013168805942847,
            26.97423455211416,
            26.942024008499647,
            26.908726124928194,
            26.80454120334657,
            26.89961208208528,
            26.95743599811743,
            27.143425710338217,
            27.230970310190706,
            27.02124756534755,
            26.88096893923259,
            26.962615557704556,
            26.84156237951456,
            26.94120021251871,
            26.87543738333593,
            26.988580762573612,
            26.914127046571732,
            27.093009524871363,
            26.89315189540132,
            26.894560091274084,
            26.936071948373424,
            26.945383604297827,
            26.9490993733507,
            26.884627882397794,
            26.738002106005766,
            26.789527788476686,
            26.760850006450347,
            26.95780055006003,
            26.81752537147841,
            26.99581322358659,
            26.959206241033286,
            27.142727832550438,
            26.924312388270085,
            26.969123006970555,
            26.979906346409066,
            27.18076285538446,
            27.363821268189017,
            27.204759942337997,
            27.40507387181908
        ]
    ],
    "angle": 89994.4,
    "fluctuation": 470.687511,
    "buy_difference": 1.035978352
}