{
    "id": 64,
    "name": "American Electric Power Company, Inc.",
    "record": [
        [
            11.955958278802989,
            12.32267490070271,
            12.429237239172025,
            12.572458298448817,
            12.468998200703137,
            12.77721928035834,
            12.885025193169426,
            12.984334988348527,
            12.76399689748869,
            12.757852568909849,
            12.578682968244182,
            12.793348224413702,
            12.574512202965536,
            12.440141274522372,
            12.244439887951957,
            12.341868742272545,
            12.183131706397594,
            12.216817951221886,
            12.096067841377675,
            12.03071058717444,
            11.76596638344243,
            11.888919772743108,
            11.671127417733265,
            11.90608600376559,
            12.289511443556298,
            11.981133205604115,
            11.92110815421233,
            11.820792624814388,
            11.692203529078515,
            11.882388178973253,
            11.826471350091657,
            11.505891806292594,
            11.753732322763284,
            12.06334531045106,
            12.181137796558017,
            12.393760834564352,
            12.652326572020854,
            12.535802458668607,
            12.391437900457603,
            12.31298915020692,
            12.715266658279464,
            12.597686060666629,
            12.248038245877714,
            12.570648752575957,
            12.39246601125557,
            12.238703572123006,
            12.41799116459451,
            12.141852109405848,
            12.492310713292136,
            12.838498446196182,
            12.4137322005313,
            12.347273132756206,
            12.385433149884435,
            12.074590988234187,
            12.478147908361926,
            12.181406458979716,
            12.036072437108976,
            12.343360774609756,
            12.120245751354297,
            11.853456989764034,
            11.962596655806095,
            11.659194205477453,
            11.701257025907788,
            11.407810973653893,
            11.509643757205488,
            11.315070974267014,
            11.528742987143417,
            11.197601084168259,
            11.144728486424317,
            11.135156786708247,
            11.081705636615558,
            11.142619559607766,
            11.278045701407258,
            11.267713422653761,
            11.252009632273957,
            11.04361034487219,
            10.97507048879424,
            11.061869401501134,
            10.993385515274838,
            11.291164593177397,
            11.438832779933112,
            11.202758019928282,
            10.93366321428213,
            10.811476823599913,
            10.56430074779239,
            10.353586416342381,
            10.197768873494828,
            10.343193551135519,
            10.106123297234252,
            10.044159221358118,
            10.294031095611782,
            10.311308777457931,
            10.24045501922086,
            10.32869325329853,
            10.486233821784781,
            10.69477790647031,
            10.798679616829366,
            10.69404508325231,
            10.394912966221955,
            10.134137067804122
        ],
        [
            11.685848849337921,
            12.02269586418072,
            12.130287229401269,
            12.26395657293097,
            12.264363274618523,
            12.467416248946645,
            12.664664452947825,
            12.750765624277953,
            12.54696446480461,
            12.500797665164672,
            12.363561317464288,
            12.58844430671106,
            12.311303322316936,
            12.226162679810505,
            11.963040265029905,
            12.047419779027122,
            11.916209682392703,
            11.99465112745959,
            11.829872568550122,
            11.743685150956182,
            11.579842970394372,
            11.643551593292992,
            11.401766797548039,
            11.697773971371094,
            12.00348571896245,
            11.743250856540234,
            11.696116042993907,
            11.61048068396856,
            11.473829154427595,
            11.610466740445125,
            11.590500490882249,
            11.331849010202392,
            11.471029665704096,
            11.779061274259426,
            11.919018023351057,
            12.122224106018827,
            12.417263521283482,
            12.228200190484724,
            12.158786396656941,
            12.061279670417466,
            12.40449548510547,
            12.345092699214842,
            12.013267534668891,
            12.351947769066175,
            12.165886065639713,
            11.992108876683078,
            12.130184235415463,
            11.941387566925984,
            12.256538054826072,
            12.539695614396416,
            12.191648883978043,
            12.076754910105306,
            12.080318128463547,
            11.833669455026929,
            12.17438408944337,
            11.93715982591817,
            11.849246397162869,
            12.106762918725567,
            11.876037834061481,
            11.669465539011263,
            11.666736991191765,
            11.395789280382713,
            11.489616994807623,
            11.213838428290819,
            11.226103798689035,
            11.117099497276836,
            11.298712633393007,
            10.990665575674084,
            10.957427560489188,
            10.932660324431774,
            10.898744336286445,
            10.92247815178443,
            11.023251696706778,
            11.037372093717792,
            11.077353953520156,
            10.870005428921015,
            10.788456039872607,
            10.788286577863325,
            10.736455672877307,
            11.039377430857822,
            11.246589068127264,
            10.984724880885922,
            10.730530595450777,
            10.593638976734814,
            10.31945607711692,
            10.158178805207493,
            10.037460536557296,
            10.184691027361588,
            9.939269067354795,
            9.866445519791393,
            10.092674137280934,
            10.065304364137063,
            10.06532193143786,
            10.09836870676869,
            10.261610458237815,
            10.435466819840325,
            10.555768307000639,
            10.434751765031042,
            10.152982070359325,
            9.965820141984706
        ]
    ],
    "angle": 91605.5,
    "fluctuation": 1643.0412780000001,
    "buy_difference": 1.020461034
}