{
    "id": 65,
    "name": "D.R. Horton Inc.",
    "record": [
        [
            32.58954009761895,
            32.39515938265978,
            32.4915388160453,
            32.65573018782547,
            32.51390066867795,
            32.627289408863504,
            32.68681232943052,
            32.60457931080269,
            32.404023045427,
            32.4997313816483,
            32.55596220823361,
            32.56625632880976,
            32.434486330899325,
            32.648957502719895,
            32.458944267143146,
            32.50760408119498,
            32.66225720568581,
            32.63970505722605,
            32.63690557287833,
            32.61093164258909,
            32.696926782634264,
            32.483376391343384,
            32.47740770468867,
            32.54494959887511,
            32.44561391390744,
            32.64040308470893,
            32.571155994994655,
            32.59578805479956,
            32.59824817715657,
            32.427805212276766,
            32.42370023113287,
            32.67412509210946,
            32.415792793348906,
            32.70508815469722,
            32.70583303286751,
            32.48918642651092,
            32.515779016208015,
            32.57660689236775,
            32.51750305644151,
            32.66961606698705,
            32.54538847957337,
            32.56977786952898,
            32.41301452708467,
            32.72548321563417,
            32.658864629852864,
            32.64739379557285,
            32.45230061114603,
            32.63797611254046,
            32.49931909613445,
            32.508666944903275,
            32.620294507336595,
            32.41442088446068,
            32.63154161330417,
            32.39639786898363,
            32.50517239631136,
            32.42232168776574,
            32.55369824358615,
            32.636799886058654,
            32.67946405837248,
            32.52780719128232,
            32.57304660114175,
            32.43109933419454,
            32.50934117861812,
            32.67039298221099,
            32.47125439092108,
            32.64435151356283,
            32.54296797453537,
            32.44695206097318,
            32.63171469243046,
            32.4304209327193,
            32.412561526594814,
            32.65486354638389,
            32.7072762190629,
            32.705165357802485,
            32.423914093263484,
            32.43843115455438,
            32.649090686847835,
            32.46011565203566,
            32.58467698125507,
            32.62321377776108,
            32.56506012614651,
            32.48992273239211,
            32.40995745581806,
            32.637080825036634,
            32.45703488059334,
            32.69287533522544,
            32.59146219453156,
            32.667965703883965,
            32.645293723654675,
            32.59860175877437,
            32.428836041844825,
            32.41201397938959,
            32.7102995460381,
            32.662038029590214,
            32.41468597206415,
            32.42518807756166,
            32.40924976157331,
            32.487416659878285,
            32.431357528927464,
            32.48203879892744
        ],
        [
            32.00158271779766,
            32.002532252044034,
            32.007671733192254,
            32.005828329815465,
            32.00404088697664,
            32.00348232083807,
            32.00119236353766,
            31.997171480393906,
            32.00163975221709,
            31.996502064585794,
            32.000579227506236,
            31.99789857782664,
            31.99957407160623,
            31.99600008410047,
            31.998010578398404,
            31.997843038084042,
            31.999462676432813,
            31.99650292151398,
            31.996949683212012,
            31.99382265696128,
            31.998346316583397,
            31.99963086409446,
            32.00337324445949,
            32.00895986182841,
            32.00733982478133,
            32.013150667533516,
            32.01231258714988,
            32.010915847455024,
            32.01013369233739,
            32.00583241725281,
            32.004994528455505,
            32.00789947326029,
            32.01326334699244,
            32.009520247814905,
            32.00706228188619,
            32.00214710496026,
            32.00588977960151,
            32.00806849971167,
            32.00438185958562,
            32.00667220901554,
            32.01259469588498,
            32.01415920284332,
            32.01695320908955,
            32.01672969015003,
            32.012092343947856,
            32.00723224915791,
            32.00751156738902,
            32.00438350893711,
            31.99930122116019,
            32.00209393068976,
            31.99662115610731,
            32.00226245904287,
            31.9980739209732,
            31.9941092628934,
            31.995449485147017,
            32.00042024811565,
            31.99835388458422,
            31.99684606873656,
            31.993998225629753,
            31.99209977621342,
            31.988582447873913,
            31.98981076842861,
            31.986740261793315,
            31.988303505203906,
            31.987689385654075,
            31.991486211660764,
            31.99740588852642,
            31.99902550474794,
            31.998243640159092,
            31.995563186128813,
            31.993999664351367,
            31.989030670574813,
            31.992548434997378,
            31.987300568111777,
            31.982723296760085,
            31.987412896406873,
            31.992940879721257,
            31.995956427566508,
            31.993611173379378,
            31.99629168844053,
            31.999921964424036,
            31.996459614301436,
            31.99785578414352,
            32.00031323178239,
            32.00254743106737,
            32.007128195174865,
            32.0098657151658,
            32.008245632271695,
            32.00517335618636,
            32.01048089488629,
            32.00684983296103,
            32.009531457194456,
            32.00824656382704,
            32.002437665637274,
            31.99931010305213,
            32.00003616084136,
            32.00037126794565,
            32.0036109645665,
            32.00612471972114,
            32.00472825001116
        ]
    ],
    "angle": 90001.7,
    "fluctuation": 10.624537000000032,
    "buy_difference": 1.017355404
}