{
    "id": 66,
    "name": "Cigna Corp",
    "record": [
        [
            35.73702154962341,
            35.892665550982805,
            35.81521683744892,
            35.83358458409099,
            35.618858486877826,
            35.92734942936958,
            36.01051965350168,
            36.060818351281135,
            36.2857294578733,
            35.951343339942326,
            35.92836667189941,
            35.8030847260229,
            36.24476878896306,
            36.210367397339795,
            36.407767163269966,
            36.314096051625626,
            36.55947070759516,
            36.31761897011195,
            36.19296110439585,
            36.42183243337393,
            36.73947510486781,
            36.89819431239579,
            37.12672020332298,
            36.70479036691168,
            36.78603578595509,
            36.74493441997644,
            36.86579952352799,
            36.77679561039312,
            36.753752045759335,
            36.78003271279492,
            36.578147715848715,
            36.36487574901462,
            36.293464897827626,
            36.532594589926006,
            36.488381862926595,
            36.17019103615748,
            36.3397484475162,
            36.39519839914598,
            36.626059485776885,
            36.41980154549731,
            36.72291421978895,
            36.46040568507122,
            36.26414385295107,
            36.40143004369854,
            36.31132427748348,
            36.75725020712658,
            36.70365290737483,
            36.94908518420606,
            36.82233451219653,
            36.66153455482156,
            36.995297121933575,
            36.58072051546061,
            36.91075945943988,
            36.919137847536206,
            37.060006222232786,
            36.98685679058701,
            36.66763590147527,
            36.6184951562558,
            36.63275539269693,
            37.0543552406902,
            37.263668161737606,
            37.475372997874985,
            37.403152035857055,
            37.53297540820426,
            37.646716854559095,
            37.34119702378938,
            37.654639991053784,
            37.53141346216704,
            37.50112425220238,
            37.711434961086745,
            37.67234275607833,
            37.629653537696605,
            37.54213416634953,
            37.37082514232909,
            37.267755544499025,
            37.46229786508298,
            37.44744955770915,
            37.663770055712675,
            37.675256105256445,
            37.64164150395182,
            37.48629611490398,
            37.30528086194719,
            37.78047728498493,
            37.477003072378125,
            37.99383410101635,
            37.99300362888627,
            38.066267861679286,
            37.76051424768084,
            37.54769551005731,
            37.55121971239026,
            38.05548317263064,
            38.267702684482856,
            37.79355627469768,
            37.96949576362383,
            37.8580189868349,
            37.80075291722135,
            38.06197962928396,
            37.74454829555146,
            37.89846563062241,
            38.34405965602928
        ],
        [
            34.06280044267806,
            34.286304585110905,
            34.18160468761179,
            34.33958986615441,
            34.198904824417234,
            34.22375321675659,
            34.44359378495567,
            34.3543140570489,
            34.561698277396395,
            34.476613681855255,
            34.34784503791001,
            34.39304549774264,
            34.6157368143834,
            34.68329245326666,
            34.83748807121866,
            34.86992618120145,
            34.91978041290378,
            34.8943233443587,
            34.7013632789,
            34.89632099370093,
            35.13029321463016,
            35.18008927835433,
            35.4085608028507,
            35.220337237017105,
            35.108142412392034,
            35.05143201665304,
            35.19480110822893,
            35.23994599237784,
            35.04586544472376,
            35.049964084463475,
            34.94110828752387,
            34.834772492833345,
            34.79772507247427,
            34.92200266103786,
            34.81711839909563,
            34.648279412889444,
            34.7307178268386,
            34.923266108110475,
            34.93106978393643,
            34.953886041193336,
            35.093412168569714,
            34.85996272719709,
            34.835946651398395,
            34.75841699657124,
            34.84977503829623,
            35.06667672092129,
            35.13818477179724,
            35.36253278743305,
            35.18842089468815,
            35.24599972745999,
            35.25861499507865,
            35.048554122682376,
            35.153531493615915,
            35.29150460368368,
            35.440327392775366,
            35.226006023163336,
            35.026591467501206,
            35.08826068750609,
            35.207717429249406,
            35.38893616087809,
            35.59950317609895,
            35.726831990021694,
            35.83653848298583,
            35.96452611941481,
            35.90449292240606,
            35.85618052797286,
            35.8691394435621,
            35.76956425359009,
            35.991684959913606,
            36.09575913777018,
            35.88600278224633,
            36.03190145691286,
            35.81189038063635,
            35.61651448287975,
            35.69251455692473,
            35.73929717416745,
            35.864613227439946,
            35.97814406175762,
            36.12618996906001,
            35.97856066810443,
            35.9522063267668,
            35.7893626630421,
            35.98184425170082,
            36.01912332618177,
            36.25361698142959,
            36.314398931882096,
            36.33723028552322,
            36.25882198771937,
            36.087065782148095,
            36.03976405239303,
            36.254585455319976,
            36.434992550515894,
            36.29783649874259,
            36.29555598170349,
            36.13844044488483,
            36.08377550198431,
            36.257163928407515,
            36.14191779253484,
            36.322019074369095,
            36.56227406759989
        ]
    ],
    "angle": 90373.5,
    "fluctuation": 386.937626,
    "buy_difference": 1.045283463
}