{
    "id": 67,
    "name": "FleetBoston Financial Co.",
    "record": [
        [
            11.607463960876148,
            11.554014509248136,
            11.657875698420131,
            11.614171566907004,
            11.601339472954338,
            11.600473408759909,
            11.59723347721935,
            11.607068415098976,
            11.639281991328872,
            11.674584036175501,
            11.709286594121114,
            11.662776777771898,
            11.658705617251393,
            11.614033131115495,
            11.684174658290841,
            11.666302858716046,
            11.6684873216553,
            11.704023180423235,
            11.617354635529699,
            11.65828028227042,
            11.771766346221012,
            11.808474282413849,
            11.778286880946789,
            11.742822667290302,
            11.759533074936042,
            11.77920414775069,
            11.762457943074647,
            11.701850145380636,
            11.678907080909667,
            11.746598910984954,
            11.761294998226582,
            11.795423254923824,
            11.673258577580182,
            11.724288632353606,
            11.83274727578826,
            11.810077716621084,
            11.82069223187919,
            11.86075642065895,
            11.852821452021137,
            11.802937962013656,
            11.865959721139827,
            11.87681953017516,
            11.77854826400841,
            11.896409259941763,
            11.793854716170008,
            11.825280132723453,
            11.812395731608971,
            11.894270575866294,
            11.831644645511401,
            11.893590574854437,
            11.805915394178703,
            11.854954724199338,
            11.867369449171372,
            11.790271707975606,
            11.905423462622792,
            11.754008519333627,
            11.738149585737089,
            11.803748283140512,
            11.851662949656058,
            11.884514264913317,
            11.810612477077143,
            11.933260839063482,
            11.8337119418903,
            11.875899837044209,
            11.833689907645917,
            11.87569371265022,
            11.935605568160065,
            11.935036017831383,
            11.947920851943449,
            11.907580303915038,
            12.031051519760007,
            12.001407177706065,
            11.949897009229954,
            11.996577409841619,
            11.955013640056546,
            11.986989545918934,
            11.992709809262879,
            12.03005912607174,
            11.895276535905781,
            11.946116784192604,
            11.827823568990022,
            11.843277810257591,
            11.794067634937678,
            11.85059135441011,
            11.826861337026667,
            11.85510714568412,
            11.883991258258439,
            11.834622195728286,
            11.809899718772229,
            11.767495073318365,
            11.864072446160142,
            11.895811142035484,
            11.867032332888574,
            11.828328690813004,
            11.767778889659933,
            11.726929820152915,
            11.743269585890182,
            11.73195461036971,
            11.70426695094416,
            11.76795958290129
        ],
        [
            11.376231411302417,
            11.33064851740301,
            11.376694636427384,
            11.380528150711012,
            11.361135474334667,
            11.335357035483701,
            11.36620472933971,
            11.398652454465093,
            11.439462111227787,
            11.43172069060895,
            11.442824841154103,
            11.423584760687536,
            11.383174579240945,
            11.429554332023105,
            11.442255569548118,
            11.461419345152317,
            11.42232547694852,
            11.42059133274004,
            11.428230659849207,
            11.467338489717935,
            11.509623809547712,
            11.532852226342216,
            11.488479078436514,
            11.533125312890606,
            11.517205076542876,
            11.519195450622131,
            11.501670678810337,
            11.490580350689523,
            11.494552582825017,
            11.468990684369562,
            11.485629028136172,
            11.513218554066388,
            11.477461582161292,
            11.519542077707662,
            11.561169298649169,
            11.547082033569854,
            11.544784996175366,
            11.573529024112892,
            11.613215422889652,
            11.61195888801785,
            11.585530631814677,
            11.619295946969618,
            11.594950845572873,
            11.639623366241137,
            11.610018709324482,
            11.611781884603124,
            11.613099348930298,
            11.595835870838162,
            11.569323432225614,
            11.598635899999069,
            11.590443099230535,
            11.631593058526462,
            11.58575227913605,
            11.597168131796762,
            11.605553913337502,
            11.569630952574435,
            11.547059136453779,
            11.573237159855431,
            11.576186981457242,
            11.599022326125212,
            11.613677308633742,
            11.639639862133015,
            11.634055916367108,
            11.654478171191286,
            11.643382614068027,
            11.665962889397228,
            11.710724343175148,
            11.717207114676679,
            11.691190790120835,
            11.698459477869823,
            11.746720803947822,
            11.718945088763185,
            11.762446665803653,
            11.718901601389685,
            11.674807214401277,
            11.685065539292268,
            11.722137165365805,
            11.734056402192147,
            11.694581804842482,
            11.65217948339902,
            11.630601415490466,
            11.591111933164363,
            11.602066871378106,
            11.649481385704368,
            11.62732089354115,
            11.591108713477634,
            11.605449483798422,
            11.580326630365347,
            11.541148368625192,
            11.54925158110286,
            11.589463631039486,
            11.598492091764657,
            11.601610380742144,
            11.556852126333327,
            11.5449033815197,
            11.516361633910993,
            11.493233073827327,
            11.495941741261296,
            11.516041014306412,
            11.515096425479816
        ]
    ],
    "angle": 89769.5,
    "fluctuation": 236.53329700000006,
    "buy_difference": 1.020836354
}