{
    "id": 68,
    "name": "Felcor Lodging Trust Inc.",
    "record": [
        [
            28.930319296155886,
            28.508287373070285,
            28.593285190413123,
            29.127903919058443,
            29.443290758535344,
            28.590906376745675,
            27.984338997423276,
            27.94944128304014,
            28.117785521820167,
            27.697644497138814,
            28.088120860506447,
            27.92338838807902,
            27.092560025235375,
            27.306426910417873,
            27.674159987704755,
            27.716389359651696,
            28.164457077467237,
            29.109516571538318,
            29.53595763364133,
            28.923759534465315,
            29.721164408124615,
            30.108134510208508,
            29.69489102520111,
            28.838894642962597,
            28.848882101694713,
            28.585273104476343,
            28.549031470642426,
            28.185197640743496,
            27.655110854136552,
            27.45533555650452,
            27.574786599616676,
            27.720795592472914,
            28.023749555985777,
            27.374927565039215,
            27.793796380831257,
            27.596886938168325,
            28.21040603546206,
            28.045428274946268,
            27.35553779283982,
            28.12121736054254,
            28.694780259742966,
            29.403195468796145,
            29.040114280027634,
            29.591090684080065,
            30.315533830408814,
            30.510613993764846,
            30.426632240506954,
            30.67472390004587,
            30.85171605421093,
            30.239476724579937,
            30.648477940426623,
            31.575665147737297,
            32.369950984951444,
            31.913581096649192,
            31.744823214776684,
            31.11028804346007,
            30.550775318375898,
            30.418862599324385,
            29.959088118818514,
            30.516680657273316,
            31.328818193779334,
            31.542553032145623,
            32.39121453819641,
            32.845244766939,
            33.054871471062185,
            32.62624010333959,
            32.66529054276242,
            32.13855084172292,
            31.611215792388496,
            32.16355549385892,
            32.05395482066413,
            32.48238430647797,
            32.34424534728666,
            32.69784971318255,
            33.0787633296285,
            32.55686109245085,
            32.59488952606733,
            31.630602367600105,
            31.54081738845989,
            31.087161232363584,
            30.4424406771404,
            29.805740104564588,
            29.172711764670353,
            29.94582452380918,
            29.58732762225006,
            30.063174515117076,
            29.640237652133035,
            30.220882364567295,
            29.48680873801932,
            29.51823958563008,
            29.347479663687732,
            29.333278917025783,
            30.021978454178633,
            30.63317366043054,
            30.40340886176316,
            30.310619476488117,
            30.51836311880618,
            29.673662066178085,
            30.25173498151803,
            29.91218453093953
        ],
        [
            28.506502659279516,
            28.237223055288943,
            28.29302314335401,
            28.76436064431952,
            28.971472128051722,
            28.234065329726317,
            27.615729727949567,
            27.537245307129012,
            27.892415558629754,
            27.34101140654512,
            27.768112189635918,
            27.46497472464398,
            26.837649737498218,
            27.076676155027354,
            27.238836655843393,
            27.469392481338254,
            27.888266965681925,
            28.611674108181514,
            29.059757342010087,
            28.66024800787555,
            29.46221792046176,
            29.6552226153596,
            29.172513452092378,
            28.385249664804235,
            28.514494592657933,
            28.259600365525102,
            28.108354255028058,
            27.76675334052364,
            27.378422850262552,
            27.01537322593578,
            27.132910107073542,
            27.421449453716274,
            27.640804913680125,
            26.992757723428497,
            27.31029787453933,
            27.22249544861486,
            27.96743061188394,
            27.745356928021025,
            27.008711388463347,
            27.70925371629067,
            28.396298860300305,
            29.149946583806674,
            28.78710146091731,
            29.321499399782233,
            29.859502060462017,
            30.214447520770722,
            30.119194624051683,
            30.380012166527845,
            30.555303843624454,
            29.805407054990617,
            30.393660948411146,
            31.134850576827706,
            31.867116362102422,
            31.446060967589975,
            31.392585565118335,
            30.823761892876483,
            30.064206458658685,
            30.054240095408197,
            29.7070184083181,
            30.25688011073047,
            30.869864587762166,
            31.151989140913454,
            32.01897390484674,
            32.28351240274309,
            32.590150889160164,
            32.25775914708529,
            32.13543388571287,
            31.617238316150257,
            31.279262038189156,
            31.708198961617054,
            31.65389171498308,
            31.91732352536733,
            31.81642543373587,
            32.12264560266567,
            32.67244676681805,
            32.27320851701834,
            32.088560709280884,
            31.31099956298891,
            31.222121791710617,
            30.75762748532607,
            30.03845038716873,
            29.516415841095085,
            28.880840239427457,
            29.501241528611086,
            29.113200850453897,
            29.807234845349,
            29.14783010252415,
            29.77518736934329,
            29.221100776667257,
            29.258122933703227,
            29.11517929800399,
            29.045626946286937,
            29.608769496377516,
            30.199483556354828,
            30.13851829995263,
            29.899412299370052,
            30.155566202712258,
            29.41512944401639,
            29.91306780124474,
            29.52408475670935
        ]
    ],
    "angle": 89453.59999999999,
    "fluctuation": 1596.070444,
    "buy_difference": 1.013043888
}