{
    "id": 69,
    "name": "The Bank of New York Company, Inc.",
    "record": [
        [
            42.24003363379604,
            41.86571839974213,
            41.84498038011089,
            42.08175445122874,
            42.14627843020229,
            41.85349020739733,
            41.54324790312686,
            42.17622723067974,
            42.728780148424455,
            42.56563506812683,
            42.94024245801934,
            42.95411457807076,
            43.48906561745592,
            43.326693692987384,
            43.14958020489932,
            42.935450791390146,
            42.5135231678192,
            42.950833356493945,
            42.86332057897236,
            42.42210930938664,
            42.903534570929914,
            42.5835132183357,
            42.77681266287926,
            42.540686314387,
            42.19671035999419,
            42.64154375112555,
            43.37734969215975,
            43.48612645696219,
            43.829017765086526,
            43.51909597337501,
            44.20842369274875,
            44.560530247390275,
            44.91108512736048,
            45.128636233178675,
            44.84118338732726,
            44.633915682062316,
            44.6806340832843,
            44.24641391505766,
            44.51746929725073,
            44.35331227829746,
            43.8974550603292,
            43.491475198922245,
            43.11939552825012,
            42.546373289404414,
            42.25775142902127,
            42.06778138612407,
            41.918965377440315,
            42.412770201537256,
            42.085847989530535,
            42.23211457429197,
            42.713956823411486,
            42.71871864367322,
            42.536197124752256,
            42.94353949109734,
            43.099153482075856,
            43.653770262130834,
            44.099425594779994,
            44.107178429269545,
            44.02619695858131,
            44.36324993636066,
            44.8839387110134,
            44.889606711765076,
            44.468713756742595,
            45.06409769181209,
            44.55217569523048,
            44.64988281970927,
            44.9712139882574,
            45.22957350317802,
            45.59488035680148,
            46.50634259047181,
            46.47563129363108,
            46.041065003770555,
            45.22148571507422,
            44.82743288566262,
            45.115909923105846,
            44.23403737185248,
            44.67120924685837,
            44.15213050005292,
            44.16058710530975,
            44.48128601870794,
            45.22713803701408,
            45.179217631854705,
            44.4789399133769,
            44.22951762110133,
            44.237309386159595,
            43.45738472178917,
            43.86975072909869,
            43.79416450459918,
            43.985516956478996,
            44.22781276084422,
            44.331404003905476,
            44.24837532892108,
            44.96667640445524,
            45.586229335268484,
            45.826792346608705,
            45.548877735802556,
            45.46640919229915,
            45.69737914613906,
            45.70642222628764,
            45.294613510671105
        ],
        [
            41.070660875249125,
            40.76388052413875,
            40.48779632443195,
            40.67228970129421,
            40.88938233489758,
            40.702973788274754,
            40.506788485375004,
            41.01683904859295,
            41.43380393319139,
            41.3292830281951,
            41.75148512389563,
            41.64398786985301,
            42.02827985751896,
            41.93817574328796,
            41.90884470791549,
            41.71757115099626,
            41.1592750969943,
            41.70746534761082,
            41.60167470259338,
            41.20641524872452,
            41.749253087467,
            41.33837091102432,
            41.34818551381856,
            41.14453104820811,
            41.15221623400864,
            41.45275008973393,
            41.983021340381875,
            42.21881445647251,
            42.696926028617256,
            42.32279348546709,
            42.82581678294928,
            43.14107573913295,
            43.38093652437834,
            43.800312691252046,
            43.59980041948339,
            43.36351734179977,
            43.274620405887134,
            42.888303052859456,
            43.38065757156416,
            43.077964321465096,
            42.567059949237205,
            42.20289953845626,
            41.896298228652704,
            41.45989607485575,
            41.10847947525582,
            40.9976418700493,
            40.836209780235386,
            41.23861540520901,
            41.007013719984194,
            41.05473529351117,
            41.514828103196876,
            41.30848759981088,
            41.26354807873293,
            41.59633975883071,
            41.87243850057236,
            42.32653163093123,
            42.66061597171931,
            42.85606230927763,
            42.85030364188793,
            43.15239015622014,
            43.58460994030615,
            43.503064206930944,
            43.198693303168696,
            43.585125847233606,
            43.0256913289093,
            43.457331511036564,
            43.58650293391596,
            44.11443971199005,
            44.37263943678174,
            44.93525875350467,
            45.058096176514454,
            44.47684372107426,
            43.9872010689058,
            43.50362464907778,
            43.587458659603904,
            43.06122928464152,
            43.17501462304895,
            42.84398078887697,
            42.90366093814958,
            43.35845805682345,
            43.944253856382424,
            43.748783067842794,
            43.195657031709,
            43.03956174163572,
            42.74287834952612,
            42.2543108253069,
            42.616836578625964,
            42.5519271381545,
            42.83218638639239,
            43.020649631170116,
            42.85512582044071,
            43.09680032927272,
            43.59516533232764,
            44.10770304489037,
            44.656545346664224,
            44.42587150824408,
            44.22987229300623,
            44.39226817513604,
            44.35665637281321,
            43.856149807308704
        ]
    ],
    "angle": 89568.8,
    "fluctuation": 777.488918,
    "buy_difference": 1.030326805
}