{
    "id": 7,
    "name": "Corn Products International Inc.",
    "record": [
        [
            15.675116946704545,
            15.836721392788796,
            15.753218905017969,
            15.708472742782051,
            15.728942783985868,
            15.687227020999767,
            15.751730741789604,
            15.619574856074772,
            15.617376377724138,
            15.610797329423717,
            15.645622010406361,
            15.745663154188163,
            15.727944891396016,
            15.77654382589652,
            15.72088380457494,
            15.658820793959896,
            15.659665742152521,
            15.8178121960177,
            15.687492566929105,
            15.807271024657927,
            15.747705878598245,
            15.78573522998136,
            15.792338994713766,
            15.732726222464835,
            15.894547342017907,
            15.752671213056779,
            15.759994864216157,
            15.835213470719705,
            15.743265292942425,
            15.799527735503206,
            15.752695312002041,
            15.741875366069744,
            15.841935192822797,
            15.826911080822939,
            15.750822844733019,
            15.722178222448633,
            15.658511441504594,
            15.692339275579723,
            15.731786035915956,
            15.678204249838995,
            15.761815088010769,
            15.62233360150763,
            15.75136958614147,
            15.581075183567709,
            15.606579899539035,
            15.62681941471149,
            15.668725566789643,
            15.710160157096436,
            15.74509265663233,
            15.842141917362783,
            15.784142129476098,
            15.800280813108294,
            15.681485804014228,
            15.843118645901438,
            15.74057203270633,
            15.696517291590354,
            15.69908055569302,
            15.788262337823562,
            15.80774685535978,
            15.822282668134688,
            15.824353063677517,
            15.828613312390114,
            15.795386096202883,
            15.848709154279344,
            15.908109669569418,
            15.808403580450928,
            15.664267867837921,
            15.651540056361988,
            15.73056052779667,
            15.64415815879113,
            15.721278937462229,
            15.67651950089198,
            15.49049758459852,
            15.557692088592978,
            15.532611933467592,
            15.49738285756013,
            15.476711096928087,
            15.531582940304903,
            15.489851073827477,
            15.617843553710268,
            15.50732167566844,
            15.539812778805732,
            15.481368090577872,
            15.5182460262622,
            15.619027927198768,
            15.583901697945388,
            15.440439021161135,
            15.496614860626247,
            15.439519012473154,
            15.487377916381972,
            15.50536629128516,
            15.5015328035152,
            15.474089235848622,
            15.326902189300709,
            15.341715417623352,
            15.404208039300991,
            15.499491936229441,
            15.50473982648727,
            15.479644531027263,
            15.480057259486149
        ],
        [
            14.983622938515902,
            15.03850559420604,
            15.002580573113732,
            14.9704427253259,
            14.96749080379828,
            14.945709682617078,
            14.933980562916602,
            14.89019036612739,
            14.886604846449663,
            14.937128812937987,
            14.947929682395742,
            14.946077588724792,
            14.93372312908412,
            14.957505477215422,
            14.915125755248868,
            14.969547738011743,
            14.949352889951529,
            14.99961699487358,
            15.019565909774272,
            15.046536106249052,
            15.0711567616871,
            15.11362569316985,
            15.06694897130129,
            15.025122088097792,
            15.067883257416556,
            15.050205191334323,
            15.004533648860871,
            15.019108235225078,
            15.044236311984932,
            14.995712663303635,
            15.000582320870716,
            14.979797308187553,
            15.026979652516662,
            15.011233728657727,
            14.998799254617241,
            14.979008780616624,
            14.945255606336323,
            14.92371491336943,
            14.970196411397017,
            14.95805678139476,
            14.953959147019848,
            14.916703731299943,
            14.958946884452866,
            14.917679461285259,
            14.919606393564456,
            14.95997252463868,
            14.938540795415669,
            14.937680446785,
            14.966413881072205,
            15.016709052968988,
            15.018517698784645,
            14.987468096081837,
            15.009289482999108,
            15.046080216201705,
            14.996533136431752,
            14.990541710903424,
            15.015569491914237,
            15.067586634215472,
            15.053005426356643,
            15.098541485656018,
            15.053771018756809,
            15.011353672382677,
            15.05779178025899,
            15.058895654963754,
            15.07923964680742,
            15.02809325257327,
            14.980768395617208,
            14.944590988429185,
            14.975013654901574,
            14.922585529953313,
            14.9348366459972,
            14.881927995963231,
            14.82350938670766,
            14.831197327156913,
            14.825090906431477,
            14.789984724948676,
            14.783585773422955,
            14.810753731647381,
            14.796137275763234,
            14.809991969084521,
            14.79057952247483,
            14.809706900010024,
            14.81774993571506,
            14.823260558754175,
            14.808167007172777,
            14.779276956648262,
            14.740070158827493,
            14.72287935675568,
            14.755457040750368,
            14.700908416332917,
            14.735602611483307,
            14.737840458888288,
            14.70734551824056,
            14.658123434650143,
            14.639956291554661,
            14.67753658599993,
            14.712407270257241,
            14.71885527146495,
            14.686250957445107,
            14.704215541234262
        ]
    ],
    "angle": 90209.1,
    "fluctuation": 229.05188600000008,
    "buy_difference": 1.049719032
}