{
    "id": 70,
    "name": "SunTrust Banks Inc",
    "record": [
        [
            1.4829392943642563,
            1.4754411122246283,
            1.4755641078906734,
            1.4866150809259782,
            1.4907402728917116,
            1.481805729998398,
            1.4792323054634482,
            1.4867473443395063,
            1.4791041808099188,
            1.4737459066961158,
            1.4780320045020257,
            1.4681314070199594,
            1.4810294308126155,
            1.4751647631654135,
            1.4774191079174874,
            1.4865338716438363,
            1.4711971247602742,
            1.4779214540831744,
            1.4826267498701688,
            1.4687059029740686,
            1.4778067939654496,
            1.4773628852240388,
            1.4759207007978925,
            1.4797418000491092,
            1.4961076465563083,
            1.492251878203137,
            1.50898316829008,
            1.5128675836711818,
            1.5076747486326845,
            1.5159857719592615,
            1.5234608568753527,
            1.5191859659608593,
            1.5177924013605146,
            1.5174667917953273,
            1.525351328205349,
            1.5253416996706257,
            1.5172733203926867,
            1.5284763201057978,
            1.5215205005109407,
            1.513373888417891,
            1.5115593944395058,
            1.515595415459053,
            1.5204100418032962,
            1.5209208051553524,
            1.514641304771217,
            1.521326635078922,
            1.503878485478466,
            1.5066479959953947,
            1.502527905931803,
            1.5061447737322264,
            1.4933785151236787,
            1.4969575211364483,
            1.4880720593145333,
            1.4866427766388475,
            1.487950019685409,
            1.4941099544187397,
            1.490152429496401,
            1.4809301819139815,
            1.4906479477481087,
            1.495569923683823,
            1.5008416392346857,
            1.4936673642426188,
            1.4934997340547447,
            1.4878263551656055,
            1.4840546709007942,
            1.4923344789996695,
            1.4878521935046969,
            1.4802366767448263,
            1.4889341460744627,
            1.4831535235116724,
            1.4843901207556507,
            1.4922242378887884,
            1.4881231364017167,
            1.480830935380744,
            1.4967870230655047,
            1.4827379897148496,
            1.4968487175960834,
            1.4817542775168118,
            1.490719734762575,
            1.4838245505477061,
            1.4931028923308458,
            1.4944672014394647,
            1.4838396113609034,
            1.4870682322651398,
            1.4857133361507642,
            1.4954551479154021,
            1.49996620413749,
            1.4863796640905271,
            1.4976278142115573,
            1.4982413776118624,
            1.4909008729304463,
            1.4949816085459393,
            1.4999542432479676,
            1.4947413078598482,
            1.5074615648684717,
            1.5002265029497215,
            1.4961100204596316,
            1.4939860159702811,
            1.491794600234935,
            1.499131429632609
        ],
        [
            1.452109690651149,
            1.4554908412065872,
            1.450665071229068,
            1.4578863089211012,
            1.4645603674936702,
            1.4607438019418377,
            1.4570386372255284,
            1.4594712673892702,
            1.45429077900475,
            1.4526529382993874,
            1.4503367858597729,
            1.4474089161213888,
            1.4553108064718936,
            1.447667705180932,
            1.45292447258347,
            1.4550500680184424,
            1.4479639011026753,
            1.4509521182169545,
            1.4510812815617782,
            1.4505926515460368,
            1.4551972983833694,
            1.45025897688735,
            1.4571331591622367,
            1.4614924451451878,
            1.4673417410075211,
            1.4720742993416902,
            1.4787899742475974,
            1.485557123092908,
            1.4828267625605998,
            1.4837305323114542,
            1.4917888291204786,
            1.4950452907015581,
            1.4948704849425407,
            1.4952984902007436,
            1.5008123393781976,
            1.504867634261806,
            1.4997659701193176,
            1.5010339524257716,
            1.502906821949944,
            1.4945596694733663,
            1.4902239229386938,
            1.4964530558023028,
            1.5001526538691814,
            1.4927197992600996,
            1.4867050927087426,
            1.4907379219682557,
            1.4844370389559909,
            1.4766486615172203,
            1.4790959313074636,
            1.4749795909339785,
            1.4758502263486841,
            1.4689076780209016,
            1.4654522330490802,
            1.4643379253648716,
            1.4690093523910877,
            1.4686043670867062,
            1.4653001687152887,
            1.4619321218710093,
            1.4679889660207395,
            1.4666680997307782,
            1.4687624573452456,
            1.4617415262279614,
            1.46419992661901,
            1.4705109943191932,
            1.4629607770942503,
            1.463203385401804,
            1.4653824383581806,
            1.460661079069883,
            1.4595784150852091,
            1.4632457335009117,
            1.4660834390570967,
            1.4638249468076108,
            1.4631584329020046,
            1.4631558792132484,
            1.4702072082172657,
            1.4651873669670847,
            1.465146452359702,
            1.4625988425372187,
            1.459437770513302,
            1.464642352034486,
            1.4652714677792449,
            1.467781994148073,
            1.4656869058583017,
            1.4643170426204963,
            1.4673903355056488,
            1.4739037509478954,
            1.4698069767657318,
            1.466428570855811,
            1.4695654112101537,
            1.4757625066784534,
            1.469415108816079,
            1.4740278878228883,
            1.4739069825333713,
            1.4748259207590437,
            1.4799531765599905,
            1.4719685468949764,
            1.4667590038490497,
            1.4703929089241954,
            1.4716232044866742,
            1.4685500458094527
        ]
    ],
    "angle": 90133.1,
    "fluctuation": 320.87510699999996,
    "buy_difference": 1.016757174
}