{
    "id": 71,
    "name": "Williams Sonoma Inc",
    "record": [
        [
            8.572998435656151,
            8.72731627639734,
            8.617501479773816,
            8.50082189525173,
            8.52760823298364,
            8.528667804162854,
            8.623541382565849,
            8.65952615920081,
            8.587958478468895,
            8.620236752354693,
            8.59002315293346,
            8.5039491795104,
            8.435835995853855,
            8.365229186221715,
            8.45991419365982,
            8.50267368181051,
            8.593443495566069,
            8.598965372419837,
            8.73143666033781,
            8.694946241523443,
            8.5969977453073,
            8.560750192543205,
            8.439372886025225,
            8.555559655039373,
            8.677472748685755,
            8.683816488408105,
            8.544637990949207,
            8.630327524289399,
            8.54319329287348,
            8.428383142386288,
            8.330450611838648,
            8.312784364122875,
            8.356757331143625,
            8.315552145037223,
            8.288227327541838,
            8.349915183208223,
            8.300389772775302,
            8.137016009495063,
            8.296275384720314,
            8.34277960907866,
            8.327615309560116,
            8.225872148857137,
            8.358275863447885,
            8.42524004203016,
            8.332991648700547,
            8.219474044619917,
            8.140258458990271,
            8.181079630568265,
            8.119208790248093,
            8.173634931931563,
            8.039565615456032,
            8.021734956128876,
            8.196375878585348,
            8.038360504554515,
            7.95721844274791,
            7.857011063177393,
            7.864721137189156,
            7.882281217182491,
            7.860608889889747,
            7.866696969432841,
            7.895696279673544,
            7.829216244633989,
            7.896937086617775,
            7.882140729529336,
            7.971895099668029,
            7.901732336173237,
            7.755326866092307,
            7.792538298271749,
            7.748341378409618,
            7.879218599842731,
            7.821776086846299,
            7.90722846398441,
            7.8855883863179015,
            7.75375082974557,
            7.802268652105034,
            7.7278150978817,
            7.649471604826448,
            7.6140917137296835,
            7.540310076425024,
            7.561868520912452,
            7.616287546232031,
            7.741578555481374,
            7.794142593069647,
            7.701198017415105,
            7.795103110123043,
            7.723963509481106,
            7.612189120779734,
            7.642008654908004,
            7.591226126726332,
            7.644488625425041,
            7.656269682248524,
            7.747866989964695,
            7.8483889385730565,
            7.94786141087682,
            8.055975559573383,
            8.128194408539798,
            8.08891340558819,
            8.052505447183465,
            8.129700274360738,
            8.035319057786287
        ],
        [
            8.257184162566514,
            8.386439255017345,
            8.25361395854595,
            8.12805745876966,
            8.215116671767635,
            8.163638134680443,
            8.263526452556398,
            8.299668043612401,
            8.211373067998645,
            8.247170904780244,
            8.223188460427677,
            8.143229563435987,
            8.121810809711274,
            7.998410544204634,
            8.114841144464682,
            8.124966191035686,
            8.25035292642689,
            8.265586954056928,
            8.381158175198824,
            8.315327962304366,
            8.251286417524271,
            8.21649648868497,
            8.090281103173949,
            8.217273103861906,
            8.32186045751427,
            8.335448378655723,
            8.212542428178333,
            8.256001099192208,
            8.186532728617463,
            8.061207024271159,
            8.001866494508437,
            8.004143582624625,
            7.973610689541784,
            8.005200645796597,
            7.944593249311983,
            8.009328904573172,
            7.950687065369973,
            7.834114439540085,
            7.959469720317756,
            8.013709190002668,
            7.985541763753323,
            7.926030464725362,
            8.000539022720194,
            8.087245227011886,
            7.982712949140557,
            7.896058366954504,
            7.798860593987928,
            7.809096303659049,
            7.821682900058878,
            7.802766964557294,
            7.691630002244341,
            7.719248836452201,
            7.841653844605488,
            7.719750623883625,
            7.653324258808975,
            7.541811853701188,
            7.549968527105189,
            7.534385807239366,
            7.5181674263905185,
            7.554134475206936,
            7.567580129641155,
            7.512875507575748,
            7.607556274131934,
            7.587203087112622,
            7.660523794874389,
            7.572608316071314,
            7.456898873471374,
            7.456781742617669,
            7.4524244198626155,
            7.527705767663537,
            7.46390047594537,
            7.545443086128804,
            7.546575814443385,
            7.444184730135631,
            7.493767202743271,
            7.401495980086867,
            7.347011745756622,
            7.307906015629194,
            7.242166460646475,
            7.261417582597594,
            7.275779725141099,
            7.385902012486825,
            7.460550834077897,
            7.356161054552123,
            7.441410527814257,
            7.374967471447914,
            7.28056987607905,
            7.328830810893944,
            7.2779453672452785,
            7.322419609123106,
            7.368304209564986,
            7.428121850713908,
            7.53428995651393,
            7.638960143103293,
            7.715799351385209,
            7.82247903511901,
            7.756645020520365,
            7.72791616186752,
            7.775536048820543,
            7.6852664783517985
        ]
    ],
    "angle": 90883.1,
    "fluctuation": 945.307738,
    "buy_difference": 1.04304522
}