{
    "id": 72,
    "name": "Astoria Financial Corporation",
    "record": [
        [
            11.995071678627347,
            12.002668137582253,
            12.198717283784882,
            11.867007073199625,
            12.01729752629024,
            12.291772749309956,
            12.28517441633635,
            12.456023071572604,
            12.65719847216041,
            12.453912361959135,
            12.532420964224693,
            12.857566257276407,
            13.15719439043957,
            13.296334411792088,
            13.174400929095235,
            13.56026620611432,
            13.301486413372086,
            13.536483903095712,
            13.22623876825822,
            12.92869810231769,
            13.03472308210497,
            13.402879162806352,
            13.52548881931398,
            13.269007144031718,
            13.272881406234841,
            13.352563070984338,
            13.277392265840705,
            13.644423996108976,
            13.735503362599141,
            14.04590630671815,
            14.207733238975115,
            14.334602425904716,
            14.041447556047169,
            13.853950761729157,
            13.459001460033386,
            13.660480752916937,
            14.054139717282869,
            13.562872506158206,
            13.474821068840082,
            13.238538165267478,
            13.312272102990908,
            13.274236289690162,
            13.33020080246079,
            13.110593944156754,
            13.111085005473981,
            13.20518265797297,
            13.612744120997219,
            13.478868527273606,
            13.47191120362539,
            13.861352390674423,
            14.015451339080379,
            13.962045096145841,
            14.049941939991518,
            13.79974968952958,
            13.813407655831977,
            14.273203387731797,
            14.083890098042144,
            14.35969867241399,
            14.256557580995615,
            14.390850171149564,
            14.665306803888999,
            14.32524098128586,
            14.03541522413688,
            13.98112586261406,
            13.881032260418408,
            13.834255241903264,
            13.923218116650142,
            14.294365818999669,
            14.096549149124208,
            14.29213329287529,
            14.304457220164798,
            13.935110113229827,
            13.610328344466232,
            13.30683164116281,
            13.494203768225766,
            13.227609344400477,
            13.230215682079342,
            13.33704682599582,
            13.681610568972376,
            13.670722934885328,
            13.800749372285265,
            13.847348602964226,
            14.042820643268522,
            14.261602590774675,
            14.514550975386502,
            14.254493741751766,
            13.834717980879613,
            14.31438793010929,
            14.377532361326715,
            14.16183460246958,
            14.20818631495866,
            14.297642514828713,
            14.443454940224653,
            14.19080521676112,
            14.486302689848207,
            14.86502005392235,
            14.532023394752713,
            14.538982365530861,
            14.77233841285532,
            14.770693134394518
        ],
        [
            11.66889418014123,
            11.706590888425364,
            11.870548043482996,
            11.58931680246379,
            11.770210391909117,
            11.965867413702735,
            12.045863135406986,
            12.157258273666816,
            12.419365246779254,
            12.160057354401905,
            12.291994320982537,
            12.585632088864836,
            12.831356769065277,
            13.008603727940095,
            12.932044444006015,
            13.312148838506511,
            12.934632366916194,
            13.211803637618912,
            12.915451183113918,
            12.640062564679303,
            12.74882361911932,
            13.038419681865912,
            13.278007786829242,
            12.92362995036676,
            12.96229340300816,
            13.005011011389191,
            12.957631991914928,
            13.317154726108845,
            13.408728568838223,
            13.677580247587589,
            13.915608650698111,
            14.020191823557104,
            13.743097681426033,
            13.53382414654283,
            13.211409459135599,
            13.379608199323043,
            13.699251946384932,
            13.314707450083498,
            13.173993236601623,
            12.998919901578885,
            13.049024435384993,
            13.00521663513859,
            13.020874647903963,
            12.779532096645157,
            12.7685454372833,
            12.916837495128012,
            13.286234710820006,
            13.225595831630804,
            13.144840238513,
            13.483083283272983,
            13.71765382688781,
            13.598628911288376,
            13.762441385156336,
            13.54316785461935,
            13.56338422297312,
            13.926678656629457,
            13.78463841276137,
            13.969220756360517,
            13.881324042995214,
            14.073796919164913,
            14.365214187068633,
            13.985833487159914,
            13.7248189119788,
            13.707402295483025,
            13.53726881057221,
            13.559325034375131,
            13.598771441479503,
            13.905664474797254,
            13.707767329129883,
            14.006698440511245,
            13.937686281600293,
            13.619917406912974,
            13.317136459630628,
            12.97599298884335,
            13.152143010222526,
            12.950443880650885,
            12.985527743130351,
            12.966630831344496,
            13.358787534708789,
            13.332167790727334,
            13.456287704365833,
            13.517912952561318,
            13.697785142467849,
            13.982387828493565,
            14.17490766304141,
            13.944632215398784,
            13.578849995804562,
            13.940410928324434,
            14.015876820286977,
            13.866483363135192,
            13.928619586572797,
            13.99665343943609,
            14.133731449347612,
            13.931150636157803,
            14.17850062214909,
            14.57838041290709,
            14.162242406872927,
            14.188839137800457,
            14.436764518882432,
            14.48878119296195
        ]
    ],
    "angle": 90184.5,
    "fluctuation": 1723.767466,
    "buy_difference": 1.023551463
}