{
    "id": 73,
    "name": "Kohl's Corp.",
    "record": [
        [
            36.29732395038516,
            36.57676699351347,
            36.72157350263705,
            36.46423895115997,
            36.48433978737908,
            36.5469128715314,
            36.170404183899116,
            36.32503207685574,
            36.24216997915943,
            36.48326332189248,
            36.646919416938985,
            36.952015952782034,
            36.70806559094402,
            36.86305829141005,
            37.079430214134135,
            36.92415527655146,
            36.737183354693336,
            36.904964042038806,
            36.63569301810658,
            36.94527102463847,
            37.20357206300124,
            37.36647844061588,
            37.661002230315134,
            37.539138672674106,
            37.6009472714517,
            37.398329395056585,
            37.738555642445675,
            37.83421303850207,
            38.50952092962621,
            38.607750553941905,
            38.727257298031915,
            38.4316134917514,
            38.10887696801738,
            37.94798227428435,
            37.74778330262014,
            37.72573175390561,
            37.739510025651086,
            37.50281229362549,
            37.48592538112817,
            36.99805352992466,
            37.05847827632731,
            37.03425828631652,
            37.03260919752013,
            36.89561206410999,
            37.17576513751052,
            37.319478252314134,
            37.704837658978285,
            37.67119330303369,
            37.96470319853734,
            37.57069754670906,
            37.73651416390424,
            37.92743923097135,
            38.19130218989853,
            38.09949639797831,
            38.56855080642742,
            38.619840254249176,
            38.351723943366665,
            38.77989468647927,
            39.010763648374606,
            39.296787444925926,
            39.567001613029035,
            39.89125566890739,
            39.83532263462324,
            39.32327566224883,
            39.44312304342237,
            39.260711333753534,
            38.999587865280695,
            38.60750667547445,
            39.1857676583556,
            39.03791719100202,
            38.58483424485871,
            38.35546747739218,
            38.48100213481464,
            38.366446066409864,
            38.69535457713525,
            38.39036931607581,
            38.52446037902066,
            38.41165984703881,
            38.79811456164251,
            38.748625650027975,
            38.45807652646536,
            38.43926142515337,
            38.09128065842796,
            38.32807961658042,
            38.20940779652615,
            37.76741322051418,
            37.446008848594715,
            37.404354905290155,
            37.3439747781307,
            36.99258804425206,
            36.998419868567815,
            36.92661872799065,
            37.33500067830354,
            37.47599214060469,
            37.07432273483783,
            36.55334716722769,
            36.25218372408774,
            36.60117327232839,
            36.47184946786416,
            36.335401069461774
        ],
        [
            34.87920769768879,
            34.95497951006412,
            35.03397985528594,
            34.81619691028967,
            34.85969868005165,
            34.922966900016576,
            34.65994578550908,
            34.89533739254045,
            34.90319575881648,
            34.837832048264616,
            35.029006968919944,
            35.28544347170089,
            35.17867187876332,
            35.25318272905949,
            35.51325825454777,
            35.43891152122061,
            35.35505286322253,
            35.4133996287416,
            35.250301723033175,
            35.54103689315696,
            35.56108414562172,
            35.68121329124981,
            35.980377637119254,
            35.8639522484025,
            36.13552215281546,
            35.99855454329063,
            36.115671021538226,
            36.392538790228386,
            36.739759541849494,
            36.82614337627608,
            37.01380930254773,
            36.69099854923688,
            36.372009945707475,
            36.465375719218315,
            36.27663553006134,
            36.277268687843545,
            36.25777790658132,
            35.99068842144771,
            35.866742105290314,
            35.52406682627217,
            35.44006837437784,
            35.65169074730778,
            35.47905114786142,
            35.48258108869809,
            35.46023887519516,
            35.78608032968333,
            35.961317672528395,
            36.12695847224438,
            36.3320934733012,
            36.05583652215581,
            36.07409526174908,
            36.289185014921976,
            36.55259773219673,
            36.63668280093461,
            36.89892050978816,
            36.85601515660881,
            36.92368129884903,
            37.20137857400212,
            37.490393628576896,
            37.83735580099849,
            37.82771661533245,
            38.14152176231659,
            38.17563583339032,
            37.87427507089285,
            37.61547930814529,
            37.63249070906265,
            37.43835971164609,
            37.08797747170641,
            37.40354450058027,
            37.26241847790525,
            36.98094513739763,
            36.71705219368744,
            36.734491141721925,
            36.93043576263158,
            36.964887247715346,
            36.9608876947778,
            36.98225248813031,
            36.91093766717265,
            37.226308786837876,
            36.971556081493844,
            36.918526108262,
            36.72756800790774,
            36.595737288370124,
            36.78268073531271,
            36.63211399847141,
            36.339225537882356,
            35.993840416503325,
            35.96101494774158,
            35.659724566208624,
            35.33826892143174,
            35.36851647388138,
            35.43772714140175,
            35.6938299066628,
            35.746611494753196,
            35.41634841326602,
            35.181665632145304,
            34.8672934411683,
            35.21708735327955,
            34.96978053455034,
            34.84941067975438
        ]
    ],
    "angle": 90124.2,
    "fluctuation": 574.232508,
    "buy_difference": 1.04337069
}