{
    "id": 74,
    "name": "Concord EFS Inc.",
    "record": [
        [
            32.94986222651725,
            32.29813114093106,
            32.488837962880396,
            33.11692756866395,
            32.732138158297495,
            33.03558118924778,
            33.190727784503785,
            32.21918719932359,
            31.753698483973647,
            31.350697811841915,
            31.773066371285264,
            32.71067817296391,
            32.2094546468549,
            32.909607388685146,
            33.52845918382241,
            34.42468358453747,
            34.613162836367835,
            34.38881042753299,
            34.77444752890836,
            34.25492836163752,
            33.687157282810524,
            34.39660487280782,
            33.50626836348802,
            33.383470706265314,
            33.312953709657364,
            33.14199536947784,
            33.23157073025147,
            32.412595499675035,
            32.5626578016454,
            32.72015712490768,
            32.52701463715902,
            31.84648111871384,
            32.50216556447738,
            32.13907673384352,
            32.98744063607151,
            33.29964103417043,
            33.82661570069564,
            33.65123954667561,
            34.29028274504704,
            34.47408043538328,
            34.21814364337815,
            33.74368381522593,
            33.70918971800613,
            33.4969588140354,
            33.16849303267224,
            34.234511718089394,
            33.76278967010719,
            34.10130505360614,
            33.44902786880903,
            33.961797600806214,
            33.20680179588478,
            32.74567491726139,
            31.82508373670312,
            32.69569417015976,
            32.00023972795867,
            32.66363617372541,
            33.45541458237128,
            33.80150607577944,
            33.80554070984852,
            33.36553594851704,
            32.63329970082116,
            32.23822760707065,
            32.82440727707094,
            33.04362977489937,
            33.165129076830695,
            33.141657384802265,
            32.4456723010688,
            31.761489697914673,
            31.51373491368088,
            31.36035857423535,
            31.340746542323735,
            30.48705332945841,
            30.21092490758061,
            30.548032772349,
            30.97857540305732,
            30.1961060900304,
            29.984239806422405,
            30.681123043696417,
            30.657952947871323,
            30.529809696538525,
            30.749866111167627,
            31.159279558243497,
            30.39133947486025,
            31.23895785698951,
            31.52439640859986,
            31.94287058445341,
            32.415662534942086,
            32.07132872632782,
            31.919854435844353,
            31.4878867985992,
            31.17355572178177,
            31.679554321075887,
            30.803451395188354,
            30.6514723829319,
            30.686884925789876,
            30.044359462399832,
            29.57315075157189,
            28.889723259801414,
            29.444251625797868,
            29.922728811344356
        ],
        [
            31.793807791871995,
            31.177382713365382,
            31.566222459241995,
            32.1055313011694,
            31.691204019062614,
            31.857452478158756,
            32.07741839922575,
            31.294799285695245,
            30.67020548465782,
            30.320313287640428,
            30.759553516576187,
            31.603998313628438,
            31.28220486703446,
            31.679125006165574,
            32.271626653393604,
            33.15074850464724,
            33.492295636183314,
            33.27520836106463,
            33.63826298984228,
            33.27213380621287,
            32.52470081560618,
            33.14020475711302,
            32.5123071585619,
            32.376913488593985,
            32.06419951915259,
            32.17820726043845,
            32.04325813509098,
            31.256683964765802,
            31.432730272114004,
            31.77820517873515,
            31.392058674351667,
            30.65574877423462,
            31.374337121713268,
            31.110775132706078,
            31.849129576399886,
            32.11209531046804,
            32.76727382746223,
            32.4965094840733,
            33.08059968908872,
            33.21154245777864,
            33.11669355218182,
            32.76568700038029,
            32.545972968580095,
            32.28950037624644,
            32.19101013280853,
            33.003755717037656,
            32.56846729118944,
            32.839337062785155,
            32.45025446670604,
            32.69522765706739,
            32.00661309430801,
            31.540153747154413,
            30.70849244615857,
            31.48887761917544,
            31.082133549341112,
            31.60273866200726,
            32.30095495498905,
            32.64813821792431,
            32.85543377457614,
            32.34006486734193,
            31.627164436519873,
            31.20675363721403,
            31.650654254301138,
            32.034472033755904,
            31.985569046822178,
            32.05561539032394,
            31.366755715625985,
            30.791488719897213,
            30.38987892087214,
            30.19080659521832,
            30.356214296912842,
            29.59156201045871,
            29.17133580939464,
            29.523366732843968,
            30.095825335376695,
            29.317986119750476,
            28.880379954776707,
            29.604667909810694,
            29.56756382816021,
            29.402937165604147,
            29.682842637222045,
            30.256186809754173,
            29.44547686406753,
            30.0739333915458,
            30.372909061478424,
            30.9611243273389,
            31.2347310600331,
            31.154311218445436,
            30.843010624359902,
            30.349824596629166,
            30.215453926581656,
            30.516320593627917,
            29.838785399873842,
            29.525988542142958,
            29.61909120322117,
            29.188230347236033,
            28.56406194186326,
            28.046778552875296,
            28.456609477957006,
            28.994354743568046
        ]
    ],
    "angle": 88867.09999999999,
    "fluctuation": 1607.187388,
    "buy_difference": 1.033776552
}