{
    "id": 75,
    "name": "Linens 'n Things Inc.",
    "record": [
        [
            69.52889127511982,
            69.2834556779017,
            68.52879199858656,
            68.67122670145363,
            66.88904492222755,
            66.0742896460897,
            67.38828217996037,
            66.02245765541113,
            64.70133747586915,
            64.09933764707226,
            62.21523756928859,
            63.3595650084655,
            63.47180547857657,
            64.73591988218408,
            63.69503423912287,
            63.10541272890033,
            61.45608173537194,
            61.53835155243191,
            62.08310938889476,
            61.65399700216564,
            61.64800696795599,
            60.69783158539872,
            61.47726340953666,
            61.06444252213728,
            61.284980947179484,
            60.03198877246756,
            60.583007964198735,
            60.12064160089192,
            61.549493993722145,
            60.63810008197089,
            59.47835640865081,
            58.93048415071649,
            58.96051542693981,
            59.96118780305374,
            60.42628289619378,
            61.38564926180879,
            61.31813026232235,
            59.64339644122163,
            60.27188888622429,
            58.91289890502839,
            58.196191801841906,
            59.095336431558195,
            57.97914244740662,
            56.28378847140908,
            56.968412252484306,
            55.663774413050255,
            55.44540736237706,
            54.53032531048629,
            54.04422622350391,
            53.129892146190954,
            54.530463645740845,
            55.23728558374606,
            55.19804658014572,
            55.33971763008389,
            56.0240255582349,
            55.24773280218652,
            54.41309021817101,
            53.873166623862886,
            54.05134369151118,
            53.65697184796725,
            54.1835079445483,
            54.360333079382734,
            54.999675188967224,
            55.30532525315944,
            53.92923988005771,
            54.59017244592191,
            55.48242467915026,
            54.40606053283212,
            54.51230242341907,
            53.914729578470585,
            54.01849243479755,
            52.96016274894798,
            51.82871727705889,
            52.831459898388175,
            53.11105792116889,
            53.30034431779325,
            52.11108687515031,
            52.23098587674934,
            52.968549472963026,
            51.96332173390792,
            52.156126304720914,
            53.171324855459076,
            53.553075083302566,
            53.01545764717273,
            52.17030390653486,
            52.42206457906217,
            53.661227249903796,
            54.59754949707204,
            53.2900988321528,
            53.13478754378493,
            52.844198636374884,
            51.99667041635353,
            51.71979620267607,
            50.98226361291947,
            50.06953647006903,
            49.0741068773792,
            48.72285902172119,
            48.312316674605015,
            47.541829644071406,
            46.850649127606836
        ],
        [
            66.5276849856756,
            66.41906505460126,
            65.42025818183518,
            65.85194465982137,
            64.29115535810786,
            63.310853749282685,
            64.34432491415635,
            62.889546582920886,
            61.8466529449614,
            61.326363528514136,
            59.810891693175854,
            60.401128071003406,
            60.762439871658714,
            61.72551909724011,
            60.79969722897433,
            60.41168700975803,
            58.90939542913371,
            59.14827644406291,
            59.5223679350485,
            59.01632083425602,
            59.02239863185772,
            57.84638510615432,
            58.85892709620717,
            58.475392824569646,
            58.89291224331772,
            57.4694556214309,
            58.037608721921075,
            57.61197653705242,
            58.72238844282682,
            57.783703157667944,
            56.72375442182418,
            56.139692778204825,
            56.6079975116906,
            57.58608141496165,
            57.88167218640348,
            58.75357463979605,
            58.642013619364285,
            57.14892084994424,
            57.82642257297964,
            56.60773068747649,
            55.50650378853188,
            56.74882994620268,
            55.49313095649576,
            54.086925767751346,
            54.44947114067046,
            53.08054428476467,
            53.11586476238976,
            52.244461716435076,
            51.54129335984261,
            50.75025400559455,
            52.036137018870264,
            53.07060776585275,
            52.86301572210978,
            53.00399992954825,
            53.815678314897845,
            52.72059692639448,
            52.22105016576705,
            51.64588462969824,
            51.86867313728567,
            51.479898596245896,
            51.59696830332156,
            52.17041835676267,
            52.68358431239852,
            52.72821793613545,
            51.44701874969146,
            52.459414778576715,
            53.23662481097653,
            52.2982494982676,
            52.02918641279818,
            51.46910409423414,
            51.44495102147035,
            50.857266431574175,
            49.65610273138297,
            50.32449073108819,
            50.986815597495784,
            51.13774084008317,
            49.92663564262779,
            49.85676144478237,
            50.621410515750426,
            49.78007920085505,
            50.0851559707625,
            51.034429345910226,
            51.04235797499968,
            50.46458342095495,
            50.123928183461615,
            50.23967197629986,
            51.119973903598165,
            52.10535177770045,
            50.96944622257432,
            50.79550568414777,
            50.71027432574996,
            49.96212324094592,
            49.58154114838601,
            48.81579818617012,
            47.707877738009415,
            47.09714862377051,
            46.55455321765899,
            46.21305460460109,
            45.417010491319175,
            44.76119123455525
        ]
    ],
    "angle": 89906.3,
    "fluctuation": 1559.661915,
    "buy_difference": 1.045321205
}