{
    "id": 76,
    "name": "Brunswick Corporation",
    "record": [
        [
            16.87331203318044,
            16.42032966305021,
            16.455101907040266,
            16.767549778037928,
            16.69724218289225,
            16.56779776884544,
            16.550230969588696,
            16.465767197166546,
            16.427325690734374,
            16.28978749556285,
            16.070601898179916,
            16.178648909120994,
            16.372979739195458,
            16.08782815005997,
            15.97597732529436,
            15.80353351785543,
            15.371775328509141,
            15.383770759664325,
            15.428320865546018,
            15.806972620690063,
            16.07058306127711,
            15.715508740358864,
            15.64332617688201,
            15.517962047614219,
            15.89157546082845,
            16.075796625542527,
            16.087492472652258,
            15.641119732233408,
            15.956282515082242,
            16.36559823672694,
            16.16724885217892,
            15.881475792367846,
            16.08174832440578,
            15.742547006527769,
            15.544338942572237,
            15.42413055160074,
            15.519738747802752,
            15.137303756890557,
            14.964909021108129,
            14.870805125230767,
            14.609992745437241,
            14.992816320526822,
            14.986072425166116,
            14.72364057989413,
            14.654524535038698,
            14.263660098839246,
            14.424529168671253,
            14.220170923894269,
            13.982198526899367,
            14.030131873267052,
            14.00192205885351,
            14.246329536728714,
            14.014987885960146,
            14.190473576726832,
            13.78494623641065,
            14.11430387559432,
            14.119566995668396,
            14.15010097244306,
            14.111624850690191,
            13.705514331095289,
            13.473680529428776,
            13.114410020051652,
            13.43558648049769,
            13.495001191357069,
            13.414262092917978,
            13.57869743845469,
            13.582598929477344,
            13.963150095032884,
            14.073297106523063,
            13.869869101892485,
            13.993964147996168,
            14.284481546944416,
            14.25365911191039,
            14.141235912952045,
            13.820442530035285,
            13.628267293055758,
            13.526483742020112,
            13.746353763789788,
            13.670782529206368,
            13.623383916360034,
            13.826137357655682,
            13.55399848553889,
            13.562329248359,
            13.96051615977388,
            13.462181646963824,
            13.263030030653818,
            13.577131675681544,
            13.985249664811437,
            13.918204940177969,
            13.86046768232583,
            14.201008612664145,
            14.002466926344917,
            14.204506839502399,
            14.717730537064197,
            14.849389164801819,
            15.032338669099211,
            15.10270916593882,
            15.533463669375728,
            15.81693621013967,
            15.967497679860838
        ],
        [
            16.353288955038945,
            15.954168550628353,
            15.970335173890302,
            16.21024438718545,
            16.257459688421147,
            16.11199311350001,
            16.09814151246799,
            15.979085474968832,
            15.929015278667935,
            15.827332379504195,
            15.644179691976536,
            15.728813671932402,
            15.844600123953908,
            15.574873891045911,
            15.45114904632099,
            15.26608199758561,
            14.92041809122766,
            14.908162836190247,
            14.987315973981794,
            15.348988086946061,
            15.491611323775414,
            15.249475001612769,
            15.2022729209339,
            15.060803422315852,
            15.36031932449519,
            15.541483130711129,
            15.523357670145225,
            15.137870416194415,
            15.435183029654132,
            15.827970485881798,
            15.6595866106807,
            15.365887915912468,
            15.564321887966576,
            15.193534893701091,
            15.072813260936636,
            14.953257954340119,
            15.017394357743216,
            14.666381503062714,
            14.516771844269211,
            14.470402610877564,
            14.089249069507034,
            14.452673073574253,
            14.557708813699307,
            14.194607273180281,
            14.149094781796087,
            13.790953043791337,
            13.91593685391953,
            13.75027741181512,
            13.56077378277904,
            13.60317696661559,
            13.612609084338706,
            13.807268128788202,
            13.58849383026471,
            13.7270417922981,
            13.385547039216808,
            13.634300206356823,
            13.744914139037604,
            13.718122341679797,
            13.64259480711887,
            13.324442751845913,
            12.999908598249798,
            12.758736138231107,
            12.990322328517905,
            13.039959637808753,
            13.024297508944935,
            13.172071569454364,
            13.118061622819559,
            13.464121571587418,
            13.683372745446325,
            13.496417199632997,
            13.551834649852848,
            13.871999422969928,
            13.829590448797099,
            13.702671782263364,
            13.339791615059559,
            13.220157011776953,
            13.125364192247398,
            13.384293629433245,
            13.306700767101072,
            13.149586356677455,
            13.363928917017022,
            13.169210412373658,
            13.122031846003578,
            13.460242042961616,
            13.101022788492074,
            12.842710126610054,
            13.157378189758829,
            13.498867044794245,
            13.53529450788658,
            13.409152120931305,
            13.777126601958743,
            13.55871345965936,
            13.81788099468623,
            14.201628725424337,
            14.37161359190706,
            14.630525834894009,
            14.675426143628584,
            15.087940485037116,
            15.366363889573455,
            15.543811272137383
        ]
    ],
    "angle": 88566.5,
    "fluctuation": 1581.101201,
    "buy_difference": 1.032212181
}