{
    "id": 77,
    "name": "Western Gas Resources Inc",
    "record": [
        [
            7.029502865014698,
            6.945003754781593,
            6.909342917643654,
            6.990921109433759,
            6.981935268283441,
            7.09520297078964,
            7.145560390986197,
            7.241647120433101,
            7.200706756396592,
            7.13010842205367,
            7.111388004467772,
            7.131209282261067,
            7.278715827914595,
            7.257611911273695,
            7.166581783256487,
            7.1078242210959885,
            7.052954033036225,
            7.128374236296373,
            7.101450046999376,
            7.255320076311762,
            7.291931431606393,
            7.336338379927127,
            7.323369609956496,
            7.30368513697115,
            7.404497325114169,
            7.522689235078573,
            7.474875824822721,
            7.383658294658334,
            7.427823417848358,
            7.540750995085805,
            7.485147179460472,
            7.411071098527215,
            7.423695670238442,
            7.475303134297711,
            7.532941679268268,
            7.622514502586967,
            7.727784797275035,
            7.646509791795897,
            7.779071712884201,
            7.686280482660391,
            7.757932486016299,
            7.768564198000744,
            7.6444723483238315,
            7.637503282172716,
            7.497341209681335,
            7.415969759051265,
            7.384177044268448,
            7.246596137605338,
            7.259254979038989,
            7.224547067481616,
            7.159460101441957,
            7.2508617070859955,
            7.358940109678572,
            7.307955520913615,
            7.244706723345623,
            7.295862746465321,
            7.195228241052157,
            7.302901955078729,
            7.2198530245457935,
            7.244079254802347,
            7.1533194704469105,
            7.0802224293174945,
            7.101121222559539,
            7.118699990299417,
            7.024895418994851,
            6.916784353535682,
            6.970617793327993,
            7.007192246156748,
            6.946844891958114,
            6.921437220548829,
            6.8548438435691095,
            6.8162534654081215,
            6.8532024145672485,
            6.930889876305536,
            6.921226173705698,
            7.060491596063873,
            6.959979311942479,
            7.026313741778975,
            7.090146007895616,
            7.064824985523861,
            7.01369851307144,
            7.020199513901852,
            6.9266762481854505,
            6.934363521481517,
            6.818623266329495,
            6.744823766620925,
            6.692163346574528,
            6.737593894024874,
            6.622189540129633,
            6.5632802634874965,
            6.535685313443081,
            6.435233314924564,
            6.3625293841658355,
            6.376233687539613,
            6.362122249320573,
            6.376382610642876,
            6.448509063594676,
            6.489585149057621,
            6.4976581923915875,
            6.5054466412314405
        ],
        [
            6.766312985832894,
            6.711795267519414,
            6.657301904268298,
            6.754138613958372,
            6.742077297047965,
            6.843224640917625,
            6.902848178863052,
            6.983768981649045,
            6.9324918495341015,
            6.896909518222782,
            6.8226423033979495,
            6.887603559019257,
            6.98109091523949,
            6.9754298097740595,
            6.905157135989835,
            6.847173651410101,
            6.807927375744986,
            6.855319530273773,
            6.871257690745477,
            6.958651810206242,
            7.014711826857823,
            7.097106891335697,
            7.042142733728408,
            7.049241706482955,
            7.1137660669520555,
            7.2201187494213785,
            7.217360078831311,
            7.137867675565473,
            7.192106922664576,
            7.270038882041008,
            7.235978151612617,
            7.1278989639201145,
            7.137191696380347,
            7.21704951588214,
            7.230679016658591,
            7.313015387564473,
            7.429545059025048,
            7.39345268850387,
            7.515594556751923,
            7.400718130927652,
            7.4667238015083885,
            7.461306468426379,
            7.345050984178128,
            7.3295848162645845,
            7.237601091265484,
            7.179186668388479,
            7.111259619725976,
            7.017335874587285,
            6.9867650989370595,
            6.981951706521328,
            6.926691837823891,
            7.003168596371261,
            7.0904985596325245,
            7.022415176358936,
            6.965110500941706,
            7.006602673879168,
            6.911335621867907,
            7.002197245308393,
            6.981616439552412,
            7.000125967781799,
            6.915196476255517,
            6.839043923811501,
            6.82502361165355,
            6.85765059597318,
            6.796502120392823,
            6.688548255388011,
            6.716341577279096,
            6.720669866431204,
            6.7001353360846565,
            6.684327443565611,
            6.610078397176794,
            6.592657790695235,
            6.5814925569708,
            6.662740096781895,
            6.698220904529197,
            6.804978226731159,
            6.725593440250396,
            6.75986704609054,
            6.81991690752191,
            6.815289782201106,
            6.745709722647911,
            6.764114641480376,
            6.657361205714744,
            6.663420363230919,
            6.569234692903106,
            6.503986799689393,
            6.451269984995602,
            6.479508156793929,
            6.39404955232409,
            6.348620166840699,
            6.313688639512852,
            6.220390267571255,
            6.151347684216246,
            6.126487138419906,
            6.143557384875863,
            6.130909455311843,
            6.206452066471847,
            6.234777135428337,
            6.290195697417541,
            6.2556290661503295
        ]
    ],
    "angle": 89534.59999999999,
    "fluctuation": 932.045607,
    "buy_difference": 1.037755558
}