{
    "id": 78,
    "name": "Banknorth Group, Inc.",
    "record": [
        [
            6.477411665382439,
            6.497606363990744,
            6.576248899566759,
            6.639868733058752,
            6.836933817728955,
            6.911369331110798,
            6.8627372105877775,
            6.879472884171714,
            7.011373270525215,
            6.836179681751927,
            6.844319564218025,
            6.775508973728701,
            6.751984295879592,
            6.836367061473855,
            6.823722657975145,
            6.775943320469015,
            6.865321421537929,
            6.794944307700363,
            6.632111821639963,
            6.730140996166954,
            6.684887281332552,
            6.585805840163255,
            6.605675245778273,
            6.744688715659263,
            6.70182732450806,
            6.726559930269513,
            6.555852014372298,
            6.7421787259365855,
            6.625787638260276,
            6.6410392908156135,
            6.485170879713292,
            6.521553706406855,
            6.353519572931279,
            6.4308177773406605,
            6.602883973910253,
            6.742949827687635,
            6.629872963299472,
            6.6805290153199275,
            6.59765324820813,
            6.738359907259482,
            6.718488949845632,
            6.612840731002649,
            6.7739372892399095,
            6.837398661429079,
            6.946020810548311,
            6.913954440900735,
            7.029379645240629,
            6.980208063416234,
            6.860717750240188,
            6.816746252896844,
            6.814477342105471,
            6.637235983444927,
            6.689727366629892,
            6.673757071701737,
            6.551842896572893,
            6.599638537788119,
            6.7848172330977174,
            6.8280174367699695,
            6.993380646632358,
            7.077511983510361,
            7.2112562597153795,
            7.3688336379111865,
            7.331409959113484,
            7.198294746163071,
            7.193869152180232,
            7.301102948974633,
            7.479789684124427,
            7.366638649181965,
            7.208398394347894,
            7.165316503069607,
            7.029312391612245,
            7.150518526526045,
            7.071546693185692,
            6.875648474234561,
            6.743561167520874,
            6.925409392053679,
            7.1041681303164905,
            7.335945670916968,
            7.38815801912445,
            7.538204129058369,
            7.402443567456572,
            7.449589202829491,
            7.314958898890717,
            7.394639173865116,
            7.365121543751015,
            7.260437071691285,
            7.319110253080666,
            7.2106793231535935,
            7.177429271843234,
            7.347059818809201,
            7.311846207747739,
            7.245688321895449,
            7.341032629857784,
            7.242125348996416,
            7.319446465247627,
            7.314503037841712,
            7.434149579463372,
            7.314941317756984,
            7.428169035477849,
            7.505191353584005
        ],
        [
            6.275768968516702,
            6.258292541566318,
            6.377927788977011,
            6.432523408456586,
            6.598942665004398,
            6.691518373727877,
            6.612613149710351,
            6.658633957466713,
            6.774079962529975,
            6.608121018007828,
            6.6292598126198365,
            6.535736906552581,
            6.5241224361214405,
            6.581950627762513,
            6.577645569111988,
            6.536155882607653,
            6.6462689575230645,
            6.56563265958967,
            6.40381043548158,
            6.495867262300591,
            6.450899406405356,
            6.335661215092415,
            6.410329139265269,
            6.513814526174185,
            6.465954348302336,
            6.519123229806043,
            6.351130306969266,
            6.493209468189332,
            6.369682952680609,
            6.416279586683365,
            6.291491833471957,
            6.295799224215795,
            6.16191535035685,
            6.233126809219066,
            6.383886108930933,
            6.492009930454418,
            6.4331648513104,
            6.474511837051375,
            6.398044139933789,
            6.5305593137633595,
            6.482677182455505,
            6.404412120285958,
            6.552545979493261,
            6.595436438736327,
            6.731140797848009,
            6.707469812090323,
            6.81876289445952,
            6.719768664895851,
            6.596188976387431,
            6.56175171591313,
            6.56873365782642,
            6.411963545723697,
            6.442694986637627,
            6.415798237251071,
            6.316831306177345,
            6.376280003050272,
            6.525813587957577,
            6.59626974290752,
            6.737822828701918,
            6.86683251066403,
            6.9658043823226095,
            7.10097250482726,
            7.088958747953978,
            6.970015427329773,
            6.930293549736683,
            7.065313038054266,
            7.198557655802262,
            7.123735647552007,
            6.988907923191432,
            6.89453422982361,
            6.781913472749312,
            6.9348790644055285,
            6.802274886224127,
            6.642284149601772,
            6.540194391035157,
            6.693034164090395,
            6.878184234791074,
            7.0495845268604125,
            7.1181739245504,
            7.277256593176816,
            7.166971517373437,
            7.18381018914197,
            7.03291594380207,
            7.165880838275151,
            7.082554632165913,
            7.047144270095647,
            7.062922978351508,
            6.9897159828583835,
            6.9192874315195185,
            7.075048513656218,
            7.0608518382530345,
            6.994866709613036,
            7.060796015531508,
            7.027251728932312,
            7.061836184000468,
            7.0500237613374095,
            7.147510987921752,
            7.094343328205225,
            7.173898960501308,
            7.2410437210286895
        ]
    ],
    "angle": 89840.0,
    "fluctuation": 1559.472592,
    "buy_difference": 1.035443777
}