{
    "id": 79,
    "name": "HCA Inc.",
    "record": [
        [
            39.76270191978526,
            39.627244314436425,
            39.398540952418664,
            39.621700174777104,
            39.28735063896257,
            39.56026020589271,
            39.214588047998305,
            39.349177285334136,
            39.21667901635259,
            39.07965276085625,
            38.942266489887274,
            38.839974309897556,
            38.72613614854644,
            39.14606969867366,
            38.99330376603003,
            39.219071332437665,
            39.271914990040756,
            39.3851214445471,
            39.370600409255516,
            39.30763881456679,
            39.33024002644802,
            39.11633736119791,
            39.320614912959414,
            39.20186537652879,
            39.306489974490724,
            39.5070460723898,
            39.203095273888735,
            39.072680063931514,
            39.29682117988798,
            39.34814847651161,
            39.093031185838015,
            39.10881355947328,
            39.09065240646256,
            39.261020878673435,
            39.160173952848204,
            39.20252854897503,
            38.96319620976621,
            39.213429956984264,
            39.29489378037919,
            39.05556689713274,
            39.10391216805993,
            39.376092919562325,
            39.230508574190225,
            39.43538403175012,
            39.47110741029,
            39.43001941263963,
            39.48953015099507,
            39.38811045323521,
            39.36242757833566,
            39.14087376796077,
            39.152934886470824,
            39.403792101815874,
            39.289808806371205,
            39.02995232867311,
            39.07480634702992,
            38.986744868142594,
            38.95846280441221,
            39.0807748327308,
            39.20178089489661,
            39.305876402326994,
            39.440096443971164,
            39.233397304871815,
            39.137565681723785,
            39.199189383770445,
            39.15550490252303,
            39.22535324838344,
            39.05436565216491,
            39.22826245077784,
            39.08646358214519,
            38.65092613699457,
            39.09503202241392,
            39.09121020155952,
            38.836523936641676,
            39.119605868827094,
            38.962082295651356,
            38.869028537818416,
            38.73553746412043,
            38.67619882242727,
            38.79165074725224,
            38.78030938922576,
            38.61178113290882,
            38.755210042812735,
            38.862171170887805,
            38.96667056101603,
            38.92310042966055,
            38.807397152847116,
            39.05817653068522,
            38.86111691180639,
            38.88464762574696,
            38.99207724844373,
            38.98852027299851,
            38.65611246430256,
            38.84664511130429,
            38.73762171794981,
            38.57982609889355,
            38.42948817300307,
            38.36996265794496,
            38.82979273306254,
            38.53343574794159,
            38.84269113379912
        ],
        [
            38.630646128457975,
            38.47987220968544,
            38.43003693441361,
            38.543590650678986,
            38.44080603865631,
            38.39570619962808,
            38.33882942208511,
            38.194639379736344,
            38.047088513889456,
            38.14188430477608,
            38.03063831169751,
            37.97258173419318,
            37.8688809025071,
            38.005058854061005,
            38.0423736628513,
            38.08351751839956,
            38.119644025069015,
            38.22572308046268,
            38.29550218548222,
            38.23044561969995,
            38.244796818327224,
            38.21211738644572,
            38.22018891084619,
            38.1123623702007,
            38.23314242288967,
            38.324981909580906,
            38.208813404723436,
            38.15799893840115,
            38.20086972973867,
            38.22408606652008,
            38.17404974030272,
            38.04086398403866,
            38.02699273318471,
            38.1090695560777,
            38.239614145256745,
            38.1282158136377,
            38.05489004171137,
            38.04015088752323,
            38.18376674198656,
            38.084063012065116,
            38.093104973395874,
            38.23980142834422,
            38.31597084679163,
            38.339391046579095,
            38.485417678880005,
            38.36095321133156,
            38.39969082467886,
            38.36995694319146,
            38.30283850879862,
            38.32825877079509,
            38.27855312796107,
            38.24384412080252,
            38.13701282180173,
            38.05147378668364,
            38.13333665416989,
            38.11989723655884,
            38.03883475259684,
            38.154438387383756,
            38.1846284555445,
            38.22873150490381,
            38.343972490867046,
            38.28810651616185,
            38.23285498946723,
            38.212646814373926,
            38.150988172204826,
            38.09341171149167,
            37.98032425898603,
            38.10762483662114,
            37.97744499347457,
            37.84468189081457,
            37.98955640032125,
            38.019948053077975,
            37.931170740062306,
            37.998286059593134,
            37.88679957239263,
            37.871861228786,
            37.738023268673224,
            37.823842772016235,
            37.88354844383663,
            37.933269168872016,
            37.82914894732277,
            37.954414136912874,
            38.02097229540036,
            38.17300893198414,
            38.126495185683176,
            38.00934102435404,
            38.15912457125965,
            38.065780230580124,
            38.06206010428015,
            38.0259560192284,
            37.95414920632699,
            37.87258171548631,
            37.812262450236375,
            37.69108970725882,
            37.650282476710515,
            37.59765502362657,
            37.577127088944835,
            37.67174065082822,
            37.58619794554449,
            37.68050469515251
        ]
    ],
    "angle": 89775.5,
    "fluctuation": 229.91117800000006,
    "buy_difference": 1.025714603
}