{
    "id": 8,
    "name": "Saks Inc",
    "record": [
        [
            36.6691278888395,
            37.10103345715677,
            36.91189478842016,
            36.59450024074599,
            36.01090480177479,
            36.38329425433868,
            36.21827125285181,
            36.40719858678464,
            36.22166684684351,
            36.093280224036896,
            36.37087679630643,
            36.353182159405605,
            36.149135898192036,
            36.10293621128074,
            35.614723951620334,
            35.473098246088185,
            35.360589043214816,
            35.691985486716845,
            35.933783129899524,
            35.72850434210093,
            35.34854837635858,
            35.8642700589852,
            35.87050299376439,
            35.68561409933405,
            35.581264811003294,
            35.46785405530142,
            35.46146441647952,
            35.41731018408852,
            35.53485489936294,
            35.387880379295524,
            35.50381040482749,
            35.77554085904629,
            35.57251112933974,
            35.44656446951144,
            35.05352705088579,
            34.75840512345248,
            34.64590298547277,
            34.65492241305101,
            34.59658894554296,
            34.393873720905525,
            33.941855026839406,
            33.94507094851498,
            34.16384342522206,
            34.18998004627612,
            33.81990427606883,
            34.03671521162828,
            34.14732101663644,
            34.50149398773647,
            34.47437573489905,
            34.35931727422131,
            34.15371910301705,
            34.40426952334312,
            34.69242278936352,
            34.53949155643658,
            34.65562530647946,
            34.809843522542096,
            35.00715549628005,
            35.054134978258766,
            34.905167046778764,
            34.61726812079153,
            34.832638552531755,
            35.02718609952265,
            34.758572162058265,
            34.95093817785377,
            34.903058373074046,
            35.105373009360456,
            35.46766472703394,
            35.32114516079444,
            35.17560922645867,
            35.25185117103635,
            35.505141165820106,
            35.23653259972936,
            35.17664633496423,
            34.926139398969184,
            35.15287817625937,
            34.81470132553596,
            34.83014344012248,
            35.060462762578375,
            35.4801282948655,
            35.23413495252697,
            35.33696037601669,
            35.12478414369332,
            35.57628424185985,
            35.26355295573838,
            35.28162420997028,
            35.24925916188206,
            35.27752127349268,
            35.14685201469165,
            34.927688655450446,
            35.28144821587123,
            35.34514569653819,
            35.188070374990104,
            35.38134717463831,
            35.61720316743323,
            35.44608906850926,
            35.142413898828046,
            35.370332333530236,
            35.52428547047262,
            35.116142035885524,
            35.23386283958971
        ],
        [
            35.74391061485488,
            35.955705980851036,
            35.77954346908446,
            35.41535677652081,
            35.09173417026489,
            35.29532754420811,
            35.12471862955245,
            35.2516459338704,
            35.20531651621154,
            35.19671633609375,
            35.51732126097263,
            35.29077997226534,
            35.25472275459938,
            34.96400915968592,
            34.7684309462165,
            34.45018372031961,
            34.50993303651663,
            34.84735774952183,
            34.90456155914062,
            34.546297094497525,
            34.48778996526078,
            34.70865598143121,
            34.80134481445198,
            34.63926041822264,
            34.60018892348765,
            34.36608825110486,
            34.459550765604384,
            34.32738392454408,
            34.56543659741415,
            34.35712124001835,
            34.476564319165654,
            34.67804962691376,
            34.67496314631579,
            34.39004222510102,
            34.02230824181445,
            33.665248988775524,
            33.764960049262115,
            33.56502082239892,
            33.461824825690364,
            33.35540585560227,
            33.08545095098815,
            32.99590061603076,
            33.35537818092039,
            33.20406596055257,
            32.979811475431,
            32.956400930771736,
            33.13283241459113,
            33.39311712001281,
            33.33034910161948,
            33.32854585375421,
            33.2519389536229,
            33.3122891880666,
            33.61809723848343,
            33.39330406505592,
            33.59919362890979,
            33.84665052208563,
            33.93662166544146,
            33.948294102509706,
            33.85464054324728,
            33.72690476759407,
            33.7035517229596,
            34.01373037738442,
            33.857784549847935,
            34.11356341614128,
            33.96447672011096,
            34.02844060936369,
            34.30432942219937,
            34.247843242125725,
            34.31906198766417,
            34.307325982292525,
            34.63361438676743,
            34.30960014291271,
            34.23413615705319,
            33.89528232741684,
            34.204153040209604,
            33.94989757857104,
            33.893522549954554,
            34.16897879623693,
            34.49838842560176,
            34.1907723065415,
            34.33856441116444,
            34.122145251621795,
            34.44024051623532,
            34.09333760287299,
            34.39486626994759,
            34.37021147717629,
            34.11702657127763,
            34.19144164063832,
            33.91372239441016,
            34.11742854968637,
            34.3740204335453,
            34.24182443561941,
            34.38513598089221,
            34.47641786104797,
            34.40675860681126,
            34.135858861122706,
            34.24427699456739,
            34.372779167147904,
            34.045672104592455,
            34.21442725585887
        ]
    ],
    "angle": 90337.5,
    "fluctuation": 627.665392,
    "buy_difference": 1.029177982
}