{
    "id": 80,
    "name": "Fairchild Semiconductor International Inc.",
    "record": [
        [
            21.02200008932391,
            20.598471385439538,
            20.333665687207503,
            20.51554653668553,
            20.22047011654788,
            19.782456993528463,
            19.902710212525022,
            19.884116152964655,
            19.39482727334155,
            19.715990022284934,
            20.19307831970002,
            20.61128976389673,
            20.788346800943057,
            21.254893318899992,
            21.563157754995192,
            22.030408448312087,
            22.310089483564784,
            22.092780503689898,
            22.715071685200503,
            22.83447664173165,
            22.595556647790616,
            22.688676914972874,
            22.84103135621925,
            23.322660060287213,
            23.405685187713154,
            23.402887147360925,
            23.43263825860085,
            23.13436026795736,
            23.857741539511416,
            23.510496178266802,
            23.5348696684772,
            23.20825259034158,
            23.039063061867274,
            23.372170655405327,
            23.980240345682027,
            24.411161648593705,
            24.46628526901382,
            24.241400125716332,
            23.705551368188146,
            23.458727125901206,
            23.306079633125453,
            23.48950356892011,
            22.888163567511405,
            22.771577423945054,
            22.48420920361037,
            22.15374443968004,
            22.12529387051928,
            22.395043940410527,
            22.332799060060335,
            22.087710336763276,
            22.05585865564368,
            22.406117343836172,
            22.147227449669952,
            21.678330996978616,
            21.133277141818308,
            21.513174445471524,
            21.91388536646134,
            21.513256873576758,
            21.159614213595646,
            20.65969506499295,
            21.016928302054673,
            20.73518012177966,
            21.017702740457672,
            20.91105161017695,
            21.071351621803615,
            21.397686470049763,
            21.749533453340156,
            21.53823036149345,
            21.39992045252822,
            21.5540302581135,
            21.898654094931707,
            22.23513908635829,
            22.50657404090747,
            22.53902945997997,
            22.13792684175904,
            21.823098289837066,
            21.81679792042099,
            21.704126489537472,
            21.772521939966317,
            21.409522180676575,
            21.667241824203447,
            21.624190790484988,
            21.182363310460257,
            21.742603790339828,
            21.47744520090867,
            21.49131774095213,
            21.596920218533313,
            21.248690362659257,
            21.705438511393414,
            21.36010031592699,
            21.92698049324188,
            22.338238958038616,
            21.610642306839903,
            22.36555544824466,
            22.284647881978117,
            21.916981521025495,
            22.23899570247847,
            22.355825079508005,
            22.345165296839774,
            22.63591024491637
        ],
        [
            20.74279664502854,
            20.306613424586548,
            20.003581598745424,
            20.180497492590895,
            20.046147925456175,
            19.549045960953702,
            19.548431828855573,
            19.545736842909275,
            19.06477447034492,
            19.442464522894056,
            19.887091158227424,
            20.242382932477426,
            20.541009786354017,
            20.889023895799205,
            21.166678187273327,
            21.68359201637814,
            21.906415387312048,
            21.821181048207055,
            22.393223797625776,
            22.623977675492885,
            22.293224262389103,
            22.465984196251313,
            22.476968514794706,
            22.92348096826753,
            22.993630644838724,
            23.154591883973662,
            23.151520949950267,
            22.921096833134403,
            23.507957504802636,
            23.249400716105285,
            23.271170811287693,
            22.88856588718414,
            22.785487123483904,
            23.11029477596829,
            23.565110787103364,
            23.964700673019394,
            24.059517867552444,
            23.943386434176393,
            23.367334360719756,
            23.242473524526567,
            22.98045068013743,
            23.189124888312506,
            22.61131369940392,
            22.56845806879599,
            22.20335168093672,
            21.857323576657006,
            21.903733823959204,
            22.08435116917471,
            22.058248916265303,
            21.731319241996474,
            21.810917648639847,
            22.104109056525623,
            21.7942231378569,
            21.279733750681398,
            20.8109655155904,
            21.291334254924422,
            21.571055469155777,
            21.189380293909075,
            20.857721155410477,
            20.407756593428807,
            20.671629770885247,
            20.531661262931916,
            20.637412819822746,
            20.689193724243463,
            20.862439198286953,
            21.023076041115722,
            21.37940927646693,
            21.292634709743012,
            21.134722718879416,
            21.229539845570446,
            21.581903915490077,
            21.885099657013225,
            22.294619655258945,
            22.19749393292374,
            21.737367820364724,
            21.428235710461298,
            21.492643269926223,
            21.362446591726897,
            21.563150063792243,
            21.20364103198289,
            21.394447718701276,
            21.313539773882457,
            20.821890990383448,
            21.349197661614415,
            21.177365646400958,
            21.17411353603667,
            21.33782570173271,
            21.046468713821724,
            21.34244448940683,
            21.099620623021455,
            21.622781298437616,
            21.940606921619,
            21.404975997757294,
            21.97181227634226,
            21.88579080250338,
            21.710579589522474,
            21.849656428308407,
            21.966628160527836,
            22.125844195442625,
            22.2906813912356
        ]
    ],
    "angle": 88769.2,
    "fluctuation": 1478.763764,
    "buy_difference": 1.013662993
}