{
    "id": 81,
    "name": "DPL Inc.",
    "record": [
        [
            6.1791911358083285,
            6.074019403708839,
            6.019473889963748,
            6.099686364151333,
            6.091101307814493,
            6.122105907728901,
            6.13935702275345,
            6.117573656826482,
            6.237615790020615,
            6.263203737628649,
            6.172472658210806,
            6.238095920015194,
            6.2125783793995515,
            6.235967165761357,
            6.211034872025183,
            6.30065639228366,
            6.318416292586796,
            6.234968716301072,
            6.31183478977931,
            6.411221931484082,
            6.521291007040292,
            6.57605933123199,
            6.504052176687854,
            6.443962581014687,
            6.4309330472207495,
            6.438687537222017,
            6.454566990881921,
            6.448704729838814,
            6.551276512522051,
            6.5675438955320375,
            6.529020492030421,
            6.407290104959983,
            6.411332489172384,
            6.3456734821683645,
            6.373881628969568,
            6.396739157870823,
            6.311001827310256,
            6.242327120094456,
            6.283626727197425,
            6.216563384130586,
            6.2884914498793085,
            6.206360368734296,
            6.3127128646859605,
            6.368950689134118,
            6.365114483090988,
            6.366903570297827,
            6.399700691667116,
            6.426764139998509,
            6.492710692597316,
            6.586798333301286,
            6.456616857466424,
            6.4968779710860955,
            6.605542565167317,
            6.7464741419707,
            6.61817017075202,
            6.6243040734236605,
            6.650159758747323,
            6.612308608496427,
            6.692262824275896,
            6.697533723179583,
            6.789302444575567,
            6.853802438592223,
            6.899816090291245,
            6.852781143529653,
            6.893406602614946,
            6.894259302341483,
            7.009363908922955,
            6.989410590219405,
            6.975328823989795,
            7.044562934375288,
            6.92821544558307,
            6.964662221043891,
            6.986966030638819,
            6.8956131414598,
            6.953644763051397,
            6.8965125942857055,
            7.0004312451517094,
            7.007449776875748,
            6.94222525098947,
            6.897924168448276,
            6.927872528621119,
            6.919076885443169,
            6.852209733130585,
            6.851061184814396,
            6.957540488975379,
            6.839732062018215,
            6.749406872726328,
            6.8561040046278094,
            6.905957738963147,
            6.901613107325224,
            6.79264031779662,
            6.788190379559808,
            6.843852421240086,
            6.956808651936515,
            7.038101129135341,
            6.989528127096381,
            6.890805295476403,
            6.89261733383049,
            6.864880081578735,
            6.856460930818399
        ],
        [
            5.9418517828160695,
            5.854702409651972,
            5.8306252085843715,
            5.87826988094509,
            5.900596941947419,
            5.9199492315162825,
            5.9503260379916,
            5.916158669335225,
            6.017193507693465,
            6.03826043132517,
            5.975828850741604,
            6.0533105918799155,
            5.990050916159325,
            6.012002062432723,
            6.010753663882363,
            6.113403974461303,
            6.12817469777667,
            6.044206323360789,
            6.115039833395244,
            6.217561980597438,
            6.323037088889439,
            6.332929562124355,
            6.2792295340905415,
            6.218731772432042,
            6.185771107641144,
            6.2298175994527165,
            6.232700299600168,
            6.255168112069533,
            6.359768763224319,
            6.369162020462522,
            6.321017715883745,
            6.220616321003565,
            6.17860336054677,
            6.15337595331797,
            6.153558533075041,
            6.170077879246103,
            6.1087206613694,
            6.053161370731035,
            6.073705324533649,
            5.9986815933424555,
            6.098538745332578,
            6.015266348963053,
            6.090244823947477,
            6.1846366767674095,
            6.1230712017654225,
            6.124792256175795,
            6.171702351763864,
            6.205853132737453,
            6.249548299681724,
            6.3483329797218415,
            6.25530778091847,
            6.296838905724625,
            6.40472731345675,
            6.487345758879364,
            6.380478225502979,
            6.406205494324729,
            6.39536717672291,
            6.420951948643783,
            6.482956621484809,
            6.478320832710659,
            6.588850901016358,
            6.634787955638737,
            6.680000437478711,
            6.639120169951221,
            6.680488349919644,
            6.649305219529216,
            6.756948074801791,
            6.737041208597057,
            6.757846970075557,
            6.7739851237507,
            6.686058923532358,
            6.698486517927939,
            6.728644237566758,
            6.665913482748028,
            6.7334634824314685,
            6.63624403577546,
            6.7342290654781545,
            6.774024729796108,
            6.695566930717886,
            6.650184843003803,
            6.677725125855404,
            6.673241030124285,
            6.64990087607048,
            6.59382117268659,
            6.706321853562511,
            6.607266919428437,
            6.532419528937214,
            6.593420925522941,
            6.689968046248935,
            6.653077512383523,
            6.590766379001486,
            6.577862265457822,
            6.631799651287414,
            6.708962557238465,
            6.773163622478096,
            6.771603557026126,
            6.673282506041995,
            6.672362513956343,
            6.613049237028215,
            6.596390128015512
        ]
    ],
    "angle": 89147.09999999999,
    "fluctuation": 1000.5596619999999,
    "buy_difference": 1.034872791
}