{
    "id": 82,
    "name": "Quest Diagnostics Inc.",
    "record": [
        [
            11.057794744736402,
            11.100875984217542,
            11.10935727377233,
            11.162703251856763,
            10.887049191961738,
            11.053381388342599,
            10.936706994818532,
            10.904290122694748,
            10.849748768098594,
            10.800019049504982,
            10.983399325653545,
            10.7886944722175,
            10.721489469882291,
            10.559294592391607,
            10.315266539458046,
            10.404313952285952,
            10.484111609113027,
            10.379854479276405,
            10.53950581998041,
            10.424921149310565,
            10.45957950273679,
            10.602843099604819,
            10.473928742080966,
            10.651474824313224,
            10.559461183406459,
            10.629790739153886,
            10.677852333221637,
            10.627635285639798,
            10.690278923439466,
            10.875288854673846,
            11.0216207171996,
            11.189044940830387,
            11.106141612753635,
            11.200193638960606,
            11.112428649752335,
            11.097917302456791,
            11.013541179739516,
            10.856972708861102,
            10.771672668534174,
            10.761693073937028,
            10.634334665390206,
            10.567297947459224,
            10.531944481714431,
            10.463863531715626,
            10.444840089615784,
            10.521513246727539,
            10.552932106468932,
            10.437139874629963,
            10.43496376320409,
            10.449971086635149,
            10.319256105240871,
            10.193201479858923,
            10.324711422603299,
            10.159619537985314,
            10.199077690616539,
            10.334144368770346,
            10.26572445947544,
            10.500539929927964,
            10.348914611016674,
            10.28645871249604,
            10.1272978562501,
            10.076867984444592,
            10.195734242621608,
            10.176263339110351,
            10.306543840748795,
            10.472696252178306,
            10.305299480687562,
            10.194547608475752,
            10.136480988566786,
            10.246751325518936,
            10.168430680857972,
            10.013722332083134,
            10.110904300897243,
            10.150255384337694,
            10.064171275035223,
            10.21937923496949,
            10.341243464228672,
            10.327357002622469,
            10.315052666622346,
            10.247795383426482,
            10.273356143526954,
            10.216012678299109,
            10.30801909685329,
            10.410840302147056,
            10.379645101564153,
            10.187630617372623,
            10.32744996552833,
            10.118484451113362,
            10.292385680172737,
            10.426280827318797,
            10.373865775699086,
            10.32907822901109,
            10.239028116997689,
            10.295599380482068,
            10.4306503465879,
            10.40762928725054,
            10.563425781199552,
            10.663244828423652,
            10.555170829971711,
            10.695589720827329
        ],
        [
            10.831044348099235,
            10.89386420701966,
            10.928368293648441,
            10.939251070940067,
            10.750558610392996,
            10.9191924851433,
            10.73382813420062,
            10.732011237574168,
            10.720186358913812,
            10.63364570448509,
            10.762463592194086,
            10.651297286547745,
            10.494316385245872,
            10.346889905425924,
            10.169601106236392,
            10.252250531145954,
            10.329846545684767,
            10.220977365749164,
            10.312081946552526,
            10.259188854125133,
            10.302577820999431,
            10.47517633597462,
            10.334313449845322,
            10.51160279597719,
            10.354277299792226,
            10.454522495684632,
            10.451603857331769,
            10.403486628614736,
            10.54883842341795,
            10.71419415867122,
            10.849660426076497,
            11.036574363488498,
            10.87514930061277,
            11.057555890814868,
            10.924830798282454,
            10.85844389800909,
            10.854749601239998,
            10.707952863888258,
            10.602550453572562,
            10.530522814769819,
            10.496795083581194,
            10.354732269613615,
            10.321118670919791,
            10.332678415003347,
            10.237798941090633,
            10.389605377413474,
            10.338594485736552,
            10.310432190971156,
            10.28967175698793,
            10.248959212333487,
            10.094575560050664,
            10.03617610620983,
            10.184018922053212,
            10.009125988540813,
            10.060097172434112,
            10.192300722934867,
            10.126851798997238,
            10.288291672706581,
            10.194595445411974,
            10.074521542427574,
            9.971287722135166,
            9.941547682889162,
            10.040681004914958,
            9.96461120287646,
            10.090172056688642,
            10.255900227290754,
            10.181215381679403,
            10.050586888875634,
            9.978330724963755,
            10.086880614467105,
            9.992772109999375,
            9.83680318366865,
            9.919383283106253,
            10.008927536741606,
            9.873535475461237,
            10.018805015365825,
            10.12515148942926,
            10.114577184164279,
            10.174491783749069,
            10.052678209932186,
            10.057681089754634,
            10.049577692906814,
            10.18083296207115,
            10.252515805089578,
            10.160726833541155,
            10.037728027437714,
            10.118700389663479,
            9.949656102821052,
            10.073301776061763,
            10.24616792229158,
            10.218150684812667,
            10.196510439245701,
            10.085336983113757,
            10.115721648313034,
            10.284386865267447,
            10.225794244504442,
            10.40173887119258,
            10.496875949284926,
            10.427030241404948,
            10.463756456159079
        ]
    ],
    "angle": 90330.4,
    "fluctuation": 1015.9373899999999,
    "buy_difference": 1.017171694
}