{
    "id": 83,
    "name": "Granite Construction Incorporated",
    "record": [
        [
            29.5471437887952,
            29.832370468867442,
            30.053346173466192,
            30.15877559785193,
            30.408216822452037,
            30.786187378511574,
            30.492198123306206,
            30.488227552026366,
            30.05181266698473,
            29.92405561961531,
            30.36379147418795,
            30.066627629356805,
            30.366439478338577,
            30.554627077465675,
            30.219462729669768,
            30.81466382478502,
            31.04132457446971,
            30.62780940622484,
            30.60199532301518,
            30.36526356385154,
            30.156783503989782,
            29.983942826431335,
            30.384764315153248,
            30.255445100526586,
            29.899388709165986,
            29.900675521165226,
            30.181106852022065,
            29.951455434096935,
            30.1749382741681,
            30.420625669260694,
            30.01940512193943,
            30.319182884676422,
            30.57169377179865,
            30.658964603132993,
            30.778733229920277,
            30.404115488899286,
            30.416216894503027,
            30.104489280669807,
            30.23112718174871,
            30.290110778666936,
            30.404770023805547,
            30.748472745692826,
            30.724628337359903,
            30.735083205677853,
            30.35649782900784,
            30.227303827777824,
            30.23775561077935,
            30.220930461157366,
            29.840151416041962,
            30.00168315875716,
            30.367501427146667,
            30.0742903634178,
            30.03315227428225,
            29.840580699689255,
            29.885302805073053,
            29.454010551129745,
            29.917896004760486,
            29.965109069333444,
            29.706508429121076,
            29.435471227806097,
            28.926059767636577,
            28.6896102678644,
            28.780550027537366,
            28.836727573904994,
            28.649865990963086,
            28.70358469519577,
            28.566873590905864,
            28.83505386888661,
            28.84074555274158,
            28.795604529813414,
            29.00588180788878,
            28.76864023955898,
            28.98035852310138,
            29.131314622128844,
            29.025518832045602,
            29.336148407666673,
            29.246397204966037,
            29.206864144974237,
            29.281593715127435,
            29.09799735635681,
            29.50807493770797,
            29.903013645227436,
            29.477631668243546,
            29.86796279322017,
            30.020557429208143,
            30.233094947965277,
            30.250489961971123,
            29.882710278186867,
            29.976638558740785,
            29.760217495506733,
            29.722257958746066,
            29.800271581431456,
            29.885891513212222,
            29.626156929846182,
            29.428791473326417,
            29.27335407743588,
            29.151129574073828,
            29.43882713682965,
            29.51955792641661,
            29.424871498304437
        ],
        [
            28.324059110449934,
            28.440459816823267,
            28.780417378581014,
            28.78036714736435,
            29.088170422534652,
            29.387913245886903,
            29.069501411478914,
            29.074423622332592,
            28.704108589760928,
            28.619293461009573,
            28.961542120504554,
            28.721131847813023,
            29.08900061883083,
            29.126109904468414,
            28.94530327680896,
            29.300868627312596,
            29.652210644455806,
            29.351152348296168,
            29.12474767983431,
            28.893684497948797,
            28.891062428300774,
            28.774549879094728,
            28.906479634579185,
            28.79205699861344,
            28.450387141464248,
            28.688875105958292,
            28.70987043011698,
            28.531202322760713,
            28.70686208554601,
            29.097125923285557,
            28.76810814162209,
            28.895904611456302,
            29.061153656295993,
            29.187693523994053,
            29.34559702020195,
            29.095905312371467,
            28.9970652942463,
            28.783211836806892,
            28.971005004095524,
            28.894150071395373,
            29.05576800540621,
            29.360716262430394,
            29.308642300931005,
            29.210654676935082,
            28.963263872624328,
            29.00518019009517,
            28.847089301440725,
            28.72486214409691,
            28.439360394014905,
            28.705035512305958,
            28.864177205814855,
            28.70834979548757,
            28.79862213507713,
            28.628339426142695,
            28.434150661158693,
            28.09658265324641,
            28.448155249255045,
            28.621293303053125,
            28.362942424877687,
            28.062078992928875,
            27.75654687993525,
            27.482711347546605,
            27.575357724303565,
            27.52424439718737,
            27.23157224080215,
            27.540299409987266,
            27.356905297730776,
            27.429433402828092,
            27.6081029874909,
            27.58701398050073,
            27.802411468620715,
            27.580549781664182,
            27.705644964236154,
            27.714012987526417,
            27.82961363128928,
            27.920006890167745,
            27.968381574230214,
            27.989436259221918,
            28.075137754323286,
            27.715449314154032,
            28.06126108387263,
            28.41419921872564,
            28.2772940089579,
            28.474391484157497,
            28.725972118114758,
            28.96126555363448,
            28.804563988793543,
            28.648610833725503,
            28.753092888352505,
            28.3830072725479,
            28.267757425238532,
            28.503761368366757,
            28.528507809944053,
            28.25232904766885,
            28.22193774769381,
            28.030651413380383,
            27.83824878190233,
            28.042882090781102,
            28.06938585007626,
            28.071590587643104
        ]
    ],
    "angle": 90234.5,
    "fluctuation": 772.573095,
    "buy_difference": 1.047161041
}