{
    "id": 84,
    "name": "Schering-Plough Corp",
    "record": [
        [
            8.298229780416802,
            8.227609079979127,
            8.214557261795466,
            8.202591133320722,
            8.35862819083209,
            8.536431520878505,
            8.708485798296833,
            8.512606644718302,
            8.481608327917346,
            8.61199456014857,
            8.77756070816113,
            8.832240514809591,
            9.043316393847801,
            9.191717118718136,
            9.050216890959835,
            9.076049199421975,
            8.832207956228306,
            8.941351973783737,
            8.800894535768938,
            8.558511685697198,
            8.74142990953585,
            8.736586523230146,
            8.645118724911871,
            8.55678801560428,
            8.799377980833086,
            8.801543965303718,
            9.071874491080429,
            8.979187062034834,
            9.13634393808565,
            9.079334234480806,
            9.22371371258305,
            9.216902160296211,
            9.116332274185163,
            8.950277812349794,
            9.040158893154986,
            8.937961566814215,
            9.069388236002958,
            9.042889995574814,
            9.201426252053732,
            9.23907714220033,
            9.500327757072155,
            9.368226333201985,
            9.306547468806778,
            9.364409261280148,
            9.49656485252156,
            9.771159271387276,
            9.597893048841373,
            9.96602835503879,
            9.964271156944672,
            10.144889993257571,
            10.51119385898968,
            10.452703976830088,
            10.352607373447452,
            10.223919400701059,
            10.077954268560914,
            9.976604914891006,
            10.122977278508701,
            10.438539231181608,
            10.612875506490656,
            10.28061750713444,
            10.123841739201065,
            9.88917870120094,
            10.011690784387651,
            9.782095452970548,
            9.94302447432713,
            9.90128196534916,
            9.660433938533597,
            9.842496209880597,
            9.82361660526655,
            9.498380520237946,
            9.251695270010401,
            9.073424611047413,
            8.783126800150725,
            8.961130776558946,
            9.020369240001884,
            8.822800612949392,
            9.000254081919,
            9.267045523968475,
            9.179755289934018,
            9.06022612168842,
            9.264380537450116,
            9.102687980171929,
            8.941416518159762,
            9.213949234905488,
            9.391006940285836,
            9.503071424732017,
            9.231576985812461,
            9.303809295413995,
            9.16616701232513,
            9.245382517211906,
            9.095895481346139,
            8.9651873991083,
            9.016123902500555,
            8.776529255195749,
            8.77096355488759,
            8.644598344602628,
            8.601958766470545,
            8.696002192805985,
            8.722033816183778,
            8.739690386892171
        ],
        [
            8.016519456914416,
            7.984120857564026,
            7.938853832403927,
            7.980626173772437,
            8.131624222307215,
            8.256513833753818,
            8.466879340589017,
            8.212972612247855,
            8.198577547123087,
            8.37895100194801,
            8.48804143900176,
            8.541770242785372,
            8.77656715678071,
            8.8681791731092,
            8.777109671731466,
            8.835771985063854,
            8.590617292172718,
            8.677610364679168,
            8.489422315585403,
            8.302735904646509,
            8.441306961039022,
            8.422358948429913,
            8.342481936559487,
            8.255598849333913,
            8.508289874759916,
            8.510384207311661,
            8.784045172450446,
            8.673494593643412,
            8.830583635746672,
            8.83275730155161,
            8.940895979398302,
            8.928040528345392,
            8.80948401129854,
            8.64384594823554,
            8.76296932228787,
            8.642289041971452,
            8.75189918635514,
            8.74461909894938,
            8.94704160133943,
            8.963859844779776,
            9.242317464724445,
            9.058320420927673,
            9.047440588039926,
            9.101864846524643,
            9.15682549821065,
            9.432861669339191,
            9.33067471270173,
            9.620025433334247,
            9.628881967138836,
            9.876316536460449,
            10.167536869701934,
            10.177004133201507,
            10.078534855066467,
            9.943262517387545,
            9.76210689749056,
            9.666833345759544,
            9.829304480797795,
            10.133680613514343,
            10.29570394424312,
            9.999407958767923,
            9.777230409230896,
            9.570635786824873,
            9.704712079148305,
            9.487852164420389,
            9.59590809995106,
            9.612114001686827,
            9.370788312441974,
            9.529264514944565,
            9.49580308564665,
            9.240423111028345,
            8.990507077082741,
            8.769769990432826,
            8.507859872391455,
            8.696805755316548,
            8.766590998825283,
            8.538607081299837,
            8.751431081195832,
            8.985596177100668,
            8.92238790957403,
            8.792097394180335,
            8.990210055246493,
            8.837728580373032,
            8.68811649893828,
            8.938585345871157,
            9.073103438645413,
            9.201561237861375,
            8.946727908051601,
            8.991547532862246,
            8.861176631977962,
            8.92439914758161,
            8.834675103163358,
            8.670344836997295,
            8.732681652956396,
            8.516796265143777,
            8.510542858258718,
            8.350296801717171,
            8.303313934291635,
            8.405817101103828,
            8.43687230913269,
            8.448890372924437
        ]
    ],
    "angle": 89767.5,
    "fluctuation": 1788.117116,
    "buy_difference": 1.032147997
}