{
    "id": 85,
    "name": "Adolph Coors Company",
    "record": [
        [
            29.409350643991967,
            29.303672616984684,
            29.413741191146375,
            29.61415957151018,
            29.373081932491857,
            29.694739036712757,
            29.47957465658175,
            29.525905779117554,
            29.33349028875724,
            29.220344837678237,
            29.39843508378023,
            29.22871193893879,
            29.45184857424457,
            29.296451905953855,
            29.351203520094934,
            29.38755198616761,
            29.522804248692406,
            29.36676015985816,
            29.704735951080742,
            29.79553566796352,
            29.799317338724876,
            29.797249340684985,
            29.776730108878585,
            29.587203018286008,
            29.495669529874736,
            29.623966798649843,
            29.573593779636372,
            29.838122127107034,
            29.673271890437075,
            29.698786989074343,
            29.836647338285786,
            29.54922757383181,
            29.572611999252267,
            29.680158989148424,
            29.792296390288755,
            29.741058797616702,
            29.96820034119028,
            29.91630122156999,
            29.88857485802184,
            29.779263779460518,
            30.0279509848018,
            29.828953600943414,
            29.94019005986195,
            29.733283301643894,
            29.875544216740796,
            29.926548316158208,
            29.970963803519073,
            30.00835226044758,
            30.031861256494082,
            29.85170393762966,
            29.855214703008837,
            29.92012763514727,
            29.63690389613629,
            29.478773578951113,
            29.715257383433965,
            29.762684229446236,
            29.466719826646422,
            29.757732375695998,
            29.546673984827766,
            29.752523024460025,
            29.557045331984412,
            29.643317968140153,
            29.60887459490328,
            29.51660138764785,
            29.78111038670434,
            29.65684568860553,
            29.510981989944,
            29.574673493088824,
            29.9363784642535,
            30.09419871122704,
            29.863488357111937,
            29.870459445516808,
            30.179026698605195,
            30.005825122361475,
            30.00383182028716,
            29.79093057940717,
            29.663104444135598,
            29.66779571163914,
            29.806114325925545,
            29.92937255053977,
            29.873071102238505,
            29.936678320663862,
            30.013787397148718,
            29.739250443437733,
            30.019773561322314,
            30.139060438435976,
            30.181153720842012,
            30.077240737151662,
            30.001736647630068,
            29.988913218789165,
            30.24924836563195,
            30.207040580469076,
            30.24217525699442,
            30.265161983197217,
            30.266842986902812,
            30.357559180405403,
            30.534329276417182,
            30.49472312844746,
            30.683627035646044,
            30.545145715048314
        ],
        [
            28.27181926056185,
            28.20683543426088,
            28.309954275517633,
            28.375226999827674,
            28.407106775227536,
            28.480774436280566,
            28.472922685653298,
            28.344251524136688,
            28.212975673853062,
            28.265070081786135,
            28.219069138738575,
            28.18257175171926,
            28.26188833869593,
            28.276200209099304,
            28.207473342721627,
            28.327217444126653,
            28.304591865412196,
            28.37819230657826,
            28.541532740706682,
            28.66596078971719,
            28.661008522981717,
            28.619000941701067,
            28.550882452666386,
            28.548241670362295,
            28.445671062959498,
            28.43271908030672,
            28.578063324204336,
            28.729896008742088,
            28.599765426992224,
            28.699042177628037,
            28.616881317797198,
            28.574589820017064,
            28.620195670589325,
            28.5321529442666,
            28.5714977350694,
            28.63071216590085,
            28.714456184522522,
            28.71616023577331,
            28.64671315618524,
            28.785475866268854,
            28.786028518342658,
            28.70671609054435,
            28.713331167104503,
            28.683444126225854,
            28.631374190683193,
            28.737454566746308,
            28.886687574138442,
            28.798777114805084,
            28.795510367784974,
            28.817892401747134,
            28.666096699402612,
            28.7026664800036,
            28.670890994602683,
            28.52937941294844,
            28.511813250961644,
            28.602919857619206,
            28.471929856301962,
            28.5184686355383,
            28.486301112799936,
            28.51915281121943,
            28.464951187221175,
            28.57947673083365,
            28.629394457435122,
            28.528715239928665,
            28.634916882338523,
            28.5012055337976,
            28.483259262709392,
            28.536152122285614,
            28.689674989875627,
            28.838052767747143,
            28.757195536446964,
            28.899737145490317,
            28.968346053822344,
            28.914499586441295,
            28.79443888431809,
            28.638639973406093,
            28.644439274788173,
            28.70942852410232,
            28.74218598642413,
            28.76598368116785,
            28.798101200134326,
            28.721404979633085,
            28.795383828909706,
            28.692074958266527,
            28.8327260680427,
            28.973304433455226,
            29.06018696920323,
            29.082266754014885,
            28.991793697472513,
            28.979401941361317,
            29.1257524915653,
            29.18432915511568,
            29.02606795720264,
            29.085817529414424,
            29.09033625651513,
            29.1513397565191,
            29.3210861151446,
            29.326921220322447,
            29.47326900801275,
            29.437150620463633
        ]
    ],
    "angle": 89868.0,
    "fluctuation": 331.840814,
    "buy_difference": 1.038470122
}