{
    "id": 86,
    "name": "Gentiva Health Services Inc.",
    "record": [
        [
            43.81273898548893,
            44.409088069866705,
            43.813297018589104,
            43.90528091804039,
            43.64065489604716,
            42.88523574678648,
            43.7065701062936,
            43.855346430754224,
            43.554051641660195,
            44.450204815421,
            44.622881911810815,
            45.04210272856022,
            45.36356674596901,
            44.721568296105765,
            44.866012527610955,
            45.04048676906798,
            45.81695342389999,
            45.79367151200922,
            46.43656258377282,
            45.85919089191414,
            45.575192241521805,
            45.49405753043142,
            45.224586979577275,
            44.93328393796373,
            44.562713340116595,
            43.85585734456029,
            44.12426552716411,
            44.21746063453744,
            44.31429379011101,
            44.99298956154462,
            45.63428137184416,
            46.23138815750079,
            45.97866518785732,
            45.381033925189925,
            44.85765859156767,
            44.665898129360365,
            44.689328332743315,
            44.3792161643882,
            44.38599308424923,
            44.521679079254696,
            44.71320069982021,
            44.106563591050104,
            43.91412649886742,
            43.99418334739072,
            44.63920831675072,
            44.79378840692704,
            45.18545420801975,
            44.9549567838233,
            44.51697771169078,
            44.023716275420526,
            44.21752759812664,
            44.417994975154436,
            45.07164373919892,
            45.566081522597116,
            44.99034971370554,
            44.842196718480785,
            44.76181182958501,
            44.23337302855376,
            44.40886689667759,
            44.63850038587768,
            44.42195149615283,
            45.12399079684608,
            45.83507917723908,
            45.643090029009876,
            45.595161567574415,
            45.68364578856676,
            45.110238910242245,
            44.8301382757961,
            45.452780499620374,
            45.58528658870781,
            46.424006988028815,
            45.77596103093414,
            46.40523017108489,
            46.288593250190665,
            45.952492935110484,
            45.85688290228505,
            45.36993763623582,
            45.4871735963383,
            45.65306713429168,
            45.02800734010148,
            44.953798105960786,
            44.66269723082898,
            44.14852649441309,
            43.74954962595945,
            43.64686133865272,
            44.05491294755029,
            44.404306212760766,
            44.10417603064796,
            43.99331009400931,
            43.7054948247874,
            43.73243909778798,
            43.07159035359939,
            43.48003979817022,
            43.73525904124383,
            44.571892514947066,
            43.69564105868741,
            44.26150411881973,
            44.499959647501115,
            44.001059915525644,
            43.56860615647698
        ],
        [
            42.28022596133511,
            42.78712580318889,
            42.280764475158165,
            42.17095012754612,
            41.841672551167456,
            41.410058920706796,
            41.95498601556899,
            42.08521719776112,
            42.089624812956544,
            42.67307167460384,
            43.07497822736465,
            43.19824915956833,
            43.484904294322256,
            43.13565671121124,
            43.283647542383065,
            43.38678383694901,
            43.97202902512968,
            44.10790347726528,
            44.686910063808085,
            44.162178505746795,
            44.118057206097795,
            43.9997178031507,
            43.66894057774313,
            43.235952752012786,
            42.96092447603714,
            42.419586872175834,
            42.58085570692903,
            42.377827330316684,
            42.888851463339,
            43.50200404544106,
            44.06012514696838,
            44.538414471540094,
            44.12722909512664,
            43.706085399466524,
            43.30161084129591,
            42.910079761725406,
            43.24747679494587,
            42.83976489475814,
            42.82055775059081,
            42.82706076757413,
            42.86147215920315,
            42.465915426879725,
            42.15842593741354,
            42.587596501401585,
            43.129640554239856,
            43.32245036443429,
            43.51772424764406,
            43.256806917510225,
            42.76701341204977,
            42.45830006350892,
            42.45392839461438,
            42.82140795468031,
            43.33012792749389,
            43.81858185622556,
            43.4645474031746,
            43.143996214842716,
            42.96365607406363,
            42.78473899374885,
            42.86838708572992,
            42.87093109799201,
            42.8939143459485,
            43.4498402632079,
            43.998192977093304,
            44.00687210941054,
            43.92109323964243,
            44.08127434195751,
            43.56726117171948,
            43.253370796742544,
            43.854113422497946,
            44.070249595133994,
            44.50585735725828,
            44.276807550540326,
            44.69248003874888,
            44.39371306703572,
            44.32293042920612,
            44.12025563291137,
            43.75227092351167,
            43.62944477112135,
            43.875947977349604,
            43.301143296170444,
            43.08353004985385,
            42.898447250546496,
            42.72841634603033,
            42.265827798306226,
            41.964585959670856,
            42.496897872705205,
            42.85539462851312,
            42.60842740633518,
            42.403499861837304,
            42.19787216323797,
            42.24506033874442,
            41.669373491406404,
            41.88781931385229,
            42.22237726647036,
            42.7984257928127,
            42.26037377571714,
            42.790463325849416,
            42.737876214923276,
            42.40248318668493,
            41.89771144315914
        ]
    ],
    "angle": 90678.79999999999,
    "fluctuation": 831.304751,
    "buy_difference": 1.038219183
}