{
    "id": 87,
    "name": "M & T Bank Corporation",
    "record": [
        [
            29.454784487724016,
            29.49040694881444,
            29.278475809997637,
            29.413446159813994,
            29.265400010425257,
            29.373850442508058,
            29.359304854335083,
            29.413247761591453,
            29.60333042109394,
            29.502123018808003,
            29.45710593058421,
            29.384124744687146,
            29.56547736122157,
            29.461881908519743,
            29.733652947527133,
            29.539221859686958,
            29.487228464201895,
            29.58867097283436,
            29.6956982950509,
            29.667347684235928,
            29.786466833148626,
            29.654745601730564,
            29.855021141788338,
            29.581308205279772,
            29.774394368192592,
            29.721779621089695,
            29.822477254172025,
            29.63628231968387,
            29.67892063388488,
            29.803921567376662,
            29.67584276373443,
            29.65962592230981,
            29.75260507755413,
            29.747783790960046,
            29.8150503899958,
            29.85093014563204,
            29.580576668366156,
            29.843229772736823,
            29.696941778430336,
            29.768099177630457,
            29.8756365349395,
            30.027551203224096,
            29.812897168480823,
            29.833768982740473,
            29.70134287788095,
            29.642093188310724,
            29.775681554432936,
            29.786039270853223,
            29.822459213675295,
            29.601928536760628,
            29.751107099217087,
            29.821823019612747,
            29.781101328213982,
            29.713441114099744,
            29.803294913770152,
            29.76176406638728,
            29.494773528363062,
            29.648395871882556,
            29.57265306736182,
            29.540054195762377,
            29.72586673681635,
            29.59022352318851,
            29.69638043789284,
            29.67047217490461,
            29.74707239814126,
            29.71280511825007,
            29.85431034159636,
            29.749643644930078,
            29.73606864707176,
            29.723223351001288,
            29.70929991257436,
            29.691964389822715,
            29.852538509171268,
            29.774056113635314,
            29.895426609246645,
            30.083055958505685,
            29.993699745632505,
            30.09036633863837,
            30.05641025470768,
            29.88048223707192,
            30.02386262204178,
            30.175007288132843,
            30.147735195888643,
            30.14330527885189,
            30.010116820850307,
            30.084679724988572,
            30.04318048715655,
            30.192410423477977,
            30.096084771616333,
            30.257787957250915,
            30.365026389729834,
            30.083611680589918,
            29.986573667295367,
            30.230865953887267,
            30.19197841455189,
            30.221426203694456,
            30.081908500735253,
            30.32148032512934,
            30.061090333820175,
            30.19839309990211
        ],
        [
            28.32825233984977,
            28.35968291836638,
            28.30553782983494,
            28.319575092378965,
            28.33836980959846,
            28.315389661916914,
            28.343884037234268,
            28.418730413322802,
            28.459759182180537,
            28.50174388566878,
            28.489660993224273,
            28.46477111715731,
            28.46879579833205,
            28.4914215406618,
            28.562259094334767,
            28.49760014612189,
            28.55890907931897,
            28.52246932399507,
            28.49740170343325,
            28.546926521788052,
            28.607290809028736,
            28.66642901318155,
            28.636041591685373,
            28.56106957859801,
            28.632781664692544,
            28.662246418135652,
            28.653294729692334,
            28.625616270515142,
            28.560913365426607,
            28.615501547116235,
            28.56365447462035,
            28.622352061746238,
            28.70345897509024,
            28.730436481438833,
            28.663300447413054,
            28.63211763077016,
            28.64931848753722,
            28.678950575387393,
            28.741805910293007,
            28.709786885205173,
            28.755960394702157,
            28.818732469693227,
            28.75299222265466,
            28.744363261762985,
            28.691332995658254,
            28.657072025952893,
            28.67979730646265,
            28.72421531568304,
            28.670423069589084,
            28.626855099622798,
            28.68192039994065,
            28.686977290196662,
            28.607838187666356,
            28.55137907029481,
            28.609200837092146,
            28.643495567754393,
            28.566216609141176,
            28.514458833691087,
            28.464332111444527,
            28.52981105058051,
            28.55477963097798,
            28.63564494485213,
            28.663560201787593,
            28.681631460019876,
            28.723993682978858,
            28.670801206225537,
            28.675305512663915,
            28.700601969473073,
            28.762347635067368,
            28.68085408002663,
            28.678901969093786,
            28.757199491460405,
            28.745208896715962,
            28.761573579351655,
            28.829703173006077,
            28.903657513169993,
            28.889791409243966,
            28.91068129173616,
            28.950193878486296,
            28.91073514686966,
            28.94776877990156,
            28.963136042584182,
            28.945605738149048,
            29.025190163036918,
            29.039077236268277,
            29.032540633150447,
            28.99539546359374,
            29.034770108027892,
            29.110574868844633,
            29.155812943143847,
            29.19785482146144,
            29.116039437844144,
            29.051290397968742,
            29.016751344809443,
            29.04884431023207,
            29.114954805584325,
            29.070609997815783,
            29.095035375200595,
            29.053404321416245,
            28.979811500493366
        ]
    ],
    "angle": 90063.5,
    "fluctuation": 164.16775299999995,
    "buy_difference": 1.037381113
}