{
    "id": 88,
    "name": "Safeco Corp",
    "record": [
        [
            27.973325722866427,
            28.03109474442207,
            28.592638915287157,
            29.306718843245562,
            29.81733735438483,
            29.28453299362405,
            30.27281611189108,
            29.775427339420883,
            29.582160524339397,
            28.83984038218465,
            28.02235733053865,
            28.525300978262827,
            29.06532083925519,
            28.920652808431345,
            29.81907196761542,
            29.807943348289907,
            28.829574697496255,
            28.693779868023256,
            28.374606946553577,
            28.09802758167878,
            28.017102255969377,
            28.172456003480555,
            28.965038143436434,
            27.960024250426116,
            28.595088677565755,
            29.142348935175537,
            29.698651896710953,
            30.656994303745492,
            31.369929106109108,
            30.785596804825744,
            31.05395707170584,
            30.95943686346762,
            31.381912259673065,
            31.876462108106598,
            31.074066039638133,
            31.47726346526934,
            32.280207751682575,
            33.2224998747167,
            32.93119805417428,
            32.655309680410156,
            33.72566818877244,
            34.54893206437444,
            35.27433464506178,
            34.79485142273154,
            35.866790425916086,
            35.50287774053053,
            35.385911508656754,
            35.29866620267257,
            35.343562706435385,
            36.26795829475956,
            36.895889084293806,
            38.05815358439434,
            37.1094786380121,
            36.62951407965749,
            36.39739577412287,
            36.95969160446687,
            36.388456298140895,
            36.986958502964086,
            36.067785575001096,
            36.35109523585547,
            36.98700165883785,
            36.72311681045667,
            35.489539637337366,
            36.675040718454575,
            36.592543996166455,
            37.95239400898796,
            36.937547472272726,
            37.74557040173843,
            36.64395326056458,
            37.07136273162622,
            37.81145537198024,
            37.51453283603022,
            37.26503781017586,
            37.257740723437784,
            38.37482351247678,
            37.97310700900414,
            39.07420711476565,
            38.54713018494501,
            38.20716964354898,
            37.36546406872109,
            38.30253726870471,
            37.422143754914885,
            36.42289033309804,
            36.18272260306158,
            36.82416828406448,
            37.009506417064934,
            37.76429166875147,
            36.776731035711016,
            36.52295344512602,
            36.244384904607486,
            35.28988307762958,
            34.4483571167696,
            35.43955210820108,
            35.810941487519194,
            35.967182902456,
            36.84756695957637,
            37.25464184793045,
            37.84369848972784,
            39.01792856223193,
            38.893038261978326
        ],
        [
            27.272777313387422,
            27.334558868498135,
            28.041796066081215,
            28.56992467987795,
            29.16088089280027,
            28.63980671643607,
            29.54123048170231,
            29.163713630417167,
            28.968605015932166,
            28.126017470397848,
            27.328768169165485,
            27.799824823727036,
            28.388452887805556,
            28.196380066364082,
            29.110089926473133,
            28.977532435730293,
            28.16946905623379,
            27.98916382256708,
            27.802828869952297,
            27.529060016962895,
            27.491154946622665,
            27.513628463517858,
            28.324508568814,
            27.399350284213543,
            28.047016013014982,
            28.495044258837012,
            28.891423108570862,
            29.83560857627821,
            30.611830181012568,
            29.933910875303017,
            30.303494059933538,
            30.302118993392416,
            30.749533828292346,
            30.988424926907264,
            30.250552023737686,
            30.883256896943386,
            31.465515879191756,
            32.47481053192015,
            32.30975432643075,
            31.837508269012172,
            32.93368153641611,
            33.68034450150976,
            34.566989009957226,
            34.039039452871755,
            34.895384618390054,
            34.55165738372847,
            34.41381217346322,
            34.315290822794836,
            34.65918038873614,
            35.526424478958795,
            36.10891099201755,
            37.17558121105424,
            36.36533341175258,
            35.719318780231326,
            35.3975095842152,
            36.10981825031888,
            35.51972812340996,
            36.176279940552924,
            35.15048347881944,
            35.561478618069785,
            35.93869901539325,
            35.85715403628051,
            34.774388208049764,
            35.83529883790977,
            35.85156776273741,
            36.979778516599744,
            35.89779174326606,
            36.752579774723124,
            35.733399166463705,
            36.099709055861894,
            36.87925739539169,
            36.76964641950043,
            36.36447520412029,
            36.3210515617434,
            37.488658273152666,
            37.19297815086615,
            38.08044352430409,
            37.80451209073213,
            37.216882173165914,
            36.62353755310178,
            37.399330397610676,
            36.57627725761274,
            35.43289234509501,
            35.2449065551197,
            35.83040367421175,
            36.07545592040083,
            36.69030721019127,
            35.752178673158426,
            35.594075189368056,
            35.3543531528153,
            34.46116365228688,
            33.67645092121223,
            34.76029386307221,
            34.841048276533265,
            35.15420342114207,
            36.14495295546136,
            36.231205937161654,
            37.129551102123834,
            38.12454199567457,
            37.907666244754864
        ]
    ],
    "angle": 90129.5,
    "fluctuation": 1936.5661479999999,
    "buy_difference": 1.024252774
}