{
    "id": 89,
    "name": "Gentek Inc.",
    "record": [
        [
            34.76355619371831,
            34.752877785675174,
            35.232530243437104,
            35.33336452390868,
            34.70383458294697,
            34.845498808061855,
            34.64349881939542,
            34.19166500291608,
            33.3634384194406,
            33.596984808695304,
            33.42757098300378,
            33.25937170267835,
            32.396623674381125,
            32.034927675030595,
            31.47011654631246,
            31.515706078959216,
            31.384404214714984,
            32.26701014142425,
            32.42795154972346,
            31.945765397141457,
            31.6018626608356,
            31.530951678374723,
            32.102228386744024,
            32.90834943721968,
            32.605821534674746,
            32.60911130340824,
            33.32249748741079,
            32.29334304851835,
            31.848509812852534,
            31.478559543418996,
            30.632883536358822,
            30.28753907543507,
            29.44038331103356,
            30.063069061597975,
            30.5830720414764,
            29.985614330504923,
            30.8428024974104,
            30.279055691319535,
            30.26461294039896,
            29.38944769458525,
            29.22498757348979,
            29.172597669158222,
            29.43673276543818,
            29.270256448217435,
            28.876025062978623,
            28.364292613591864,
            28.41476761980259,
            28.187032557868942,
            27.82598663008028,
            28.39759242482732,
            28.083418219839263,
            27.393329996588978,
            26.957141458565175,
            27.653325182637122,
            28.182144753440163,
            27.964515322604566,
            28.625253865433834,
            28.340452777108407,
            27.89107103673013,
            28.273613904043316,
            27.357103532509118,
            26.996879474372736,
            26.417272664363203,
            26.62722505421045,
            26.259657986232874,
            25.565214338836405,
            26.136419589460694,
            26.341465699519848,
            26.8302704016469,
            26.326922087599847,
            25.693802661312606,
            25.82807058386507,
            26.031214980917017,
            25.8578923272201,
            26.072078806087937,
            26.224015400133705,
            25.955766206738957,
            26.290204859980197,
            25.602840963347006,
            25.149836229463293,
            25.24679281313003,
            25.188338273933876,
            24.753363519213252,
            24.724606704057148,
            24.94186150152046,
            25.573714169651662,
            25.39358116143248,
            25.705945446364584,
            25.591444448269698,
            26.124504163023722,
            26.754642165284572,
            26.59121933332741,
            26.388355733644747,
            26.80296470180204,
            27.43128999973459,
            27.095449544379868,
            27.3777952108054,
            27.056405668525414,
            26.417782466284915,
            26.45212064001793
        ],
        [
            33.38989805674769,
            33.38296460930408,
            33.901083452329914,
            34.01167386106297,
            33.45575579135186,
            33.4886039217832,
            33.46780912784873,
            32.847144102869514,
            32.083428803296904,
            32.551322710454095,
            32.33523230386503,
            32.20158346222384,
            31.375719286742886,
            30.991204369710957,
            30.220579983191055,
            30.458361664461034,
            30.404552813754314,
            31.075521029601777,
            31.283600794895,
            30.710963641569837,
            30.398525679636943,
            30.5710800084524,
            31.00346908096398,
            31.747045909893966,
            31.52137557408472,
            31.534034146357424,
            32.111263752612416,
            31.234937093820367,
            30.764592964941297,
            30.39202066049755,
            29.596264499065832,
            29.174967686616956,
            28.458366274437093,
            29.01667813921789,
            29.40387210903259,
            28.973800082363425,
            29.814006194425925,
            29.08259952330289,
            29.088996527696754,
            28.273173718093243,
            28.179579318463915,
            28.050576781279773,
            28.346924939514903,
            28.285413258479476,
            27.784792311757318,
            27.44291294962365,
            27.297412003118446,
            27.165179946386395,
            26.973481547003317,
            27.348985131252377,
            27.111355959537637,
            26.40288827382119,
            26.003250446301077,
            26.58443939892168,
            27.114430053521293,
            27.10232062084222,
            27.51057730986537,
            27.3978698858065,
            26.914895220410394,
            27.159104870585864,
            26.43398397134291,
            25.96889122579598,
            25.510538337173315,
            25.567433366641872,
            25.350722247106482,
            24.767043664179354,
            25.249432993636127,
            25.480685182041555,
            25.992603455307957,
            25.433470445492176,
            24.886620021819517,
            24.929085235889694,
            25.03750133077088,
            24.86831618392787,
            25.207465931920215,
            25.20535433309591,
            25.100040606523045,
            25.289125395429853,
            24.731486201769915,
            24.31093520755683,
            24.331531473906377,
            24.18581580033652,
            23.939678713577255,
            23.95749135259294,
            23.98734166676883,
            24.61709597923161,
            24.458340950412484,
            24.816175574400386,
            24.76758778825888,
            25.202595913203037,
            25.911531727272184,
            25.691370510638446,
            25.37594961804474,
            25.96354348430135,
            26.42363902036433,
            26.04553241221346,
            26.311695094869297,
            26.209047130388058,
            25.477882874937958,
            25.500804131042162
        ]
    ],
    "angle": 89988.1,
    "fluctuation": 1699.188032,
    "buy_difference": 1.036372618
}