{
    "id": 9,
    "name": "DQE Inc.",
    "record": [
        [
            82.50199058167321,
            81.56094150245943,
            81.48798401940793,
            78.71783977457963,
            80.54104265833341,
            78.7634878430802,
            79.19648508581474,
            77.77009759722321,
            77.71716923543089,
            77.4315437361036,
            79.5922118111371,
            82.22623739162263,
            82.9949167269655,
            83.32950776115746,
            84.74849949447264,
            85.14303048186632,
            85.94050555419732,
            85.70969655236935,
            83.27409121663882,
            85.5449205232957,
            83.21525021090062,
            80.76513409532726,
            79.62163680788717,
            79.17640803471365,
            79.77683113963043,
            80.72459954222225,
            81.23808998054568,
            83.31277503352072,
            86.3030785579298,
            85.21820249479617,
            84.43005154712779,
            82.04901469581507,
            83.81828462307209,
            84.68998775485385,
            84.84446439077907,
            83.6396129318243,
            85.29152651435324,
            83.54083833543996,
            85.60624591479431,
            84.58179213785365,
            82.61824773924327,
            82.51486485204613,
            83.49189746601589,
            84.51490367565123,
            86.18719132404543,
            85.87040395360887,
            87.34265428766476,
            85.13476444050714,
            86.5355033190354,
            84.57756836804009,
            82.7732070701671,
            81.80910843802877,
            79.55118612144162,
            80.8188259337848,
            81.67584818143338,
            82.75216470850359,
            81.55725417819367,
            80.90599980692399,
            78.53402676096769,
            78.18638093073767,
            80.34043313711751,
            82.96525438979889,
            80.29814684728238,
            81.00564536361769,
            81.10016167005611,
            80.51964750721751,
            83.14749822787739,
            80.94955476584238,
            79.55545131712599,
            77.98398414881409,
            77.6056635105257,
            77.48170579149533,
            77.30376110879592,
            78.8437374741593,
            77.30911131466156,
            76.8098553058447,
            78.89492254404465,
            77.76098592904088,
            77.13209847994544,
            78.52749001112836,
            77.36628818206758,
            78.99946193243426,
            78.40913504771899,
            78.8301886758265,
            77.7502343812046,
            80.03232458428924,
            81.96380144441659,
            83.70404976735625,
            80.75861388131528,
            81.59316447488297,
            83.81721607372761,
            83.7704811955918,
            85.93484359213151,
            83.72806096839082,
            84.76782507686728,
            85.59967756047217,
            83.62027700592704,
            82.14507011455574,
            83.92437179724551,
            82.44471116938712
        ],
        [
            78.90454052234139,
            77.72398957115651,
            77.36078698580967,
            75.10467425961671,
            76.80578117222365,
            75.13319742669223,
            75.36536051454324,
            74.46857414391216,
            73.96498525708384,
            73.72257111268269,
            75.90854294346336,
            78.17056535375886,
            79.4955270485775,
            79.88017764636803,
            80.91517737586662,
            81.00000036238991,
            81.77498153301379,
            81.47408889889624,
            79.66693655309729,
            81.35799289945275,
            79.2213308123921,
            77.1351479155376,
            75.88349827189892,
            75.61782709318797,
            75.99344386381071,
            76.7965687287392,
            77.44727423401021,
            79.78396072376702,
            82.15275983111836,
            81.09577775405623,
            80.14586860715004,
            78.32995492098448,
            80.12327227975746,
            80.93221683335624,
            80.90962260467391,
            79.60943611984692,
            81.10891442579198,
            79.65849150937736,
            81.2866471422308,
            80.46607168013453,
            78.86549330753164,
            78.43713961031601,
            79.421290159276,
            80.24238535851637,
            82.44558238573205,
            81.52936044725199,
            83.0098049602135,
            81.34096084974325,
            82.3986750756969,
            80.77623246071863,
            79.35487895246594,
            78.03063916228213,
            76.16640557936522,
            76.98602243286115,
            77.98931338570212,
            78.56093955035723,
            77.82932792020968,
            76.9921775774686,
            74.83947296962378,
            74.39669822179663,
            76.56854799197193,
            78.79460396080735,
            76.65077795862662,
            77.48121086316466,
            77.05395572330141,
            77.12462484189989,
            78.95982503712507,
            76.93385102080296,
            76.27000852978529,
            74.56111242048989,
            73.76319092484383,
            73.63069738224986,
            73.94780485721753,
            75.58009071397841,
            73.70900011291828,
            73.63779882280964,
            75.23600336567601,
            73.9329232135654,
            73.89474789840109,
            74.90807697829825,
            73.52834127684726,
            75.23791456350766,
            74.66078769940242,
            75.28716855150262,
            74.24088674901523,
            76.18356668338228,
            78.53943271956022,
            79.48834619672697,
            77.39237095380533,
            77.45293197642272,
            79.88210021897017,
            80.26256859158487,
            82.18770602612159,
            80.10124185600074,
            81.20183627494663,
            82.02340543143175,
            79.88596110784891,
            78.10897037722935,
            80.43425189875786,
            78.4329803250281
        ]
    ],
    "angle": 89129.7,
    "fluctuation": 1743.834565,
    "buy_difference": 1.048318061
}