{
    "id": 90,
    "name": "Benchmark Electronics, Inc.",
    "record": [
        [
            28.568603141911996,
            28.53031589454859,
            28.14123703508841,
            28.27106555004103,
            27.876155457343586,
            28.329927073793918,
            28.77768982578255,
            28.696650315332256,
            28.310353967526336,
            27.762881122877033,
            27.850421827760172,
            28.00792408111928,
            28.06808793365321,
            27.7651617545411,
            27.992406389979212,
            28.574289384582784,
            28.051882242742305,
            28.45083791464703,
            28.843827181765977,
            29.113252908992965,
            29.153023510958086,
            28.666494811354678,
            28.534489141727736,
            28.39021037478478,
            28.352732812644376,
            28.665255784592887,
            28.77384312676178,
            28.39081464770281,
            28.492463471802342,
            29.000588967308946,
            28.984566898987172,
            28.622145595544985,
            28.610336676749657,
            28.90073948930515,
            29.0464295595116,
            29.432996997095984,
            29.44110072953199,
            29.143725416981837,
            29.7638055710578,
            30.125987977728652,
            29.994950978532234,
            29.821232670661573,
            29.450999879195816,
            29.11270613952685,
            29.204041915145975,
            29.736671036566168,
            29.745235711197353,
            29.935022187162534,
            29.864951504847323,
            29.92694296952157,
            29.778591777030613,
            30.295793551328313,
            30.65619784048571,
            30.730138811835797,
            30.82952486608339,
            30.7164181169409,
            30.86240849859236,
            31.202911888609353,
            30.866425143891146,
            30.947808552016056,
            30.920090759057008,
            30.560601894904828,
            30.649411094615417,
            31.0408782822494,
            30.981722121544287,
            31.15915859193508,
            31.523664675816928,
            31.925123042955118,
            32.27420445546596,
            31.950935994032992,
            31.99012233104604,
            32.0115179588572,
            31.83085333169795,
            31.512273311420675,
            30.918648276421774,
            30.75764696658667,
            30.90406181332618,
            31.24724729420264,
            31.150967189831068,
            31.41016479860528,
            31.256469498612443,
            30.917918171861352,
            30.36704668743819,
            30.173983481705623,
            30.403206459070347,
            30.419466273632445,
            29.827359466415118,
            29.29402583569344,
            29.483523452738233,
            29.769290056046398,
            30.10016813890101,
            30.639615985360432,
            30.033909119027058,
            30.14202927671778,
            30.232840962763056,
            30.86055593565792,
            30.41710175129621,
            30.83160007923235,
            30.175381386256916,
            29.778248698808625
        ],
        [
            28.13709238959477,
            28.06577174429414,
            27.89154739513149,
            27.857950088299894,
            27.482531367076675,
            27.94106077939895,
            28.411071421299667,
            28.325396981508437,
            27.952485636922976,
            27.472402862371183,
            27.49836745297092,
            27.615198118547944,
            27.580827862720298,
            27.364903676391364,
            27.696749472679723,
            28.08942935615363,
            27.725020116717513,
            28.063116585466926,
            28.504882497901637,
            28.779788236203522,
            28.813330824300387,
            28.369406817063858,
            28.252935333812925,
            28.112900783758484,
            28.02797917554275,
            28.223834905027296,
            28.515676660455476,
            28.02351796073366,
            28.149191076941438,
            28.536921375941247,
            28.586714793851385,
            28.181388576707196,
            28.10247034618501,
            28.58975586483454,
            28.619126341120435,
            28.922042198946805,
            29.036982084475802,
            28.792606728036013,
            29.261676153716483,
            29.629555328315526,
            29.618751183729785,
            29.28312770342554,
            29.177967475383568,
            28.842809967194526,
            28.823341461150804,
            29.202997700556185,
            29.395698548494632,
            29.67835873124276,
            29.60591456319263,
            29.61382250131191,
            29.496599938258317,
            30.020956989008994,
            30.292922395109933,
            30.475843014607438,
            30.519201568991882,
            30.428599582903505,
            30.493636127329236,
            30.682617362898647,
            30.53122948013558,
            30.55965791842487,
            30.52923300875333,
            30.12305359857184,
            30.39578332948853,
            30.489867047085536,
            30.43176097616465,
            30.81151920826776,
            31.038226698465646,
            31.606942215565,
            31.77720879545623,
            31.38377018942426,
            31.719024967646405,
            31.632181992141167,
            31.318812046025517,
            30.968305991085955,
            30.445564613864974,
            30.3203058940786,
            30.50730217061918,
            30.81525718409365,
            30.840501964650045,
            31.04417177339509,
            30.7046873768289,
            30.363045418520155,
            29.938250071465568,
            29.747913006675812,
            30.033907056858222,
            29.936098323243673,
            29.412060016801508,
            29.031192153707714,
            29.105001292722115,
            29.36360117110371,
            29.58646923337686,
            30.11071254386861,
            29.636462728477518,
            29.63056720760655,
            29.967602784773376,
            30.47959921304618,
            29.93675669015392,
            30.296365628025946,
            29.808849312659035,
            29.307992367061633
        ]
    ],
    "angle": 89854.4,
    "fluctuation": 1053.874361,
    "buy_difference": 1.013309392
}