{
    "id": 91,
    "name": "Constellation Emergy Group Inc.",
    "record": [
        [
            21.787794465400815,
            21.9710053355515,
            21.663942488270916,
            21.800712449819795,
            21.90883760523215,
            22.164995536076233,
            22.370752806487783,
            22.318535523277717,
            21.981596123301046,
            22.12150829603437,
            21.905406397302173,
            22.318386138662458,
            22.27561719300844,
            22.5324443449713,
            22.44486507511034,
            22.166966635522922,
            21.994004595074372,
            21.88728070696808,
            21.602418714205907,
            21.453297992516852,
            21.782937402068594,
            21.47315303833306,
            21.530250660265928,
            21.431890609588574,
            21.281641181416997,
            21.6431630209965,
            21.284281765731514,
            21.666847480261357,
            21.815557004570508,
            21.874397570149252,
            22.299901728567878,
            22.409154966809837,
            22.536269620618828,
            22.380574941956823,
            22.65360323760846,
            22.547644969940443,
            22.446986773061212,
            22.695419106755708,
            22.85960905482267,
            23.122228296090096,
            22.99608474234203,
            23.213674970698708,
            23.36515239625106,
            23.47797316785583,
            23.23775700656111,
            23.05672504300528,
            23.002758104707688,
            23.13917872120509,
            22.794515525765245,
            23.04307272390024,
            22.95753683518666,
            23.1398719554744,
            23.12428778345942,
            23.5072065019741,
            23.4008208213638,
            23.006476669986903,
            23.002227640343772,
            22.99046323433637,
            22.914483483140653,
            23.1496291180812,
            22.767134578054254,
            22.991172250406418,
            23.20951802040142,
            22.83843111001032,
            22.370442225650244,
            22.19849935861302,
            22.436413978037496,
            22.287794462601155,
            22.475981226904114,
            22.45221707365622,
            22.272337058727604,
            22.053567512751123,
            21.879038104692654,
            21.954204125340315,
            21.92162474115141,
            22.03805882231206,
            21.761372128377925,
            21.560886095930694,
            21.584211685446554,
            21.787972559379686,
            21.802879249904198,
            21.592044412656694,
            22.02498658314493,
            21.989041512441272,
            21.700995644362216,
            22.017746404658244,
            22.074643165798385,
            22.00395027577499,
            21.92154099573681,
            21.86535321712793,
            22.064662055928327,
            21.936071009572586,
            21.7191710461152,
            21.732192061383618,
            21.77643247646397,
            21.66460310521633,
            21.52718027285775,
            21.353138214109087,
            21.1412429461416,
            21.270358713861263
        ],
        [
            21.329587569849352,
            21.603546954166685,
            21.35712596458645,
            21.507047042440526,
            21.581249677359953,
            21.80083036164791,
            22.049506426602804,
            21.855692295801337,
            21.71380417599736,
            21.654128183434036,
            21.588679246830814,
            21.866430245194174,
            21.874638611030132,
            22.17998429435791,
            22.045241464131134,
            21.83114672942073,
            21.66297388874825,
            21.540601384260004,
            21.249621281884032,
            21.029333241871896,
            21.32695516017429,
            21.065589601698534,
            21.229582831063542,
            21.058713552609973,
            20.997073711846202,
            21.283315183129947,
            20.982842203471876,
            21.261969111043616,
            21.489363837991995,
            21.623111593031464,
            21.920369173689693,
            21.970679172310653,
            22.22823734979178,
            22.045933446961527,
            22.24804163875898,
            22.226085462522878,
            22.11799696885766,
            22.275764780922312,
            22.4212583130277,
            22.712812330016494,
            22.584391785704597,
            22.823151915014563,
            23.006573653915062,
            23.13850849847568,
            22.851396814773654,
            22.70969938228215,
            22.545925856588877,
            22.68868009216805,
            22.50100301114742,
            22.659949430440175,
            22.497119392455147,
            22.81672592347239,
            22.74891101146639,
            23.017421108492666,
            22.942941284327368,
            22.73761581998186,
            22.525205961699168,
            22.58563578505102,
            22.55379048929248,
            22.78523473671891,
            22.455946778016276,
            22.577313116129297,
            22.739516363977554,
            22.422844478000233,
            22.10457248129333,
            21.936876736359462,
            21.97768994959218,
            21.845161313845125,
            22.042788941420046,
            22.072297877822514,
            21.96350770077812,
            21.710770812036582,
            21.468052962004464,
            21.576242931143515,
            21.626330590795376,
            21.589629303210167,
            21.50058132436627,
            21.272584702926256,
            21.23171159913401,
            21.453598374016053,
            21.40186410463418,
            21.309738544250934,
            21.622043944077994,
            21.72552229216209,
            21.443082183999707,
            21.586929229170682,
            21.79915034014173,
            21.554068190246774,
            21.464793802853016,
            21.437517890981745,
            21.699975554189397,
            21.489716734310896,
            21.300565190855636,
            21.424408950164278,
            21.314222048031404,
            21.340667049488914,
            21.1671447306496,
            21.10147867971131,
            20.814710392522024,
            20.912528017475623
        ]
    ],
    "angle": 90726.6,
    "fluctuation": 848.258819,
    "buy_difference": 1.016602528
}