{
    "id": 92,
    "name": "Exelon Corporation",
    "record": [
        [
            11.681332830292263,
            11.724048831631741,
            11.789769298740794,
            11.783231161446976,
            11.743439532804421,
            11.799194887352666,
            11.761079114819113,
            11.878195461524474,
            11.857881274364924,
            11.824650632866577,
            11.889826500887128,
            11.896992116854825,
            11.894593704432031,
            11.855018410117664,
            11.981376959771971,
            11.90783223104739,
            11.892280634779862,
            11.92350515529695,
            11.9793057793351,
            11.94055367737153,
            11.826987795265993,
            11.881820591506488,
            11.81800367949046,
            11.903655555705393,
            11.963009371425901,
            11.956686260371622,
            11.91151037838328,
            11.98381007192824,
            12.062228648750816,
            11.928610398828168,
            11.951237582978372,
            11.908962966064305,
            11.972814397842411,
            12.028155936865858,
            12.03372729054078,
            12.001107945590283,
            12.063695155056598,
            12.195152548397944,
            12.126680143495253,
            12.052044656782098,
            12.101963781417759,
            12.094143512452007,
            12.227697828075863,
            12.221727443724546,
            12.23144762276392,
            12.256619409685062,
            12.297187989587936,
            12.217483071167955,
            12.154573936758528,
            12.098357894919818,
            12.084954321658179,
            12.113627942305113,
            12.09562325080027,
            12.007950494800195,
            12.143284757527336,
            12.124823913305088,
            12.164782081818652,
            12.216024387201218,
            12.193016902198698,
            12.18614690541333,
            12.284330876808705,
            12.208393070319193,
            12.18743494718447,
            12.219774628707203,
            12.218381279828968,
            12.338481789992144,
            12.333828653202113,
            12.328555631391268,
            12.312538436106838,
            12.402491259266531,
            12.317779479639153,
            12.361613756767047,
            12.373772414936726,
            12.306455824381613,
            12.336662430754133,
            12.301963518048739,
            12.323622496436707,
            12.30512771573682,
            12.39186235266064,
            12.277362224549591,
            12.399975371041444,
            12.29510965135316,
            12.367862657962966,
            12.418865878177803,
            12.345744578202636,
            12.286293948440097,
            12.285859641466828,
            12.326002703627923,
            12.286823712217172,
            12.318391205270581,
            12.383151458224367,
            12.396337005642643,
            12.460932941775557,
            12.436819440556809,
            12.373340118853367,
            12.501551369543986,
            12.423740682712033,
            12.543341847765287,
            12.583938074023004,
            12.47722783047042
        ],
        [
            11.479591207664468,
            11.53307379837578,
            11.596565813872733,
            11.555523626578902,
            11.594985832900209,
            11.608154864035253,
            11.636893783560275,
            11.667234867154008,
            11.655415854465021,
            11.691574603585366,
            11.694983340156803,
            11.66708618441946,
            11.704346681560189,
            11.684076486616377,
            11.745163761289518,
            11.739652070345187,
            11.77380473603146,
            11.803532019337094,
            11.746639873899612,
            11.71680382236603,
            11.672798512935715,
            11.664980568505888,
            11.645265500074814,
            11.703911686797007,
            11.770492441765022,
            11.764271086538919,
            11.738579548476443,
            11.763936477771065,
            11.827952188843366,
            11.774275806148617,
            11.726119585808322,
            11.77730204642795,
            11.808443148035195,
            11.810999294253119,
            11.870896579322315,
            11.85296068059541,
            11.893313665758328,
            11.955914401134214,
            11.927955571009019,
            11.888966089708111,
            11.952571505020243,
            11.971250531159955,
            12.006938650928054,
            12.017845700206918,
            12.075614585818922,
            12.101678389671054,
            12.067957276839074,
            12.002890016889843,
            11.96734048127567,
            11.946614820022264,
            11.936968706544809,
            11.910360727423964,
            11.865422156480241,
            11.876387376052655,
            11.935946263363796,
            12.005237755972233,
            11.959462939028976,
            12.017035480117597,
            11.983633651355422,
            12.002025537087492,
            12.061347077559565,
            12.01792842102905,
            12.046649047836237,
            12.019524481079573,
            12.077237896950217,
            12.131441517560248,
            12.109946375855529,
            12.162953418968787,
            12.150801724225166,
            12.21632239442863,
            12.169383038588277,
            12.127557956147285,
            12.158859210232773,
            12.135074421952954,
            12.112728714994573,
            12.134288241779776,
            12.178819567396776,
            12.173975115891347,
            12.157233822665184,
            12.140409752306171,
            12.190686598199349,
            12.164063827741115,
            12.233584369486078,
            12.211695489260762,
            12.164076008334558,
            12.15046140241709,
            12.131764834886608,
            12.171404404611701,
            12.110866998653233,
            12.092378865932734,
            12.158373878841084,
            12.21758960780594,
            12.272659811501947,
            12.261168133790527,
            12.250071703305423,
            12.283193708875395,
            12.261771490481058,
            12.32302527173347,
            12.372779034243484,
            12.323203119903486
        ]
    ],
    "angle": 90265.7,
    "fluctuation": 341.71228299999996,
    "buy_difference": 1.015036347
}