{
    "id": 93,
    "name": "Aetna Inc.",
    "record": [
        [
            17.6498438726124,
            18.094238717143558,
            17.940143873206313,
            17.97699687406394,
            17.804333015291075,
            17.84220491395942,
            17.619057081346128,
            17.62432777290637,
            17.83040526227768,
            17.684079488338835,
            17.530818933697798,
            17.504933371269583,
            17.816440337773212,
            18.142462155356284,
            18.318648084550873,
            18.561411590471984,
            18.132843966907064,
            18.381611029719018,
            18.493090341934867,
            18.764691070931583,
            19.109789498460547,
            18.549851328186083,
            18.42496813012989,
            18.469585786989505,
            18.193318135173662,
            17.806673651382443,
            17.801267114467976,
            17.990266432546672,
            18.053682304099475,
            17.55010185554069,
            17.912323194921886,
            18.052156740035723,
            17.849692084722175,
            17.64504275787126,
            17.38442752874916,
            17.816451262692254,
            17.784165838727738,
            17.423442295348973,
            17.198854349038886,
            17.328625166152978,
            16.866728696215926,
            16.75790157862,
            16.424494586312075,
            16.67978084734862,
            16.56815147464843,
            16.376727105462354,
            16.50919855249687,
            16.489862761178408,
            16.33718068191781,
            16.606103015560702,
            16.450109844065963,
            16.493752900581313,
            16.6558068795095,
            16.843123901250056,
            16.594515530635782,
            16.463111225882137,
            16.241402166164967,
            16.587937706461002,
            16.968720930856477,
            16.989895324860697,
            17.24086455187791,
            17.038240574539756,
            17.113686735326915,
            16.971532759260548,
            17.04915931101162,
            16.592640115527196,
            16.623917635999383,
            16.34357343909961,
            16.207909909144096,
            16.05964967878305,
            16.23746459130826,
            16.08733927082196,
            15.807332599037693,
            16.177458016402372,
            16.52688701196002,
            16.27899138952781,
            16.248585634295512,
            16.51200894724354,
            16.76784350039187,
            17.132632027250345,
            17.273098484362105,
            17.113837908887625,
            17.324001512868048,
            17.706702568414737,
            17.7192399907908,
            17.42979809685785,
            17.365999751612968,
            17.04004530467437,
            16.928210563746656,
            17.009799471387208,
            16.686372858869476,
            16.396263172163785,
            16.5144955014223,
            16.621401201351468,
            16.594961345755866,
            16.435411435132632,
            16.738376968773736,
            16.512102916306187,
            16.75012933618438,
            16.617341576965917
        ],
        [
            17.372738217831166,
            17.77628281555831,
            17.677982795183873,
            17.590668066296548,
            17.40783017374691,
            17.535699106171162,
            17.312917224399488,
            17.316362618357374,
            17.41597174969584,
            17.29025469517207,
            17.217593118811372,
            17.16468732004553,
            17.47537737738664,
            17.83437019446737,
            17.993146581163174,
            18.186094817844207,
            17.794616014182296,
            18.006334717977047,
            18.160854119513633,
            18.47749461302638,
            18.674912007724952,
            18.26227847659431,
            18.09214545145118,
            18.125076663114136,
            17.788152587465813,
            17.472782578310014,
            17.392703747423454,
            17.68653051890715,
            17.66042323289558,
            17.265904107550842,
            17.590520700961516,
            17.73139048418808,
            17.50449378136113,
            17.23148780620914,
            17.07210890464066,
            17.449229943143514,
            17.455932539909018,
            17.129276270395103,
            16.886490300265507,
            16.979930780507104,
            16.61024736610599,
            16.43053412192762,
            16.047530027158068,
            16.385039963217466,
            16.260735297984592,
            16.106686782345523,
            16.14475510801397,
            16.12423951762191,
            15.97176022156234,
            16.29635302620767,
            16.140041875445352,
            16.22015747803865,
            16.38773362194,
            16.472950382359027,
            16.338894641111565,
            16.11895853331402,
            15.912996612834968,
            16.203995623848655,
            16.585870261873907,
            16.61980847261843,
            16.95657523054888,
            16.78925909768002,
            16.870378008548784,
            16.73865137762286,
            16.726127753375625,
            16.340326671496957,
            16.294284168563458,
            16.116069756118925,
            15.856437287690232,
            15.82337975370051,
            16.006613291005973,
            15.785687256685227,
            15.484612383347429,
            15.845599818705347,
            16.18624536750002,
            16.015377381442192,
            15.915268351799345,
            16.155552263255252,
            16.526131862811482,
            16.78955777739359,
            16.88338040619426,
            16.789580881547437,
            17.02810296116019,
            17.34174331888977,
            17.451546186460845,
            17.04503225647733,
            17.10707596410037,
            16.725545859882086,
            16.567723991161998,
            16.699198432252125,
            16.439232208727905,
            16.124284891796147,
            16.195118797281058,
            16.260961916753796,
            16.33769457461992,
            16.099868452781067,
            16.46567336716134,
            16.18307040220826,
            16.359176659186794,
            16.34824849177332
        ]
    ],
    "angle": 91300.79999999999,
    "fluctuation": 1379.517725,
    "buy_difference": 1.018905429
}