{
    "id": 94,
    "name": "Tribune Company",
    "record": [
        [
            35.14607839947317,
            36.150817242218864,
            36.216083303001945,
            36.92467393922745,
            36.524021024164135,
            35.40024355960872,
            35.30041486112534,
            34.144044042449195,
            33.324625033060265,
            33.20150113235031,
            34.3725920237919,
            34.06560631710677,
            33.15592897289451,
            32.318509279731785,
            31.944343849952805,
            33.04785130403519,
            32.400865409669535,
            31.864607272440402,
            32.40113811080605,
            32.15053973843971,
            31.453828377218578,
            31.11765096396874,
            31.20796130631893,
            30.69461231823785,
            30.763821073338203,
            30.24934628456001,
            29.71754821349398,
            29.547866808672605,
            29.258723874303712,
            28.291513909849947,
            28.67414154033739,
            28.550291334142887,
            28.937232984008414,
            28.830183598233006,
            29.895713364903127,
            29.176206843077768,
            28.729957078564983,
            29.261525845131718,
            29.93013868090094,
            30.178446016590634,
            30.583143586051975,
            29.837046954838883,
            29.191897215213444,
            29.449960002851924,
            29.484812656376977,
            29.6291000932926,
            28.455381101320874,
            29.502958568843358,
            30.212279171197203,
            30.081758693916377,
            30.374375539385106,
            31.16596572356215,
            31.207596428435284,
            30.598178579177574,
            29.78900170914651,
            30.143880477318465,
            29.32365553821273,
            30.05495895462668,
            29.462917476746348,
            30.394670210606193,
            30.167413952338915,
            29.358165957979086,
            29.363128288538892,
            28.39943862452361,
            28.9950813578385,
            28.478515921304638,
            28.336699802330184,
            28.352312780323604,
            28.026161684833898,
            27.371195640848,
            27.24359331510892,
            27.747069223993748,
            28.303288144811585,
            28.871509053578247,
            28.492829527525544,
            27.867378523476773,
            28.759043868850842,
            27.901232950433574,
            26.872416440264026,
            26.348045000525698,
            25.52608450624828,
            24.89361431044207,
            25.408641821148883,
            25.780797948374442,
            25.254050287014294,
            24.810549720152803,
            25.54548429768235,
            25.775684337639337,
            26.417420506772192,
            25.589206170031478,
            25.36360363180393,
            26.278256180832958,
            26.53583396066998,
            25.97687130624947,
            25.34775962276692,
            25.63370805837486,
            25.123651100021437,
            25.386250351963437,
            25.09170641617182,
            25.023076712444226
        ],
        [
            33.65324109991244,
            34.60150286302399,
            34.94961604401455,
            35.41986180272428,
            35.08109223174038,
            34.14857931726215,
            33.77071632889853,
            32.68724982325976,
            32.11086785848565,
            32.02757893349266,
            32.84383611047951,
            32.71980038424397,
            31.97719374351694,
            31.001414778697754,
            30.830356454446267,
            31.805877582222347,
            31.1707103373285,
            30.483795087473297,
            31.25237538575774,
            30.883479958835505,
            30.09981253252943,
            29.88233016685954,
            29.945099254169953,
            29.588521859421256,
            29.41020085113346,
            28.95583711077481,
            28.401482134065343,
            28.460244656878157,
            28.057918413158585,
            27.247403688323764,
            27.40428358412692,
            27.42237506854699,
            27.872087543600276,
            27.791278442066925,
            28.74627168236254,
            27.953664832290453,
            27.664117012211772,
            28.17596534244512,
            28.61889894989881,
            29.032668952512587,
            29.422001476579542,
            28.549784855945386,
            28.154088330773156,
            28.207504348823228,
            28.408059515653047,
            28.350809462448794,
            27.44651280094041,
            28.3742999179954,
            29.108959748240686,
            28.7638764883437,
            29.177314778052565,
            30.06703527028923,
            30.073963814105337,
            29.278078917848244,
            28.574993661844157,
            29.07222738330292,
            28.210332077748973,
            28.789850697843487,
            28.341467437752883,
            29.10074834393542,
            28.920650932804076,
            28.055223297345474,
            28.129947351859496,
            27.406317449860314,
            27.807872932397366,
            27.449527802248117,
            27.211778302703138,
            27.129106686458968,
            26.962099829728032,
            26.260968235313527,
            26.264497930435475,
            26.74987964253129,
            27.179693034359815,
            27.800417612639688,
            27.49920595819914,
            26.78251433679384,
            27.55398182946901,
            26.670912587965276,
            25.87289416465465,
            25.357857190409295,
            24.623545879083512,
            23.82674950506618,
            24.421939268964447,
            24.811927891296392,
            24.207930749912098,
            23.714154194339834,
            24.445809241135915,
            24.73264492539857,
            25.323109717101,
            24.578271411956027,
            24.437352541491673,
            25.2022886138252,
            25.446778454595858,
            25.04581446808771,
            24.225213227304632,
            24.682734375291943,
            24.054120116343213,
            24.410190207092832,
            23.98049954768894,
            24.068209866659075
        ]
    ],
    "angle": 91570.40000000001,
    "fluctuation": 1973.58171,
    "buy_difference": 1.041339507
}