{
    "id": 95,
    "name": "Standard Pacific Corp.",
    "record": [
        [
            46.54054887304685,
            46.57948991418377,
            46.80004365960865,
            46.73513560425678,
            46.35382590196223,
            46.29694014117709,
            46.12766771615403,
            46.20311270300524,
            46.26786737703186,
            46.52329233742041,
            46.30209996928271,
            46.44504884666524,
            46.47710877356118,
            46.613410857294646,
            46.4885703164378,
            46.50904511655166,
            46.656013545904806,
            46.44261837458408,
            46.85879992875028,
            46.97244349712343,
            47.01138604961274,
            46.84659984145615,
            46.977994312703814,
            47.500119705981724,
            46.910811648447485,
            46.55637154483638,
            47.03138731151418,
            47.179469530754766,
            46.9944743084983,
            47.30085639126251,
            46.94691798966377,
            47.466414404391124,
            47.492470641244076,
            47.49227663975426,
            47.27807866921301,
            47.26102380403183,
            46.95540240074984,
            47.43554439504932,
            47.63195795100901,
            47.20455028092882,
            47.489078267244516,
            47.870287747312645,
            47.9333931783905,
            48.27874445580034,
            47.95244311818131,
            48.216086809040064,
            48.17904542409521,
            48.478744770726166,
            48.570664498232205,
            48.664464664395034,
            48.16646880579571,
            48.47441053564612,
            48.725607578453776,
            48.69135383271908,
            48.4627010764838,
            48.59255331262202,
            48.82378076129658,
            48.79332289044593,
            48.48653688910998,
            48.227676762434946,
            47.9079306639776,
            47.90923732552191,
            48.06496019195173,
            48.100157160038975,
            48.541488053465045,
            48.2471983041683,
            48.466313118123495,
            48.86557406211802,
            48.31869054902512,
            48.40157449165535,
            48.78783479012245,
            48.84171063494693,
            48.93080185693867,
            48.740765423649925,
            48.81626069881715,
            49.03287871693103,
            49.155540106627846,
            49.16244593984523,
            48.76008374628551,
            48.78140495846261,
            48.85593287790232,
            48.517062131770345,
            48.26368415722006,
            48.55411006293931,
            48.77015659609648,
            48.53900210990365,
            48.72208435722912,
            48.68857650628007,
            48.06687057606556,
            48.53844899317278,
            48.5294947792109,
            48.33853275767323,
            49.0053904399989,
            49.23013171589273,
            48.79855260913976,
            48.46880739751871,
            48.27791888525068,
            48.44846202074195,
            48.80340011882703,
            48.594790955748756
        ],
        [
            45.27811179272247,
            45.315996537458325,
            45.47600734876434,
            45.36310597472443,
            45.07392132712189,
            45.22650265953916,
            44.9843711588657,
            44.981309378261074,
            45.157301396533356,
            45.090015552241354,
            45.16806031896808,
            45.14458025739201,
            45.19380015799089,
            45.20437229067363,
            45.41370212897814,
            45.19324154668966,
            45.48138901417977,
            45.30513712133316,
            45.56950596213812,
            45.561633477061356,
            45.69505993059933,
            45.64431374630139,
            45.80444091282574,
            46.00009562944277,
            45.74810448997373,
            45.46624243998213,
            45.74648850992312,
            45.92265812632556,
            45.917128431327036,
            45.9488860190054,
            45.82005278138197,
            46.0040821741594,
            46.11200660581691,
            46.121022199107195,
            45.96346770807343,
            45.87355537919945,
            45.80536194568938,
            45.99707010699249,
            46.275143573842456,
            46.14555618896015,
            46.23326864054417,
            46.488118912862454,
            46.75471240196466,
            46.77740887152412,
            46.89551557679092,
            47.04931960812062,
            47.04619938601953,
            47.06961269705128,
            47.36207043429735,
            47.23108330783222,
            47.00090229664932,
            47.25873994088517,
            47.295142545021505,
            47.21479735102824,
            47.03526254015624,
            47.250833830404154,
            47.3243447420988,
            47.323105826085545,
            47.13832362291331,
            46.87261220344768,
            46.5851147273245,
            46.44714135651472,
            46.70513768759036,
            46.89387231785734,
            47.17289462814185,
            47.00896680289415,
            47.208277265933035,
            47.44993259543283,
            47.18729630312237,
            47.32523496310057,
            47.6120065938969,
            47.73639683769697,
            47.49905087974256,
            47.437617554834326,
            47.63974741408357,
            47.6171421501559,
            47.88920147747921,
            47.72867832808089,
            47.494422515584255,
            47.29269214369441,
            47.41691194491535,
            47.328773215917565,
            47.100488435788435,
            47.020801630031094,
            47.253539451765455,
            47.21291523034072,
            47.390995665607726,
            47.212104246510215,
            46.98381096534099,
            47.02435501360428,
            47.161239495896744,
            47.20193665372604,
            47.48145817294756,
            47.713463368176896,
            47.44640382961952,
            47.362418251390366,
            47.086046299013596,
            47.276071638986735,
            47.375377009479294,
            47.1917033885672
        ]
    ],
    "angle": 90047.9,
    "fluctuation": 367.828475,
    "buy_difference": 1.027676305
}