{
    "id": 96,
    "name": "Tesoro Petroleum Corp.",
    "record": [
        [
            32.32805709048115,
            32.0878935013588,
            32.508955009491025,
            32.42198935635592,
            32.752519216006434,
            32.80097300308203,
            32.299731310850845,
            33.0111223292355,
            32.96848036397793,
            33.10902915954557,
            33.033814061982696,
            32.91419522231753,
            33.23263648986429,
            33.513846156244966,
            33.60683543407592,
            33.72434906256347,
            33.630380690126835,
            33.32166336196989,
            32.65222118443585,
            32.93085757597217,
            33.11496170996099,
            32.9111059129433,
            32.686428262203464,
            32.24228568223116,
            32.3762312957493,
            32.801663271292256,
            32.7144766819777,
            32.458095501788264,
            32.19768353811524,
            31.77410521199135,
            31.581488671441946,
            31.689853234949744,
            32.01844300308684,
            31.741232901455756,
            31.318671572915502,
            31.222752009543697,
            31.40851933929654,
            31.693012420975045,
            31.441813692124033,
            31.38867083646012,
            31.442743398487274,
            31.342636674950274,
            31.440434180408648,
            31.467923856037903,
            31.24887009540611,
            31.069645242558877,
            31.09399458807486,
            30.87532432165012,
            31.117503554543635,
            30.654766094355654,
            31.28984799990249,
            30.88637872297587,
            31.143950063359195,
            31.25254750796685,
            31.726392464265686,
            31.803727123614,
            32.04108503632576,
            31.823934108521595,
            31.925924209866004,
            31.685266223013333,
            31.627968955218975,
            31.46923450806197,
            31.597647160095367,
            31.07885392380355,
            30.97097038950362,
            30.61757050561784,
            30.28059651534304,
            30.33496569034097,
            30.747429296695046,
            30.659295248507714,
            30.429708138854863,
            30.40632465868651,
            30.754351597431484,
            30.774267382142753,
            31.198661527078354,
            30.836125389324852,
            30.420581334498806,
            30.15985093522487,
            29.99892780209622,
            29.867589127938366,
            29.44997885953929,
            29.56313531520436,
            29.47061827095784,
            29.62820062430967,
            29.864752951284057,
            29.75501810043936,
            29.666689792500403,
            29.626598936608804,
            29.712342699360317,
            30.0921944161329,
            30.463694567742294,
            30.313826588623773,
            30.663835107567355,
            30.994929931566453,
            31.093376995765603,
            31.240200148731656,
            30.702659059935183,
            30.28077491162712,
            30.574696132486068,
            30.181116224464596
        ],
        [
            30.913816777312388,
            30.662613808461945,
            30.84836258209334,
            30.98186979752682,
            31.244437471671333,
            31.318886731139823,
            30.923980480066835,
            31.334242408495133,
            31.409565061222082,
            31.477358939290852,
            31.321451451146388,
            31.464837941768916,
            31.60433706295424,
            32.06382475239093,
            32.02414096684758,
            32.20699701543496,
            31.90932609509771,
            31.6290087572559,
            31.186233585084327,
            31.45236003151115,
            31.568062765543836,
            31.373729682759734,
            31.178267461863985,
            30.75153858606541,
            30.820661507810847,
            31.24751085475839,
            31.317912965119923,
            30.880077326313103,
            30.543863631052236,
            30.33841715683778,
            29.983205585962388,
            30.062117808895774,
            30.443557033976013,
            30.2675915781242,
            29.9275591709907,
            29.800028926165098,
            29.804138350877125,
            30.110090960964325,
            29.919180248807283,
            29.823924212536443,
            30.03708083000835,
            29.941449424427727,
            30.010798794624105,
            30.01598518451832,
            29.801070652224602,
            29.686616196288764,
            29.52332504145429,
            29.539462095971633,
            29.702552223287125,
            29.346130333731562,
            29.753769049592886,
            29.43474694829032,
            29.61503352397656,
            29.685704108269324,
            30.07581519914246,
            30.430752525259077,
            30.39833586237487,
            30.404279195858045,
            30.28003242398459,
            30.29002411011163,
            30.174688552095965,
            30.068418211359674,
            30.043458807946223,
            29.624103180837604,
            29.409446509264047,
            29.184411691265762,
            28.84012495537621,
            28.909249827855028,
            29.153585237144345,
            29.268111891569887,
            29.089753789732143,
            29.07615347062976,
            29.341213227699814,
            29.41323725981206,
            29.607949594398935,
            29.354552546749648,
            28.94740313432876,
            28.834673184677868,
            28.534767661789083,
            28.333453499290137,
            27.93729359934551,
            28.09780036127316,
            28.015459278037163,
            28.173695146536375,
            28.42417045280619,
            28.444773331413806,
            28.241304424827465,
            28.11324036112345,
            28.332896092774412,
            28.660685290760544,
            28.988428522022726,
            28.87177424819008,
            29.213895005305357,
            29.612256614214775,
            29.673576120503306,
            29.611970460145667,
            29.26258937262053,
            28.927058688510986,
            29.02447241801715,
            28.633727810793683
        ]
    ],
    "angle": 89530.6,
    "fluctuation": 839.632846,
    "buy_difference": 1.049736839
}