{
    "id": 97,
    "name": "Seaboard Corp",
    "record": [
        [
            7.660916927092758,
            7.636186379985673,
            7.770463486157251,
            7.67494642443047,
            7.673384051607477,
            7.564891050523156,
            7.5133493726654255,
            7.646843915494212,
            7.604728948712782,
            7.784548958548294,
            7.850798923093694,
            7.801530280879034,
            7.930155832737201,
            7.8379746021101395,
            7.771119289107847,
            7.650952216746129,
            7.71269528870844,
            7.658518881720336,
            7.894086937557909,
            7.900016249806573,
            7.868212623456046,
            7.705986360541883,
            7.730634004335646,
            7.614036020811029,
            7.79817271628795,
            7.669437795452301,
            7.64630460114736,
            7.8360144442393995,
            7.779304663155913,
            7.80777767604132,
            7.75972163930759,
            7.826620125362382,
            7.936222286112258,
            7.849514132062168,
            7.6819799677045175,
            7.797512730726138,
            7.718153836562488,
            7.8124011267592595,
            7.709082804318072,
            7.72749246869909,
            7.849693821146807,
            7.718039963874287,
            7.655651203423799,
            7.502601237167318,
            7.3230588920714625,
            7.514368875428456,
            7.458244180109859,
            7.267991606070793,
            7.364600919615518,
            7.358794130041888,
            7.229736102035429,
            7.05779344099735,
            7.003813093197373,
            7.058953966291961,
            6.957276023817387,
            6.965782242894992,
            6.970245514801022,
            6.928467630420316,
            6.92971724462956,
            6.925697929769583,
            6.849314050730241,
            6.868619100980448,
            6.920838502579221,
            7.083527613311852,
            7.102316562675678,
            7.281138798574226,
            7.0806755282121925,
            7.232804521203204,
            7.042005736358113,
            7.040132614565608,
            7.032705044015679,
            6.935238828391626,
            6.833004981309078,
            6.712436912212561,
            6.738538216605442,
            6.730234812091408,
            6.59938112767311,
            6.507626966493255,
            6.596930858529218,
            6.572367067763167,
            6.464311404145858,
            6.514729083953257,
            6.396111676659871,
            6.592505338066612,
            6.624343433096345,
            6.777764028996413,
            6.610501198018331,
            6.76265489394172,
            6.8684626733874,
            6.9836492953272264,
            6.8666525695131595,
            6.787444768907718,
            6.6794957905319,
            6.6126184856171015,
            6.743622120883729,
            6.713603561560812,
            6.69858143205513,
            6.544124956925346,
            6.586298936875581,
            6.477563732510831
        ],
        [
            7.362310353050865,
            7.342932832314586,
            7.475033751727074,
            7.428334527201362,
            7.375761102900134,
            7.3343250944609295,
            7.220494674317608,
            7.357581552412371,
            7.356682764060803,
            7.534415305285311,
            7.585598308264664,
            7.5034229056595985,
            7.643136073438172,
            7.528716581059734,
            7.495097462774088,
            7.3843666190295565,
            7.448429642567892,
            7.41466660020778,
            7.600020131398936,
            7.611045665472454,
            7.613862869296499,
            7.459874000606138,
            7.436718569954367,
            7.340657947726481,
            7.502437637597371,
            7.363896677899556,
            7.398386160418795,
            7.568281086390421,
            7.503742325298564,
            7.508682956693173,
            7.480365210557863,
            7.536570866656794,
            7.671978199774232,
            7.5375492200962615,
            7.442609319436115,
            7.501802681089051,
            7.432866216412341,
            7.5394357707182325,
            7.456885090052158,
            7.422593671513856,
            7.601280152470418,
            7.422382852120668,
            7.377829596248835,
            7.252794977009628,
            7.079940149376342,
            7.253268002657652,
            7.194054603846589,
            7.043643061825807,
            7.071908016730291,
            7.085374922513761,
            6.94655200682939,
            6.809831572038283,
            6.7903479089496095,
            6.7844865340889395,
            6.739810273163235,
            6.751440568801604,
            6.746954044099083,
            6.694423440343615,
            6.675572032291852,
            6.662385824413137,
            6.583653811298602,
            6.624653113828394,
            6.675685173293078,
            6.803359908253487,
            6.852105112702878,
            6.994547956686785,
            6.829860373561607,
            6.961981878818099,
            6.812314097513228,
            6.775172252800902,
            6.814934688348432,
            6.662262857255294,
            6.611456399501015,
            6.492192854065073,
            6.525288497821066,
            6.485996327019896,
            6.387329367252619,
            6.291579805144377,
            6.348017425917606,
            6.370131035837607,
            6.262883332486671,
            6.297814968840649,
            6.198676343590909,
            6.329237942969968,
            6.379486539452592,
            6.515528173020291,
            6.406448083913688,
            6.51333579508389,
            6.619869260489792,
            6.749093045981504,
            6.628721087498196,
            6.518338755014009,
            6.468114545346961,
            6.370102771077979,
            6.517780494583326,
            6.448709139600541,
            6.491809455112725,
            6.3383001916022685,
            6.331470982990334,
            6.251237605391354
        ]
    ],
    "angle": 89848.8,
    "fluctuation": 1399.840038,
    "buy_difference": 1.036619659
}