{
    "id": 98,
    "name": "Snap-On Inc",
    "record": [
        [
            8.004312337657336,
            7.959753430987857,
            7.85304038022397,
            7.920709496125496,
            7.821685334186119,
            7.700785836459394,
            7.6830690490516895,
            7.709608491495622,
            7.637004021809928,
            7.647373457194116,
            7.657710189651529,
            7.795969376173564,
            7.7302761939780735,
            7.782932456846745,
            7.713352078779782,
            7.663179732603579,
            7.698736690935471,
            7.519689042566582,
            7.6104966002110155,
            7.545725505254613,
            7.734718747468084,
            7.564590079039253,
            7.578810877178586,
            7.638535399537046,
            7.687680656451527,
            7.627285275900162,
            7.662652557569752,
            7.6534032833322305,
            7.456344140405465,
            7.379402104296124,
            7.409934003083734,
            7.271123633310288,
            7.2171892875629045,
            7.280947854076294,
            7.2493873512030556,
            7.312247484348426,
            7.311714452018388,
            7.319223706736161,
            7.493827138062728,
            7.4043729929384785,
            7.535794057907542,
            7.667836921106467,
            7.662331997381867,
            7.502562080317271,
            7.595684049094049,
            7.738095601554675,
            7.703648142934461,
            7.587029285984768,
            7.612814247921834,
            7.512989581082805,
            7.3606205760362995,
            7.319338380473359,
            7.176268162926665,
            7.108294819916549,
            7.1653625423060054,
            7.222996591696702,
            7.256128955320593,
            7.142976770697144,
            7.250759399006881,
            7.1605741388748925,
            7.064471785681725,
            6.927220148454501,
            6.853932254920281,
            6.895922507114669,
            6.7455748685111745,
            6.810416547599478,
            6.829344468303448,
            6.879512973900437,
            6.9963022495754545,
            6.934430346131377,
            7.014974334920668,
            7.10206108713205,
            7.1837668715516845,
            7.0985748459024185,
            7.0585920783906,
            7.173573791482304,
            7.079039184410047,
            7.108911694062497,
            7.097792758407627,
            7.287546708155625,
            7.37973634863308,
            7.301454567445877,
            7.3735904920198525,
            7.491225454474241,
            7.405364672110386,
            7.32571181203932,
            7.211477277902775,
            7.114952602809203,
            7.138982936192065,
            7.210864392615136,
            7.335316876743099,
            7.464948690741773,
            7.4764320974847704,
            7.342857746558805,
            7.346994247427609,
            7.282827931558794,
            7.155551616104204,
            7.23886730432772,
            7.352291372451517,
            7.217286793438399
        ],
        [
            7.890646423116787,
            7.854551337133936,
            7.789674141012007,
            7.858373954627338,
            7.7121506465384435,
            7.585380022121363,
            7.611910693326844,
            7.6297947417544965,
            7.578422081879009,
            7.597862351561487,
            7.595158117085028,
            7.697541281849887,
            7.670978781753101,
            7.700047525346377,
            7.612926156839287,
            7.561142774956011,
            7.581095866553628,
            7.452284030585334,
            7.520418117795533,
            7.498379404222054,
            7.62412108779983,
            7.496031251820986,
            7.474168057174035,
            7.527812142476022,
            7.617242840142926,
            7.533996289856041,
            7.58484325445664,
            7.544720482505619,
            7.402862811219629,
            7.300084153311602,
            7.3317549626685246,
            7.1908111975163465,
            7.162546505500087,
            7.176838600835377,
            7.20317670409009,
            7.252517326907461,
            7.209321383970711,
            7.236932310613409,
            7.379317441512812,
            7.335060863162806,
            7.462261112636143,
            7.57405194969837,
            7.578456507759111,
            7.433075527749472,
            7.521566707883697,
            7.675656852587085,
            7.623896097723333,
            7.5122440434879865,
            7.522708333631727,
            7.426291751599686,
            7.307092115660053,
            7.2139610197890836,
            7.112654413215434,
            7.04457746474528,
            7.059387241857346,
            7.111917043378735,
            7.145251414446916,
            7.089607460069377,
            7.2016451630886245,
            7.115644692873416,
            7.000445593187181,
            6.878915457858875,
            6.763345526248076,
            6.795963685103524,
            6.655091910975864,
            6.759531986736228,
            6.72699828227812,
            6.768997241009147,
            6.894888387894155,
            6.835275898186428,
            6.9402678318833395,
            7.037694218091063,
            7.117946128740583,
            7.049075269701175,
            6.946582076476403,
            7.070999864918372,
            7.010665292099213,
            7.051549834561931,
            7.046175654319397,
            7.1754744696585755,
            7.279294291301409,
            7.1956174155961,
            7.296525060046568,
            7.44347322947237,
            7.352987323821016,
            7.239004066499643,
            7.148267964870865,
            7.00693014419844,
            7.0340986752781784,
            7.1577063552399895,
            7.223948747122397,
            7.375855782419295,
            7.3651222258921605,
            7.251598710069876,
            7.283327272850041,
            7.216822749968897,
            7.1013755051669705,
            7.172541707798594,
            7.296625705511131,
            7.160487149336245
        ]
    ],
    "angle": 89736.7,
    "fluctuation": 1215.920612,
    "buy_difference": 1.011371033
}