{
    "id": 99,
    "name": "Storage Technology Corporation",
    "record": [
        [
            11.997367553322576,
            12.070514365152844,
            12.084775607779378,
            11.875008119590309,
            11.727741506365927,
            11.786462887798605,
            11.870002280245927,
            11.853246308850386,
            11.959434874860243,
            12.004198968048147,
            11.779554295199603,
            12.000295523356339,
            11.881198142708536,
            11.644903669623138,
            11.63727757518473,
            11.53502574315691,
            11.689555483582208,
            11.753455989824863,
            11.788854338164482,
            11.81073810596666,
            11.696359855385458,
            11.841476571346682,
            11.898869220905663,
            12.00289238899459,
            12.236913961136247,
            12.051278079871786,
            12.111302854142389,
            11.838313024678767,
            11.59714173276592,
            11.40137291293217,
            11.359444139482122,
            11.137169495641519,
            11.279065999471367,
            11.244076605513921,
            11.493309499002528,
            11.376218804747817,
            11.457928218738166,
            11.58189520180726,
            11.724000678141916,
            11.635503812828103,
            11.670332232087656,
            11.545554962353297,
            11.762384206378174,
            11.841734697094218,
            11.645368423923644,
            11.670508810782637,
            11.815119467356897,
            11.944225110921321,
            11.740809039168996,
            11.94558236355781,
            11.796309499823266,
            11.762465957468407,
            11.884898381229894,
            11.739673864054064,
            11.936521385023006,
            12.007676944328535,
            11.880579455608009,
            11.96416196481006,
            11.790856282826857,
            11.926198243845795,
            12.202786708559502,
            12.077991055667525,
            12.216312017845596,
            12.413214366998192,
            12.517645912149002,
            12.549494325465185,
            12.434348056270006,
            12.27495912710795,
            12.302818414139757,
            12.5087925986018,
            12.746965844095845,
            12.969412000001455,
            12.9897706559354,
            13.147172743465827,
            13.42165148838716,
            13.28479488750098,
            13.374251605452624,
            13.280342948452315,
            13.17184079226016,
            13.468142152609818,
            13.601101550193265,
            13.316847169301468,
            13.081470893352956,
            12.896884092041654,
            13.074631851132017,
            12.921781727883818,
            12.885886357376151,
            12.723799376789788,
            12.88846101113133,
            13.204050876730944,
            13.205619167588699,
            13.076983094780475,
            12.872389252079522,
            12.703119106783817,
            12.95776187537258,
            13.21100594429462,
            13.410410489876154,
            13.528812599575796,
            13.433948190528868,
            13.118280997157143
        ],
        [
            11.506848456009662,
            11.670011284385481,
            11.651038832106055,
            11.436202685791505,
            11.261709113062848,
            11.322614348023196,
            11.449706850748703,
            11.438128138941423,
            11.517509702649695,
            11.530631035278972,
            11.37271639528003,
            11.591645841137652,
            11.398835402006187,
            11.176589251055796,
            11.172611274543007,
            11.136633280143549,
            11.272261234784523,
            11.288653640312093,
            11.361187677807234,
            11.333494753475234,
            11.308271327081364,
            11.405051043054797,
            11.444300016784064,
            11.569777298578256,
            11.72258702287606,
            11.640892273281978,
            11.631188753011797,
            11.405427088337783,
            11.199973357023548,
            10.991063614548093,
            10.922209052965384,
            10.748206690438266,
            10.870981220402832,
            10.806964944117233,
            11.031091630298247,
            10.910008851417262,
            11.024609599955951,
            11.105044023089468,
            11.328169450460258,
            11.166454226781463,
            11.217769825273745,
            11.076818941989213,
            11.293848738958022,
            11.433895833460372,
            11.266891894436963,
            11.260661715509233,
            11.334309965721515,
            11.524765595798906,
            11.31601806241084,
            11.45261682810207,
            11.374065112335588,
            11.295053697543555,
            11.450308980413153,
            11.308131608203425,
            11.515024328129584,
            11.611590940020486,
            11.411888336119924,
            11.525520810969887,
            11.295277493054183,
            11.510832663287498,
            11.700372110237941,
            11.650331117753828,
            11.810971329723182,
            11.900950780266568,
            12.035830611489944,
            12.049605605074637,
            11.979667191698576,
            11.826106561357381,
            11.844650068158922,
            12.05983735562722,
            12.241652904432444,
            12.444109120832662,
            12.464885450598272,
            12.684196673689828,
            12.876748144555348,
            12.8530367085468,
            12.896817002848016,
            12.81524574918053,
            12.739912847597008,
            12.918776598499258,
            13.063232181220897,
            12.819633490482566,
            12.6347359633608,
            12.435245057899214,
            12.582687383366704,
            12.47299239537698,
            12.450826998661162,
            12.289279002883465,
            12.439581747099808,
            12.654110889515767,
            12.74697181257474,
            12.553578761071478,
            12.384340522498592,
            12.272998687873763,
            12.52781967125915,
            12.712659524254981,
            12.90196301562925,
            12.96018616445215,
            12.869308979733997,
            12.674103431754029
        ]
    ],
    "angle": 90801.1,
    "fluctuation": 1168.299524,
    "buy_difference": 1.038681459
}